{
  "cost_convention": {
    "double_charge": false,
    "flat_cost_cell": "applied_exactly_once_by_metrics_layer",
    "primary_cell_pips": 0.5,
    "signal_pnl": "raw_gross_of_flat_cell",
    "spread": "embedded_once_by_b2_ask_entry_bid_exit_geometry"
  },
  "diagnostics": {
    "pair_contribution": {
      "classification": "NON_DECISION_EXPLORATORY",
      "value": {
        "AUD_CAD": {
          "n_trades": 1501.0,
          "pnl_pips": -4511.492857142875,
          "positive_pnl_pips": 928.5571428571499,
          "positive_pnl_share": 0.2300011986785314,
          "trade_share": 0.18572135609997525
        },
        "AUD_JPY": {
          "n_trades": 19.0,
          "pnl_pips": -64.68035714285548,
          "positive_pnl_pips": 18.79464285714267,
          "positive_pnl_share": 0.004655384344550494,
          "trade_share": 0.0023509032417718388
        },
        "AUD_NZD": {
          "n_trades": 1944.0,
          "pnl_pips": -5721.173214285477,
          "positive_pnl_pips": 97.28035714284856,
          "positive_pnl_share": 0.024096092440670538,
          "trade_share": 0.24053452115812918
        },
        "AUD_USD": {
          "n_trades": 531.0,
          "pnl_pips": -952.1785714285958,
          "positive_pnl_pips": 675.0964285714515,
          "positive_pnl_share": 0.16721963638905177,
          "trade_share": 0.06570155902004454
        },
        "CHF_JPY": {
          "n_trades": 2332.0,
          "pnl_pips": -10601.301785714406,
          "positive_pnl_pips": 361.01964285715655,
          "positive_pnl_share": 0.08942363024438603,
          "trade_share": 0.2885424399901015
        },
        "EUR_AUD": {
          "n_trades": 381.0,
          "pnl_pips": -1850.0000000000275,
          "positive_pnl_pips": 518.3000000000106,
          "positive_pnl_share": 0.12838156724343305,
          "trade_share": 0.04714179658500371
        },
        "EUR_CAD": {
          "n_trades": 37.0,
          "pnl_pips": -197.35714285713718,
          "positive_pnl_pips": 44.0214285714293,
          "positive_pnl_share": 0.01090399381110326,
          "trade_share": 0.0045780747339767384
        },
        "EUR_CHF": {
          "n_trades": 182.0,
          "pnl_pips": -395.1375000000132,
          "positive_pnl_pips": 82.7482142857184,
          "positive_pnl_share": 0.020496518303291043,
          "trade_share": 0.022519178421182874
        },
        "EUR_GBP": {
          "n_trades": 40.0,
          "pnl_pips": -69.35535714285876,
          "positive_pnl_pips": 27.308928571430165,
          "positive_pnl_share": 0.0067643508580727384,
          "trade_share": 0.004949269982677555
        },
        "EUR_JPY": {
          "n_trades": 20.0,
          "pnl_pips": -125.37678571428711,
          "positive_pnl_pips": 9.201785714285904,
          "positive_pnl_share": 0.0022792584824198985,
          "trade_share": 0.0024746349913387774
        },
        "EUR_USD": {
          "n_trades": 66.0,
          "pnl_pips": -174.2482142857159,
          "positive_pnl_pips": 132.83392857143684,
          "positive_pnl_share": 0.03290261997511664,
          "trade_share": 0.008166295471417966
        },
        "GBP_AUD": {
          "n_trades": 150.0,
          "pnl_pips": -1221.6053571428536,
          "positive_pnl_pips": 187.2732142857161,
          "positive_pnl_share": 0.04638709001102647,
          "trade_share": 0.01855976243504083
        },
        "GBP_CHF": {
          "n_trades": 173.0,
          "pnl_pips": -625.9517857142773,
          "positive_pnl_pips": 100.60535714285396,
          "positive_pnl_share": 0.024919686326615165,
          "trade_share": 0.021405592675080427
        },
        "GBP_JPY": {
          "n_trades": 14.0,
          "pnl_pips": -67.83928571428518,
          "positive_pnl_pips": 8.542857142858297,
          "positive_pnl_share": 0.0021160435823594104,
          "trade_share": 0.0017322444939371442
        },
        "GBP_USD": {
          "n_trades": 38.0,
          "pnl_pips": -104.86071428571944,
          "positive_pnl_pips": 96.82500000000336,
          "positive_pnl_share": 0.023983301656078683,
          "trade_share": 0.0047018064835436775
        },
        "NZD_JPY": {
          "n_trades": 159.0,
          "pnl_pips": -519.0214285714352,
          "positive_pnl_pips": 186.4357142857181,
          "positive_pnl_share": 0.046179643430732976,
          "trade_share": 0.01967334818114328
        },
        "NZD_USD": {
          "n_trades": 95.0,
          "pnl_pips": -225.9500000000096,
          "positive_pnl_pips": 69.45357142857452,
          "positive_pnl_share": 0.017203469709924635,
          "trade_share": 0.011754516208859193
        },
        "USD_CAD": {
          "n_trades": 80.0,
          "pnl_pips": -85.49285714285367,
          "positive_pnl_pips": 172.76785714286282,
          "positive_pnl_share": 0.042794150625679775,
          "trade_share": 0.00989853996535511
        },
        "USD_CHF": {
          "n_trades": 297.0,
          "pnl_pips": -623.4250000000195,
          "positive_pnl_pips": 281.02500000000464,
          "positive_pnl_share": 0.06960916445029063,
          "trade_share": 0.036748329621380846
        },
        "USD_JPY": {
          "n_trades": 23.0,
          "pnl_pips": -49.85714285714237,
          "positive_pnl_pips": 39.092857142858726,
          "positive_pnl_share": 0.009683199436665516,
          "trade_share": 0.0028458302400395943
        }
      }
    },
    "per_pair_data_summary": {
      "classification": "NON_DECISION_EXPLORATORY",
      "value": [
        {
          "model_classes": [
            0,
            1,
            2
          ],
          "n_common_window_bars": 363370,
          "n_holdout_labeled": 56668,
          "n_train_labeled": 250875,
          "n_val_labeled": 55772,
          "pair": "AUD_CAD",
          "pip_size": 0.0001,
          "pip_size_kind": "non_jpy"
        },
        {
          "model_classes": [
            0,
            1,
            2
          ],
          "n_common_window_bars": 369974,
          "n_holdout_labeled": 57351,
          "n_train_labeled": 256204,
          "n_val_labeled": 56364,
          "pair": "AUD_JPY",
          "pip_size": 0.01,
          "pip_size_kind": "jpy_cross"
        },
        {
          "model_classes": [
            0,
            1,
            2
          ],
          "n_common_window_bars": 368610,
          "n_holdout_labeled": 57179,
          "n_train_labeled": 255171,
          "n_val_labeled": 56205,
          "pair": "AUD_NZD",
          "pip_size": 0.0001,
          "pip_size_kind": "non_jpy"
        },
        {
          "model_classes": [
            0,
            1,
            2
          ],
          "n_common_window_bars": 368387,
          "n_holdout_labeled": 57216,
          "n_train_labeled": 254956,
          "n_val_labeled": 56160,
          "pair": "AUD_USD",
          "pip_size": 0.0001,
          "pip_size_kind": "non_jpy"
        },
        {
          "model_classes": [
            0,
            1,
            2
          ],
          "n_common_window_bars": 367401,
          "n_holdout_labeled": 57161,
          "n_train_labeled": 253956,
          "n_val_labeled": 56229,
          "pair": "CHF_JPY",
          "pip_size": 0.01,
          "pip_size_kind": "jpy_cross"
        },
        {
          "model_classes": [
            0,
            1,
            2
          ],
          "n_common_window_bars": 369941,
          "n_holdout_labeled": 57363,
          "n_train_labeled": 256149,
          "n_val_labeled": 56374,
          "pair": "EUR_AUD",
          "pip_size": 0.0001,
          "pip_size_kind": "non_jpy"
        },
        {
          "model_classes": [
            0,
            1,
            2
          ],
          "n_common_window_bars": 369150,
          "n_holdout_labeled": 57250,
          "n_train_labeled": 255610,
          "n_val_labeled": 56235,
          "pair": "EUR_CAD",
          "pip_size": 0.0001,