=== C2: H40 TP3.0 SL1.0 fk1.0 ct=0.40 ===

=== Feature group 1/3 [365d spread=False] ===
Loading candle data ...
  loaded 20 pairs
Building features ...
  AUD_CAD [365d] spread=False
  AUD_JPY [365d] spread=False
  AUD_NZD [365d] spread=False
  AUD_USD [365d] spread=False
  CHF_JPY [365d] spread=False
  EUR_AUD [365d] spread=False
  EUR_CAD [365d] spread=False
  EUR_CHF [365d] spread=False
  EUR_GBP [365d] spread=False
  EUR_JPY [365d] spread=False
  EUR_USD [365d] spread=False
  GBP_AUD [365d] spread=False
  GBP_CHF [365d] spread=False
  GBP_JPY [365d] spread=False
  GBP_USD [365d] spread=False
  NZD_JPY [365d] spread=False
  NZD_USD [365d] spread=False
  USD_CAD [365d] spread=False
  USD_CHF [365d] spread=False
  USD_JPY [365d] spread=False

[A_baseline] ベースライン: 45特徴量, 正則化なし, 固定80/20, 365d
.\.venv\Scripts\python.exe : C:\Users\yukik\fx-ai-trading\.venv\Lib\site-packages\sklearn\utils\validation.py:2691: UserWarning: X does not have valid featu
re names, but LGBMClassifier was fitted with feature names
At line:9 char:1
+ .\.venv\Scripts\python.exe scripts\compare_prod_ablation.py --horizon ...
+ ~~~~~~~~~~~~~~~~~~~~~~~~~~~~~~~~~~~~~~~~~~~~~~~~~~~~~~~~~~~~~~~~~~~~~
    + CategoryInfo          : NotSpecified: (C:\Users\yukik\...h feature names:String) [], RemoteException
    + FullyQualifiedErrorId : NativeCommandError
 
  warnings.warn(
C:\Users\yukik\fx-ai-trading\.venv\Lib\site-packages\sklearn\utils\validation.py:2691: UserWarning: X does not have valid feature names, but LGBMClassifier 
was fitted with feature names
  warnings.warn(
C:\Users\yukik\fx-ai-trading\.venv\Lib\site-packages\sklearn\utils\validation.py:2691: UserWarning: X does not have valid feature names, but LGBMClassifier 
was fitted with feature names
  warnings.warn(
C:\Users\yukik\fx-ai-trading\.venv\Lib\site-packages\sklearn\utils\validation.py:2691: UserWarning: X does not have valid feature names, but LGBMClassifier 
was fitted with feature names
  warnings.warn(
C:\Users\yukik\fx-ai-trading\.venv\Lib\site-packages\sklearn\utils\validation.py:2691: UserWarning: X does not have valid feature names, but LGBMClassifier 
was fitted with feature names
  warnings.warn(
C:\Users\yukik\fx-ai-trading\.venv\Lib\site-packages\sklearn\utils\validation.py:2691: UserWarning: X does not have valid feature names, but LGBMClassifier 
was fitted with feature names
  warnings.warn(
C:\Users\yukik\fx-ai-trading\.venv\Lib\site-packages\sklearn\utils\validation.py:2691: UserWarning: X does not have valid feature names, but LGBMClassifier 
was fitted with feature names
  warnings.warn(
C:\Users\yukik\fx-ai-trading\.venv\Lib\site-packages\sklearn\utils\validation.py:2691: UserWarning: X does not have valid feature names, but LGBMClassifier 
was fitted with feature names
  warnings.warn(
C:\Users\yukik\fx-ai-trading\.venv\Lib\site-packages\sklearn\utils\validation.py:2691: UserWarning: X does not have valid feature names, but LGBMClassifier 
was fitted with feature names
  warnings.warn(
C:\Users\yukik\fx-ai-trading\.venv\Lib\site-packages\sklearn\utils\validation.py:2691: UserWarning: X does not have valid feature names, but LGBMClassifier 
was fitted with feature names
  warnings.warn(
C:\Users\yukik\fx-ai-trading\.venv\Lib\site-packages\sklearn\utils\validation.py:2691: UserWarning: X does not have valid feature names, but LGBMClassifier 
was fitted with feature names
  warnings.warn(
C:\Users\yukik\fx-ai-trading\.venv\Lib\site-packages\sklearn\utils\validation.py:2691: UserWarning: X does not have valid feature names, but LGBMClassifier 
was fitted with feature names
  warnings.warn(
C:\Users\yukik\fx-ai-trading\.venv\Lib\site-packages\sklearn\utils\validation.py:2691: UserWarning: X does not have valid feature names, but LGBMClassifier 
was fitted with feature names
  warnings.warn(
C:\Users\yukik\fx-ai-trading\.venv\Lib\site-packages\sklearn\utils\validation.py:2691: UserWarning: X does not have valid feature names, but LGBMClassifier 
was fitted with feature names
  warnings.warn(
C:\Users\yukik\fx-ai-trading\.venv\Lib\site-packages\sklearn\utils\validation.py:2691: UserWarning: X does not have valid feature names, but LGBMClassifier 
was fitted with feature names
  warnings.warn(
C:\Users\yukik\fx-ai-trading\.venv\Lib\site-packages\sklearn\utils\validation.py:2691: UserWarning: X does not have valid feature names, but LGBMClassifier 
was fitted with feature names
  warnings.warn(
C:\Users\yukik\fx-ai-trading\.venv\Lib\site-packages\sklearn\utils\validation.py:2691: UserWarning: X does not have valid feature names, but LGBMClassifier 
was fitted with feature names
  warnings.warn(
C:\Users\yukik\fx-ai-trading\.venv\Lib\site-packages\sklearn\utils\validation.py:2691: UserWarning: X does not have valid feature names, but LGBMClassifier 
was fitted with feature names
  warnings.warn(
C:\Users\yukik\fx-ai-trading\.venv\Lib\site-packages\sklearn\utils\validation.py:2691: UserWarning: X does not have valid feature names, but LGBMClassifier 
was fitted with feature names
  warnings.warn(
C:\Users\yukik\fx-ai-trading\.venv\Lib\site-packages\sklearn\utils\validation.py:2691: UserWarning: X does not have valid feature names, but LGBMClassifier 
was fitted with feature names
  warnings.warn(
  n=269  hit=14.1%  PnL=145pip  Sharpe=0.0960  MaxDD=-62.4pip
  [group 1 done - memory released]

=== Feature group 2/3 [730d spread=False] ===
Loading candle data ...
  loaded 20 pairs
Building features ...
  AUD_CAD [730d] spread=False
  AUD_JPY [730d] spread=False
  AUD_NZD [730d] spread=False
  AUD_USD [730d] spread=False
  CHF_JPY [730d] spread=False
  EUR_AUD [730d] spread=False
  EUR_CAD [730d] spread=False
  EUR_CHF [730d] spread=False
  EUR_GBP [730d] spread=False
  EUR_JPY [730d] spread=False
  EUR_USD [730d] spread=False
  GBP_AUD [730d] spread=False
  GBP_CHF [730d] spread=False
  GBP_JPY [730d] spread=False
  GBP_USD [730d] spread=False
  NZD_JPY [730d] spread=False
  NZD_USD [730d] spread=False
  USD_CAD [730d] spread=False
  USD_CHF [730d] spread=False
  USD_JPY [730d] spread=False

[B_wf90_base] WFベースライン: 45特徴量, 正則化なし, WF90d/90d
    8 folds
    fold   1/8 train [2024-04-30→2024-07-29] test [2024-07-29→2024-10-27]
C:\Users\yukik\fx-ai-trading\.venv\Lib\site-packages\sklearn\utils\validation.py:2691: UserWarning: X does not have valid feature names, but LGBMClassifier 
was fitted with feature names
  warnings.warn(
C:\Users\yukik\fx-ai-trading\.venv\Lib\site-packages\sklearn\utils\validation.py:2691: UserWarning: X does not have valid feature names, but LGBMClassifier 
was fitted with feature names
  warnings.warn(
C:\Users\yukik\fx-ai-trading\.venv\Lib\site-packages\sklearn\utils\validation.py:2691: UserWarning: X does not have valid feature names, but LGBMClassifier 
was fitted with feature names
  warnings.warn(
C:\Users\yukik\fx-ai-trading\.venv\Lib\site-packages\sklearn\utils\validation.py:2691: UserWarning: X does not have valid feature names, but LGBMClassifier 
was fitted with feature names
  warnings.warn(
C:\Users\yukik\fx-ai-trading\.venv\Lib\site-packages\sklearn\utils\validation.py:2691: UserWarning: X does not have valid feature names, but LGBMClassifier 
was fitted with feature names
  warnings.warn(
C:\Users\yukik\fx-ai-trading\.venv\Lib\site-packages\sklearn\utils\validation.py:2691: UserWarning: X does not have valid feature names, but LGBMClassifier 
was fitted with feature names
  warnings.warn(
C:\Users\yukik\fx-ai-trading\.venv\Lib\site-packages\sklearn\utils\validation.py:2691: UserWarning: X does not have valid feature names, but LGBMClassifier 
was fitted with feature names
  warnings.warn(
C:\Users\yukik\fx-ai-trading\.venv\Lib\site-packages\sklearn\utils\validation.py:2691: UserWarning: X does not have valid feature names, but LGBMClassifier 
was fitted with feature names
  warnings.warn(
C:\Users\yukik\fx-ai-trading\.venv\Lib\site-packages\sklearn\utils\validation.py:2691: UserWarning: X does not have valid feature names, but LGBMClassifier 
was fitted with feature names
  warnings.warn(
C:\Users\yukik\fx-ai-trading\.venv\Lib\site-packages\sklearn\utils\validation.py:2691: UserWarning: X does not have valid feature names, but LGBMClassifier 
was fitted with feature names
  warnings.warn(
C:\Users\yukik\fx-ai-trading\.venv\Lib\site-packages\sklearn\utils\validation.py:2691: UserWarning: X does not have valid feature names, but LGBMClassifier 
was fitted with feature names
  warnings.warn(
C:\Users\yukik\fx-ai-trading\.venv\Lib\site-packages\sklearn\utils\validation.py:2691: UserWarning: X does not have valid feature names, but LGBMClassifier 
was fitted with feature names
  warnings.warn(
C:\Users\yukik\fx-ai-trading\.venv\Lib\site-packages\sklearn\utils\validation.py:2691: UserWarning: X does not have valid feature names, but LGBMClassifier 
was fitted with feature names
  warnings.warn(
C:\Users\yukik\fx-ai-trading\.venv\Lib\site-packages\sklearn\utils\validation.py:2691: UserWarning: X does not have valid feature names, but LGBMClassifier 
was fitted with feature names
  warnings.warn(
C:\Users\yukik\fx-ai-trading\.venv\Lib\site-packages\sklearn\utils\validation.py:2691: UserWarning: X does not have valid feature names, but LGBMClassifier 
was fitted with feature names
  warnings.warn(
C:\Users\yukik\fx-ai-trading\.venv\Lib\site-packages\sklearn\utils\validation.py:2691: UserWarning: X does not have valid feature names, but LGBMClassifier 
was fitted with feature names
  warnings.warn(
C:\Users\yukik\fx-ai-trading\.venv\Lib\site-packages\sklearn\utils\validation.py:2691: UserWarning: X does not have valid feature names, but LGBMClassifier 
was fitted with feature names
  warnings.warn(
C:\Users\yukik\fx-ai-trading\.venv\Lib\site-packages\sklearn\utils\validation.py:2691: UserWarning: X does not have valid feature names, but LGBMClassifier 
was fitted with feature names
  warnings.warn(
C:\Users\yukik\fx-ai-trading\.venv\Lib\site-packages\sklearn\utils\validation.py:2691: UserWarning: X does not have valid feature names, but LGBMClassifier 
was fitted with feature names
  warnings.warn(
C:\Users\yukik\fx-ai-trading\.venv\Lib\site-packages\sklearn\utils\validation.py:2691: UserWarning: X does not have valid feature names, but LGBMClassifier 
was fitted with feature names
  warnings.warn(
    fold   2/8 train [2024-07-29→2024-10-27] test [2024-10-27→2025-01-25]
C:\Users\yukik\fx-ai-trading\.venv\Lib\site-packages\sklearn\utils\validation.py:2691: UserWarning: X does not have valid feature names, but LGBMClassifier 
was fitted with feature names
  warnings.warn(
C:\Users\yukik\fx-ai-trading\.venv\Lib\site-packages\sklearn\utils\validation.py:2691: UserWarning: X does not have valid feature names, but LGBMClassifier 
was fitted with feature names
  warnings.warn(
C:\Users\yukik\fx-ai-trading\.venv\Lib\site-packages\sklearn\utils\validation.py:2691: UserWarning: X does not have valid feature names, but LGBMClassifier 
was fitted with feature names
  warnings.warn(
C:\Users\yukik\fx-ai-trading\.venv\Lib\site-packages\sklearn\utils\validation.py:2691: UserWarning: X does not have valid feature names, but LGBMClassifier 
was fitted with feature names
  warnings.warn(
C:\Users\yukik\fx-ai-trading\.venv\Lib\site-packages\sklearn\utils\validation.py:2691: UserWarning: X does not have valid feature names, but LGBMClassifier 
was fitted with feature names
  warnings.warn(
C:\Users\yukik\fx-ai-trading\.venv\Lib\site-packages\sklearn\utils\validation.py:2691: UserWarning: X does not have valid feature names, but LGBMClassifier 
was fitted with feature names
  warnings.warn(
C:\Users\yukik\fx-ai-trading\.venv\Lib\site-packages\sklearn\utils\validation.py:2691: UserWarning: X does not have valid feature names, but LGBMClassifier 
was fitted with feature names
  warnings.warn(
C:\Users\yukik\fx-ai-trading\.venv\Lib\site-packages\sklearn\utils\validation.py:2691: UserWarning: X does not have valid feature names, but LGBMClassifier 
was fitted with feature names
  warnings.warn(
C:\Users\yukik\fx-ai-trading\.venv\Lib\site-packages\sklearn\utils\validation.py:2691: UserWarning: X does not have valid feature names, but LGBMClassifier 
was fitted with feature names
  warnings.warn(
C:\Users\yukik\fx-ai-trading\.venv\Lib\site-packages\sklearn\utils\validation.py:2691: UserWarning: X does not have valid feature names, but LGBMClassifier 
was fitted with feature names
  warnings.warn(
C:\Users\yukik\fx-ai-trading\.venv\Lib\site-packages\sklearn\utils\validation.py:2691: UserWarning: X does not have valid feature names, but LGBMClassifier 
was fitted with feature names
  warnings.warn(
C:\Users\yukik\fx-ai-trading\.venv\Lib\site-packages\sklearn\utils\validation.py:2691: UserWarning: X does not have valid feature names, but LGBMClassifier 
was fitted with feature names
  warnings.warn(
C:\Users\yukik\fx-ai-trading\.venv\Lib\site-packages\sklearn\utils\validation.py:2691: UserWarning: X does not have valid feature names, but LGBMClassifier 
was fitted with feature names
  warnings.warn(
C:\Users\yukik\fx-ai-trading\.venv\Lib\site-packages\sklearn\utils\validation.py:2691: UserWarning: X does not have valid feature names, but LGBMClassifier 
was fitted with feature names
  warnings.warn(
C:\Users\yukik\fx-ai-trading\.venv\Lib\site-packages\sklearn\utils\validation.py:2691: UserWarning: X does not have valid feature names, but LGBMClassifier 
was fitted with feature names
  warnings.warn(
C:\Users\yukik\fx-ai-trading\.venv\Lib\site-packages\sklearn\utils\validation.py:2691: UserWarning: X does not have valid feature names, but LGBMClassifier 
was fitted with feature names
  warnings.warn(
C:\Users\yukik\fx-ai-trading\.venv\Lib\site-packages\sklearn\utils\validation.py:2691: UserWarning: X does not have valid feature names, but LGBMClassifier 
was fitted with feature names
  warnings.warn(
C:\Users\yukik\fx-ai-trading\.venv\Lib\site-packages\sklearn\utils\validation.py:2691: UserWarning: X does not have valid feature names, but LGBMClassifier 
was fitted with feature names
  warnings.warn(
C:\Users\yukik\fx-ai-trading\.venv\Lib\site-packages\sklearn\utils\validation.py:2691: UserWarning: X does not have valid feature names, but LGBMClassifier 
was fitted with feature names
  warnings.warn(
C:\Users\yukik\fx-ai-trading\.venv\Lib\site-packages\sklearn\utils\validation.py:2691: UserWarning: X does not have valid feature names, but LGBMClassifier 
was fitted with feature names
  warnings.warn(
    fold   3/8 train [2024-10-27→2025-01-25] test [2025-01-25→2025-04-25]
C:\Users\yukik\fx-ai-trading\.venv\Lib\site-packages\sklearn\utils\validation.py:2691: UserWarning: X does not have valid feature names, but LGBMClassifier 
was fitted with feature names
  warnings.warn(
C:\Users\yukik\fx-ai-trading\.venv\Lib\site-packages\sklearn\utils\validation.py:2691: UserWarning: X does not have valid feature names, but LGBMClassifier 
was fitted with feature names
  warnings.warn(
C:\Users\yukik\fx-ai-trading\.venv\Lib\site-packages\sklearn\utils\validation.py:2691: UserWarning: X does not have valid feature names, but LGBMClassifier 
was fitted with feature names
  warnings.warn(
C:\Users\yukik\fx-ai-trading\.venv\Lib\site-packages\sklearn\utils\validation.py:2691: UserWarning: X does not have valid feature names, but LGBMClassifier 
was fitted with feature names
  warnings.warn(
C:\Users\yukik\fx-ai-trading\.venv\Lib\site-packages\sklearn\utils\validation.py:2691: UserWarning: X does not have valid feature names, but LGBMClassifier 
was fitted with feature names
  warnings.warn(
C:\Users\yukik\fx-ai-trading\.venv\Lib\site-packages\sklearn\utils\validation.py:2691: UserWarning: X does not have valid feature names, but LGBMClassifier 
was fitted with feature names
  warnings.warn(
C:\Users\yukik\fx-ai-trading\.venv\Lib\site-packages\sklearn\utils\validation.py:2691: UserWarning: X does not have valid feature names, but LGBMClassifier 
was fitted with feature names
  warnings.warn(
C:\Users\yukik\fx-ai-trading\.venv\Lib\site-packages\sklearn\utils\validation.py:2691: UserWarning: X does not have valid feature names, but LGBMClassifier 
was fitted with feature names
  warnings.warn(
C:\Users\yukik\fx-ai-trading\.venv\Lib\site-packages\sklearn\utils\validation.py:2691: UserWarning: X does not have valid feature names, but LGBMClassifier 
was fitted with feature names
  warnings.warn(
C:\Users\yukik\fx-ai-trading\.venv\Lib\site-packages\sklearn\utils\validation.py:2691: UserWarning: X does not have valid feature names, but LGBMClassifier 
was fitted with feature names
  warnings.warn(
C:\Users\yukik\fx-ai-trading\.venv\Lib\site-packages\sklearn\utils\validation.py:2691: UserWarning: X does not have valid feature names, but LGBMClassifier 
was fitted with feature names
  warnings.warn(
C:\Users\yukik\fx-ai-trading\.venv\Lib\site-packages\sklearn\utils\validation.py:2691: UserWarning: X does not have valid feature names, but LGBMClassifier 
was fitted with feature names
  warnings.warn(
C:\Users\yukik\fx-ai-trading\.venv\Lib\site-packages\sklearn\utils\validation.py:2691: UserWarning: X does not have valid feature names, but LGBMClassifier 
was fitted with feature names
  warnings.warn(
C:\Users\yukik\fx-ai-trading\.venv\Lib\site-packages\sklearn\utils\validation.py:2691: UserWarning: X does not have valid feature names, but LGBMClassifier 
was fitted with feature names
  warnings.warn(
C:\Users\yukik\fx-ai-trading\.venv\Lib\site-packages\sklearn\utils\validation.py:2691: UserWarning: X does not have valid feature names, but LGBMClassifier 
was fitted with feature names
  warnings.warn(
C:\Users\yukik\fx-ai-trading\.venv\Lib\site-packages\sklearn\utils\validation.py:2691: UserWarning: X does not have valid feature names, but LGBMClassifier 
was fitted with feature names
  warnings.warn(
C:\Users\yukik\fx-ai-trading\.venv\Lib\site-packages\sklearn\utils\validation.py:2691: UserWarning: X does not have valid feature names, but LGBMClassifier 
was fitted with feature names
  warnings.warn(
C:\Users\yukik\fx-ai-trading\.venv\Lib\site-packages\sklearn\utils\validation.py:2691: UserWarning: X does not have valid feature names, but LGBMClassifier 
was fitted with feature names
  warnings.warn(
C:\Users\yukik\fx-ai-trading\.venv\Lib\site-packages\sklearn\utils\validation.py:2691: UserWarning: X does not have valid feature names, but LGBMClassifier 
was fitted with feature names
  warnings.warn(
C:\Users\yukik\fx-ai-trading\.venv\Lib\site-packages\sklearn\utils\validation.py:2691: UserWarning: X does not have valid feature names, but LGBMClassifier 
was fitted with feature names
  warnings.warn(
    fold   4/8 train [2025-01-25→2025-04-25] test [2025-04-25→2025-07-24]
C:\Users\yukik\fx-ai-trading\.venv\Lib\site-packages\sklearn\utils\validation.py:2691: UserWarning: X does not have valid feature names, but LGBMClassifier 
was fitted with feature names
  warnings.warn(
C:\Users\yukik\fx-ai-trading\.venv\Lib\site-packages\sklearn\utils\validation.py:2691: UserWarning: X does not have valid feature names, but LGBMClassifier 
was fitted with feature names
  warnings.warn(
C:\Users\yukik\fx-ai-trading\.venv\Lib\site-packages\sklearn\utils\validation.py:2691: UserWarning: X does not have valid feature names, but LGBMClassifier 
was fitted with feature names
  warnings.warn(
C:\Users\yukik\fx-ai-trading\.venv\Lib\site-packages\sklearn\utils\validation.py:2691: UserWarning: X does not have valid feature names, but LGBMClassifier 
was fitted with feature names
  warnings.warn(
C:\Users\yukik\fx-ai-trading\.venv\Lib\site-packages\sklearn\utils\validation.py:2691: UserWarning: X does not have valid feature names, but LGBMClassifier 
was fitted with feature names
  warnings.warn(
C:\Users\yukik\fx-ai-trading\.venv\Lib\site-packages\sklearn\utils\validation.py:2691: UserWarning: X does not have valid feature names, but LGBMClassifier 
was fitted with feature names
  warnings.warn(
C:\Users\yukik\fx-ai-trading\.venv\Lib\site-packages\sklearn\utils\validation.py:2691: UserWarning: X does not have valid feature names, but LGBMClassifier 
was fitted with feature names
  warnings.warn(
C:\Users\yukik\fx-ai-trading\.venv\Lib\site-packages\sklearn\utils\validation.py:2691: UserWarning: X does not have valid feature names, but LGBMClassifier 
was fitted with feature names
  warnings.warn(
C:\Users\yukik\fx-ai-trading\.venv\Lib\site-packages\sklearn\utils\validation.py:2691: UserWarning: X does not have valid feature names, but LGBMClassifier 
was fitted with feature names
  warnings.warn(
C:\Users\yukik\fx-ai-trading\.venv\Lib\site-packages\sklearn\utils\validation.py:2691: UserWarning: X does not have valid feature names, but LGBMClassifier 
was fitted with feature names
  warnings.warn(
C:\Users\yukik\fx-ai-trading\.venv\Lib\site-packages\sklearn\utils\validation.py:2691: UserWarning: X does not have valid feature names, but LGBMClassifier 
was fitted with feature names
  warnings.warn(
C:\Users\yukik\fx-ai-trading\.venv\Lib\site-packages\sklearn\utils\validation.py:2691: UserWarning: X does not have valid feature names, but LGBMClassifier 
was fitted with feature names
  warnings.warn(
C:\Users\yukik\fx-ai-trading\.venv\Lib\site-packages\sklearn\utils\validation.py:2691: UserWarning: X does not have valid feature names, but LGBMClassifier 
was fitted with feature names
  warnings.warn(
C:\Users\yukik\fx-ai-trading\.venv\Lib\site-packages\sklearn\utils\validation.py:2691: UserWarning: X does not have valid feature names, but LGBMClassifier 
was fitted with feature names
  warnings.warn(
C:\Users\yukik\fx-ai-trading\.venv\Lib\site-packages\sklearn\utils\validation.py:2691: UserWarning: X does not have valid feature names, but LGBMClassifier 
was fitted with feature names
  warnings.warn(
C:\Users\yukik\fx-ai-trading\.venv\Lib\site-packages\sklearn\utils\validation.py:2691: UserWarning: X does not have valid feature names, but LGBMClassifier 
was fitted with feature names
  warnings.warn(
C:\Users\yukik\fx-ai-trading\.venv\Lib\site-packages\sklearn\utils\validation.py:2691: UserWarning: X does not have valid feature names, but LGBMClassifier 
was fitted with feature names
  warnings.warn(
C:\Users\yukik\fx-ai-trading\.venv\Lib\site-packages\sklearn\utils\validation.py:2691: UserWarning: X does not have valid feature names, but LGBMClassifier 
was fitted with feature names
  warnings.warn(
C:\Users\yukik\fx-ai-trading\.venv\Lib\site-packages\sklearn\utils\validation.py:2691: UserWarning: X does not have valid feature names, but LGBMClassifier 
was fitted with feature names
  warnings.warn(
C:\Users\yukik\fx-ai-trading\.venv\Lib\site-packages\sklearn\utils\validation.py:2691: UserWarning: X does not have valid feature names, but LGBMClassifier 
was fitted with feature names
  warnings.warn(
    fold   5/8 train [2025-04-25→2025-07-24] test [2025-07-24→2025-10-22]
C:\Users\yukik\fx-ai-trading\.venv\Lib\site-packages\sklearn\utils\validation.py:2691: UserWarning: X does not have valid feature names, but LGBMClassifier 
was fitted with feature names
  warnings.warn(
C:\Users\yukik\fx-ai-trading\.venv\Lib\site-packages\sklearn\utils\validation.py:2691: UserWarning: X does not have valid feature names, but LGBMClassifier 
was fitted with feature names
  warnings.warn(
C:\Users\yukik\fx-ai-trading\.venv\Lib\site-packages\sklearn\utils\validation.py:2691: UserWarning: X does not have valid feature names, but LGBMClassifier 
was fitted with feature names
  warnings.warn(
C:\Users\yukik\fx-ai-trading\.venv\Lib\site-packages\sklearn\utils\validation.py:2691: UserWarning: X does not have valid feature names, but LGBMClassifier 
was fitted with feature names
  warnings.warn(
C:\Users\yukik\fx-ai-trading\.venv\Lib\site-packages\sklearn\utils\validation.py:2691: UserWarning: X does not have valid feature names, but LGBMClassifier 
was fitted with feature names
  warnings.warn(
C:\Users\yukik\fx-ai-trading\.venv\Lib\site-packages\sklearn\utils\validation.py:2691: UserWarning: X does not have valid feature names, but LGBMClassifier 
was fitted with feature names
  warnings.warn(
C:\Users\yukik\fx-ai-trading\.venv\Lib\site-packages\sklearn\utils\validation.py:2691: UserWarning: X does not have valid feature names, but LGBMClassifier 
was fitted with feature names
  warnings.warn(
C:\Users\yukik\fx-ai-trading\.venv\Lib\site-packages\sklearn\utils\validation.py:2691: UserWarning: X does not have valid feature names, but LGBMClassifier 
was fitted with feature names
  warnings.warn(
C:\Users\yukik\fx-ai-trading\.venv\Lib\site-packages\sklearn\utils\validation.py:2691: UserWarning: X does not have valid feature names, but LGBMClassifier 
was fitted with feature names
  warnings.warn(
C:\Users\yukik\fx-ai-trading\.venv\Lib\site-packages\sklearn\utils\validation.py:2691: UserWarning: X does not have valid feature names, but LGBMClassifier 
was fitted with feature names
  warnings.warn(
C:\Users\yukik\fx-ai-trading\.venv\Lib\site-packages\sklearn\utils\validation.py:2691: UserWarning: X does not have valid feature names, but LGBMClassifier 
was fitted with feature names
  warnings.warn(
C:\Users\yukik\fx-ai-trading\.venv\Lib\site-packages\sklearn\utils\validation.py:2691: UserWarning: X does not have valid feature names, but LGBMClassifier 
was fitted with feature names
  warnings.warn(
C:\Users\yukik\fx-ai-trading\.venv\Lib\site-packages\sklearn\utils\validation.py:2691: UserWarning: X does not have valid feature names, but LGBMClassifier 
was fitted with feature names
  warnings.warn(
C:\Users\yukik\fx-ai-trading\.venv\Lib\site-packages\sklearn\utils\validation.py:2691: UserWarning: X does not have valid feature names, but LGBMClassifier 
was fitted with feature names
  warnings.warn(
C:\Users\yukik\fx-ai-trading\.venv\Lib\site-packages\sklearn\utils\validation.py:2691: UserWarning: X does not have valid feature names, but LGBMClassifier 
was fitted with feature names
  warnings.warn(
C:\Users\yukik\fx-ai-trading\.venv\Lib\site-packages\sklearn\utils\validation.py:2691: UserWarning: X does not have valid feature names, but LGBMClassifier 
was fitted with feature names
  warnings.warn(
C:\Users\yukik\fx-ai-trading\.venv\Lib\site-packages\sklearn\utils\validation.py:2691: UserWarning: X does not have valid feature names, but LGBMClassifier 
was fitted with feature names
  warnings.warn(
C:\Users\yukik\fx-ai-trading\.venv\Lib\site-packages\sklearn\utils\validation.py:2691: UserWarning: X does not have valid feature names, but LGBMClassifier 
was fitted with feature names
  warnings.warn(
C:\Users\yukik\fx-ai-trading\.venv\Lib\site-packages\sklearn\utils\validation.py:2691: UserWarning: X does not have valid feature names, but LGBMClassifier 
was fitted with feature names
  warnings.warn(
C:\Users\yukik\fx-ai-trading\.venv\Lib\site-packages\sklearn\utils\validation.py:2691: UserWarning: X does not have valid feature names, but LGBMClassifier 
was fitted with feature names
  warnings.warn(
    fold   6/8 train [2025-07-24→2025-10-22] test [2025-10-22→2026-01-20]
C:\Users\yukik\fx-ai-trading\.venv\Lib\site-packages\sklearn\utils\validation.py:2691: UserWarning: X does not have valid feature names, but LGBMClassifier 
was fitted with feature names
  warnings.warn(
C:\Users\yukik\fx-ai-trading\.venv\Lib\site-packages\sklearn\utils\validation.py:2691: UserWarning: X does not have valid feature names, but LGBMClassifier 
was fitted with feature names
  warnings.warn(
C:\Users\yukik\fx-ai-trading\.venv\Lib\site-packages\sklearn\utils\validation.py:2691: UserWarning: X does not have valid feature names, but LGBMClassifier 
was fitted with feature names
  warnings.warn(
C:\Users\yukik\fx-ai-trading\.venv\Lib\site-packages\sklearn\utils\validation.py:2691: UserWarning: X does not have valid feature names, but LGBMClassifier 
was fitted with feature names
  warnings.warn(
C:\Users\yukik\fx-ai-trading\.venv\Lib\site-packages\sklearn\utils\validation.py:2691: UserWarning: X does not have valid feature names, but LGBMClassifier 
was fitted with feature names
  warnings.warn(
C:\Users\yukik\fx-ai-trading\.venv\Lib\site-packages\sklearn\utils\validation.py:2691: UserWarning: X does not have valid feature names, but LGBMClassifier 
was fitted with feature names
  warnings.warn(
C:\Users\yukik\fx-ai-trading\.venv\Lib\site-packages\sklearn\utils\validation.py:2691: UserWarning: X does not have valid feature names, but LGBMClassifier 
was fitted with feature names
  warnings.warn(
C:\Users\yukik\fx-ai-trading\.venv\Lib\site-packages\sklearn\utils\validation.py:2691: UserWarning: X does not have valid feature names, but LGBMClassifier 
was fitted with feature names
  warnings.warn(
C:\Users\yukik\fx-ai-trading\.venv\Lib\site-packages\sklearn\utils\validation.py:2691: UserWarning: X does not have valid feature names, but LGBMClassifier 
was fitted with feature names
  warnings.warn(
C:\Users\yukik\fx-ai-trading\.venv\Lib\site-packages\sklearn\utils\validation.py:2691: UserWarning: X does not have valid feature names, but LGBMClassifier 
was fitted with feature names
  warnings.warn(
C:\Users\yukik\fx-ai-trading\.venv\Lib\site-packages\sklearn\utils\validation.py:2691: UserWarning: X does not have valid feature names, but LGBMClassifier 
was fitted with feature names
  warnings.warn(
C:\Users\yukik\fx-ai-trading\.venv\Lib\site-packages\sklearn\utils\validation.py:2691: UserWarning: X does not have valid feature names, but LGBMClassifier 
was fitted with feature names
  warnings.warn(
C:\Users\yukik\fx-ai-trading\.venv\Lib\site-packages\sklearn\utils\validation.py:2691: UserWarning: X does not have valid feature names, but LGBMClassifier 
was fitted with feature names
  warnings.warn(
C:\Users\yukik\fx-ai-trading\.venv\Lib\site-packages\sklearn\utils\validation.py:2691: UserWarning: X does not have valid feature names, but LGBMClassifier 
was fitted with feature names
  warnings.warn(
C:\Users\yukik\fx-ai-trading\.venv\Lib\site-packages\sklearn\utils\validation.py:2691: UserWarning: X does not have valid feature names, but LGBMClassifier 
was fitted with feature names
  warnings.warn(
C:\Users\yukik\fx-ai-trading\.venv\Lib\site-packages\sklearn\utils\validation.py:2691: UserWarning: X does not have valid feature names, but LGBMClassifier 
was fitted with feature names
  warnings.warn(
C:\Users\yukik\fx-ai-trading\.venv\Lib\site-packages\sklearn\utils\validation.py:2691: UserWarning: X does not have valid feature names, but LGBMClassifier 
was fitted with feature names
  warnings.warn(
C:\Users\yukik\fx-ai-trading\.venv\Lib\site-packages\sklearn\utils\validation.py:2691: UserWarning: X does not have valid feature names, but LGBMClassifier 
was fitted with feature names
  warnings.warn(
C:\Users\yukik\fx-ai-trading\.venv\Lib\site-packages\sklearn\utils\validation.py:2691: UserWarning: X does not have valid feature names, but LGBMClassifier 
was fitted with feature names
  warnings.warn(
C:\Users\yukik\fx-ai-trading\.venv\Lib\site-packages\sklearn\utils\validation.py:2691: UserWarning: X does not have valid feature names, but LGBMClassifier 
was fitted with feature names
  warnings.warn(
    fold   7/8 train [2025-10-22→2026-01-20] test [2026-01-20→2026-04-20]
C:\Users\yukik\fx-ai-trading\.venv\Lib\site-packages\sklearn\utils\validation.py:2691: UserWarning: X does not have valid feature names, but LGBMClassifier 
was fitted with feature names
  warnings.warn(
C:\Users\yukik\fx-ai-trading\.venv\Lib\site-packages\sklearn\utils\validation.py:2691: UserWarning: X does not have valid feature names, but LGBMClassifier 
was fitted with feature names
  warnings.warn(
C:\Users\yukik\fx-ai-trading\.venv\Lib\site-packages\sklearn\utils\validation.py:2691: UserWarning: X does not have valid feature names, but LGBMClassifier 
was fitted with feature names
  warnings.warn(
C:\Users\yukik\fx-ai-trading\.venv\Lib\site-packages\sklearn\utils\validation.py:2691: UserWarning: X does not have valid feature names, but LGBMClassifier 
was fitted with feature names
  warnings.warn(
C:\Users\yukik\fx-ai-trading\.venv\Lib\site-packages\sklearn\utils\validation.py:2691: UserWarning: X does not have valid feature names, but LGBMClassifier 
was fitted with feature names
  warnings.warn(
C:\Users\yukik\fx-ai-trading\.venv\Lib\site-packages\sklearn\utils\validation.py:2691: UserWarning: X does not have valid feature names, but LGBMClassifier 
was fitted with feature names
  warnings.warn(
C:\Users\yukik\fx-ai-trading\.venv\Lib\site-packages\sklearn\utils\validation.py:2691: UserWarning: X does not have valid feature names, but LGBMClassifier 
was fitted with feature names
  warnings.warn(
C:\Users\yukik\fx-ai-trading\.venv\Lib\site-packages\sklearn\utils\validation.py:2691: UserWarning: X does not have valid feature names, but LGBMClassifier 
was fitted with feature names
  warnings.warn(
C:\Users\yukik\fx-ai-trading\.venv\Lib\site-packages\sklearn\utils\validation.py:2691: UserWarning: X does not have valid feature names, but LGBMClassifier 
was fitted with feature names
  warnings.warn(
C:\Users\yukik\fx-ai-trading\.venv\Lib\site-packages\sklearn\utils\validation.py:2691: UserWarning: X does not have valid feature names, but LGBMClassifier 
was fitted with feature names
  warnings.warn(
C:\Users\yukik\fx-ai-trading\.venv\Lib\site-packages\sklearn\utils\validation.py:2691: UserWarning: X does not have valid feature names, but LGBMClassifier 
was fitted with feature names
  warnings.warn(
C:\Users\yukik\fx-ai-trading\.venv\Lib\site-packages\sklearn\utils\validation.py:2691: UserWarning: X does not have valid feature names, but LGBMClassifier 
was fitted with feature names
  warnings.warn(
C:\Users\yukik\fx-ai-trading\.venv\Lib\site-packages\sklearn\utils\validation.py:2691: UserWarning: X does not have valid feature names, but LGBMClassifier 
was fitted with feature names
  warnings.warn(
C:\Users\yukik\fx-ai-trading\.venv\Lib\site-packages\sklearn\utils\validation.py:2691: UserWarning: X does not have valid feature names, but LGBMClassifier 
was fitted with feature names
  warnings.warn(
C:\Users\yukik\fx-ai-trading\.venv\Lib\site-packages\sklearn\utils\validation.py:2691: UserWarning: X does not have valid feature names, but LGBMClassifier 
was fitted with feature names
  warnings.warn(
C:\Users\yukik\fx-ai-trading\.venv\Lib\site-packages\sklearn\utils\validation.py:2691: UserWarning: X does not have valid feature names, but LGBMClassifier 
was fitted with feature names
  warnings.warn(
C:\Users\yukik\fx-ai-trading\.venv\Lib\site-packages\sklearn\utils\validation.py:2691: UserWarning: X does not have valid feature names, but LGBMClassifier 
was fitted with feature names
  warnings.warn(
C:\Users\yukik\fx-ai-trading\.venv\Lib\site-packages\sklearn\utils\validation.py:2691: UserWarning: X does not have valid feature names, but LGBMClassifier 
was fitted with feature names
  warnings.warn(
C:\Users\yukik\fx-ai-trading\.venv\Lib\site-packages\sklearn\utils\validation.py:2691: UserWarning: X does not have valid feature names, but LGBMClassifier 
was fitted with feature names
  warnings.warn(
C:\Users\yukik\fx-ai-trading\.venv\Lib\site-packages\sklearn\utils\validation.py:2691: UserWarning: X does not have valid feature names, but LGBMClassifier 
was fitted with feature names
  warnings.warn(
    fold   8/8 train [2026-01-20→2026-04-20] test [2026-04-20→2026-04-30]
C:\Users\yukik\fx-ai-trading\.venv\Lib\site-packages\sklearn\utils\validation.py:2691: UserWarning: X does not have valid feature names, but LGBMClassifier 
was fitted with feature names
  warnings.warn(
C:\Users\yukik\fx-ai-trading\.venv\Lib\site-packages\sklearn\utils\validation.py:2691: UserWarning: X does not have valid feature names, but LGBMClassifier 
was fitted with feature names
  warnings.warn(
C:\Users\yukik\fx-ai-trading\.venv\Lib\site-packages\sklearn\utils\validation.py:2691: UserWarning: X does not have valid feature names, but LGBMClassifier 
was fitted with feature names
  warnings.warn(
C:\Users\yukik\fx-ai-trading\.venv\Lib\site-packages\sklearn\utils\validation.py:2691: UserWarning: X does not have valid feature names, but LGBMClassifier 
was fitted with feature names
  warnings.warn(
C:\Users\yukik\fx-ai-trading\.venv\Lib\site-packages\sklearn\utils\validation.py:2691: UserWarning: X does not have valid feature names, but LGBMClassifier 
was fitted with feature names
  warnings.warn(
C:\Users\yukik\fx-ai-trading\.venv\Lib\site-packages\sklearn\utils\validation.py:2691: UserWarning: X does not have valid feature names, but LGBMClassifier 
was fitted with feature names
  warnings.warn(
C:\Users\yukik\fx-ai-trading\.venv\Lib\site-packages\sklearn\utils\validation.py:2691: UserWarning: X does not have valid feature names, but LGBMClassifier 
was fitted with feature names
  warnings.warn(
C:\Users\yukik\fx-ai-trading\.venv\Lib\site-packages\sklearn\utils\validation.py:2691: UserWarning: X does not have valid feature names, but LGBMClassifier 
was fitted with feature names
  warnings.warn(
C:\Users\yukik\fx-ai-trading\.venv\Lib\site-packages\sklearn\utils\validation.py:2691: UserWarning: X does not have valid feature names, but LGBMClassifier 
was fitted with feature names
  warnings.warn(
C:\Users\yukik\fx-ai-trading\.venv\Lib\site-packages\sklearn\utils\validation.py:2691: UserWarning: X does not have valid feature names, but LGBMClassifier 
was fitted with feature names
  warnings.warn(
C:\Users\yukik\fx-ai-trading\.venv\Lib\site-packages\sklearn\utils\validation.py:2691: UserWarning: X does not have valid feature names, but LGBMClassifier 
was fitted with feature names
  warnings.warn(
C:\Users\yukik\fx-ai-trading\.venv\Lib\site-packages\sklearn\utils\validation.py:2691: UserWarning: X does not have valid feature names, but LGBMClassifier 
was fitted with feature names
  warnings.warn(
C:\Users\yukik\fx-ai-trading\.venv\Lib\site-packages\sklearn\utils\validation.py:2691: UserWarning: X does not have valid feature names, but LGBMClassifier 
was fitted with feature names
  warnings.warn(
C:\Users\yukik\fx-ai-trading\.venv\Lib\site-packages\sklearn\utils\validation.py:2691: UserWarning: X does not have valid feature names, but LGBMClassifier 
was fitted with feature names
  warnings.warn(
C:\Users\yukik\fx-ai-trading\.venv\Lib\site-packages\sklearn\utils\validation.py:2691: UserWarning: X does not have valid feature names, but LGBMClassifier 
was fitted with feature names
  warnings.warn(
C:\Users\yukik\fx-ai-trading\.venv\Lib\site-packages\sklearn\utils\validation.py:2691: UserWarning: X does not have valid feature names, but LGBMClassifier 
was fitted with feature names
  warnings.warn(
C:\Users\yukik\fx-ai-trading\.venv\Lib\site-packages\sklearn\utils\validation.py:2691: UserWarning: X does not have valid feature names, but LGBMClassifier 
was fitted with feature names
  warnings.warn(
C:\Users\yukik\fx-ai-trading\.venv\Lib\site-packages\sklearn\utils\validation.py:2691: UserWarning: X does not have valid feature names, but LGBMClassifier 
was fitted with feature names
  warnings.warn(
C:\Users\yukik\fx-ai-trading\.venv\Lib\site-packages\sklearn\utils\validation.py:2691: UserWarning: X does not have valid feature names, but LGBMClassifier 
was fitted with feature names
  warnings.warn(
C:\Users\yukik\fx-ai-trading\.venv\Lib\site-packages\sklearn\utils\validation.py:2691: UserWarning: X does not have valid feature names, but LGBMClassifier 
was fitted with feature names
  warnings.warn(
  n=14,190  hit=11.8%  PnL=3,250pip  Sharpe=0.0375  MaxDD=-694.6pip

[C_wf365_base] WFベースライン: 45特徴量, 正則化なし, WF365d/90d
    5 folds
    fold   1/5 train [2024-04-30→2025-04-30] test [2025-04-30→2025-07-29]
C:\Users\yukik\fx-ai-trading\.venv\Lib\site-packages\sklearn\utils\validation.py:2691: UserWarning: X does not have valid feature names, but LGBMClassifier 
was fitted with feature names
  warnings.warn(
C:\Users\yukik\fx-ai-trading\.venv\Lib\site-packages\sklearn\utils\validation.py:2691: UserWarning: X does not have valid feature names, but LGBMClassifier 
was fitted with feature names
  warnings.warn(
C:\Users\yukik\fx-ai-trading\.venv\Lib\site-packages\sklearn\utils\validation.py:2691: UserWarning: X does not have valid feature names, but LGBMClassifier 
was fitted with feature names
  warnings.warn(
C:\Users\yukik\fx-ai-trading\.venv\Lib\site-packages\sklearn\utils\validation.py:2691: UserWarning: X does not have valid feature names, but LGBMClassifier 
was fitted with feature names
  warnings.warn(
C:\Users\yukik\fx-ai-trading\.venv\Lib\site-packages\sklearn\utils\validation.py:2691: UserWarning: X does not have valid feature names, but LGBMClassifier 
was fitted with feature names
  warnings.warn(
C:\Users\yukik\fx-ai-trading\.venv\Lib\site-packages\sklearn\utils\validation.py:2691: UserWarning: X does not have valid feature names, but LGBMClassifier 
was fitted with feature names
  warnings.warn(
C:\Users\yukik\fx-ai-trading\.venv\Lib\site-packages\sklearn\utils\validation.py:2691: UserWarning: X does not have valid feature names, but LGBMClassifier 
was fitted with feature names
  warnings.warn(
C:\Users\yukik\fx-ai-trading\.venv\Lib\site-packages\sklearn\utils\validation.py:2691: UserWarning: X does not have valid feature names, but LGBMClassifier 
was fitted with feature names
  warnings.warn(
C:\Users\yukik\fx-ai-trading\.venv\Lib\site-packages\sklearn\utils\validation.py:2691: UserWarning: X does not have valid feature names, but LGBMClassifier 
was fitted with feature names
  warnings.warn(
C:\Users\yukik\fx-ai-trading\.venv\Lib\site-packages\sklearn\utils\validation.py:2691: UserWarning: X does not have valid feature names, but LGBMClassifier 
was fitted with feature names
  warnings.warn(
C:\Users\yukik\fx-ai-trading\.venv\Lib\site-packages\sklearn\utils\validation.py:2691: UserWarning: X does not have valid feature names, but LGBMClassifier 
was fitted with feature names
  warnings.warn(
C:\Users\yukik\fx-ai-trading\.venv\Lib\site-packages\sklearn\utils\validation.py:2691: UserWarning: X does not have valid feature names, but LGBMClassifier 
was fitted with feature names
  warnings.warn(
C:\Users\yukik\fx-ai-trading\.venv\Lib\site-packages\sklearn\utils\validation.py:2691: UserWarning: X does not have valid feature names, but LGBMClassifier 
was fitted with feature names
  warnings.warn(
C:\Users\yukik\fx-ai-trading\.venv\Lib\site-packages\sklearn\utils\validation.py:2691: UserWarning: X does not have valid feature names, but LGBMClassifier 
was fitted with feature names
  warnings.warn(
C:\Users\yukik\fx-ai-trading\.venv\Lib\site-packages\sklearn\utils\validation.py:2691: UserWarning: X does not have valid feature names, but LGBMClassifier 
was fitted with feature names
  warnings.warn(
C:\Users\yukik\fx-ai-trading\.venv\Lib\site-packages\sklearn\utils\validation.py:2691: UserWarning: X does not have valid feature names, but LGBMClassifier 
was fitted with feature names
  warnings.warn(
C:\Users\yukik\fx-ai-trading\.venv\Lib\site-packages\sklearn\utils\validation.py:2691: UserWarning: X does not have valid feature names, but LGBMClassifier 
was fitted with feature names
  warnings.warn(
C:\Users\yukik\fx-ai-trading\.venv\Lib\site-packages\sklearn\utils\validation.py:2691: UserWarning: X does not have valid feature names, but LGBMClassifier 
was fitted with feature names
  warnings.warn(
C:\Users\yukik\fx-ai-trading\.venv\Lib\site-packages\sklearn\utils\validation.py:2691: UserWarning: X does not have valid feature names, but LGBMClassifier 
was fitted with feature names
  warnings.warn(
C:\Users\yukik\fx-ai-trading\.venv\Lib\site-packages\sklearn\utils\validation.py:2691: UserWarning: X does not have valid feature names, but LGBMClassifier 
was fitted with feature names
  warnings.warn(
    fold   2/5 train [2024-07-29→2025-07-29] test [2025-07-29→2025-10-27]
C:\Users\yukik\fx-ai-trading\.venv\Lib\site-packages\sklearn\utils\validation.py:2691: UserWarning: X does not have valid feature names, but LGBMClassifier 
was fitted with feature names
  warnings.warn(
C:\Users\yukik\fx-ai-trading\.venv\Lib\site-packages\sklearn\utils\validation.py:2691: UserWarning: X does not have valid feature names, but LGBMClassifier 
was fitted with feature names
  warnings.warn(
C:\Users\yukik\fx-ai-trading\.venv\Lib\site-packages\sklearn\utils\validation.py:2691: UserWarning: X does not have valid feature names, but LGBMClassifier 
was fitted with feature names
  warnings.warn(
C:\Users\yukik\fx-ai-trading\.venv\Lib\site-packages\sklearn\utils\validation.py:2691: UserWarning: X does not have valid feature names, but LGBMClassifier 
was fitted with feature names
  warnings.warn(
C:\Users\yukik\fx-ai-trading\.venv\Lib\site-packages\sklearn\utils\validation.py:2691: UserWarning: X does not have valid feature names, but LGBMClassifier 
was fitted with feature names
  warnings.warn(
C:\Users\yukik\fx-ai-trading\.venv\Lib\site-packages\sklearn\utils\validation.py:2691: UserWarning: X does not have valid feature names, but LGBMClassifier 
was fitted with feature names
  warnings.warn(
C:\Users\yukik\fx-ai-trading\.venv\Lib\site-packages\sklearn\utils\validation.py:2691: UserWarning: X does not have valid feature names, but LGBMClassifier 
was fitted with feature names
  warnings.warn(
C:\Users\yukik\fx-ai-trading\.venv\Lib\site-packages\sklearn\utils\validation.py:2691: UserWarning: X does not have valid feature names, but LGBMClassifier 
was fitted with feature names
  warnings.warn(
C:\Users\yukik\fx-ai-trading\.venv\Lib\site-packages\sklearn\utils\validation.py:2691: UserWarning: X does not have valid feature names, but LGBMClassifier 
was fitted with feature names
  warnings.warn(
C:\Users\yukik\fx-ai-trading\.venv\Lib\site-packages\sklearn\utils\validation.py:2691: UserWarning: X does not have valid feature names, but LGBMClassifier 
was fitted with feature names
  warnings.warn(
C:\Users\yukik\fx-ai-trading\.venv\Lib\site-packages\sklearn\utils\validation.py:2691: UserWarning: X does not have valid feature names, but LGBMClassifier 
was fitted with feature names
  warnings.warn(
C:\Users\yukik\fx-ai-trading\.venv\Lib\site-packages\sklearn\utils\validation.py:2691: UserWarning: X does not have valid feature names, but LGBMClassifier 
was fitted with feature names
  warnings.warn(
C:\Users\yukik\fx-ai-trading\.venv\Lib\site-packages\sklearn\utils\validation.py:2691: UserWarning: X does not have valid feature names, but LGBMClassifier 
was fitted with feature names
  warnings.warn(
C:\Users\yukik\fx-ai-trading\.venv\Lib\site-packages\sklearn\utils\validation.py:2691: UserWarning: X does not have valid feature names, but LGBMClassifier 
was fitted with feature names
  warnings.warn(
C:\Users\yukik\fx-ai-trading\.venv\Lib\site-packages\sklearn\utils\validation.py:2691: UserWarning: X does not have valid feature names, but LGBMClassifier 
was fitted with feature names
  warnings.warn(
C:\Users\yukik\fx-ai-trading\.venv\Lib\site-packages\sklearn\utils\validation.py:2691: UserWarning: X does not have valid feature names, but LGBMClassifier 
was fitted with feature names
  warnings.warn(
C:\Users\yukik\fx-ai-trading\.venv\Lib\site-packages\sklearn\utils\validation.py:2691: UserWarning: X does not have valid feature names, but LGBMClassifier 
was fitted with feature names
  warnings.warn(
C:\Users\yukik\fx-ai-trading\.venv\Lib\site-packages\sklearn\utils\validation.py:2691: UserWarning: X does not have valid feature names, but LGBMClassifier 
was fitted with feature names
  warnings.warn(
C:\Users\yukik\fx-ai-trading\.venv\Lib\site-packages\sklearn\utils\validation.py:2691: UserWarning: X does not have valid feature names, but LGBMClassifier 
was fitted with feature names
  warnings.warn(
C:\Users\yukik\fx-ai-trading\.venv\Lib\site-packages\sklearn\utils\validation.py:2691: UserWarning: X does not have valid feature names, but LGBMClassifier 
was fitted with feature names
  warnings.warn(
    fold   3/5 train [2024-10-27→2025-10-27] test [2025-10-27→2026-01-25]
C:\Users\yukik\fx-ai-trading\.venv\Lib\site-packages\sklearn\utils\validation.py:2691: UserWarning: X does not have valid feature names, but LGBMClassifier 
was fitted with feature names
  warnings.warn(
C:\Users\yukik\fx-ai-trading\.venv\Lib\site-packages\sklearn\utils\validation.py:2691: UserWarning: X does not have valid feature names, but LGBMClassifier 
was fitted with feature names
  warnings.warn(
C:\Users\yukik\fx-ai-trading\.venv\Lib\site-packages\sklearn\utils\validation.py:2691: UserWarning: X does not have valid feature names, but LGBMClassifier 
was fitted with feature names
  warnings.warn(
C:\Users\yukik\fx-ai-trading\.venv\Lib\site-packages\sklearn\utils\validation.py:2691: UserWarning: X does not have valid feature names, but LGBMClassifier 
was fitted with feature names
  warnings.warn(
C:\Users\yukik\fx-ai-trading\.venv\Lib\site-packages\sklearn\utils\validation.py:2691: UserWarning: X does not have valid feature names, but LGBMClassifier 
was fitted with feature names
  warnings.warn(
C:\Users\yukik\fx-ai-trading\.venv\Lib\site-packages\sklearn\utils\validation.py:2691: UserWarning: X does not have valid feature names, but LGBMClassifier 
was fitted with feature names
  warnings.warn(
C:\Users\yukik\fx-ai-trading\.venv\Lib\site-packages\sklearn\utils\validation.py:2691: UserWarning: X does not have valid feature names, but LGBMClassifier 
was fitted with feature names
  warnings.warn(
C:\Users\yukik\fx-ai-trading\.venv\Lib\site-packages\sklearn\utils\validation.py:2691: UserWarning: X does not have valid feature names, but LGBMClassifier 
was fitted with feature names
  warnings.warn(
C:\Users\yukik\fx-ai-trading\.venv\Lib\site-packages\sklearn\utils\validation.py:2691: UserWarning: X does not have valid feature names, but LGBMClassifier 
was fitted with feature names
  warnings.warn(
C:\Users\yukik\fx-ai-trading\.venv\Lib\site-packages\sklearn\utils\validation.py:2691: UserWarning: X does not have valid feature names, but LGBMClassifier 
was fitted with feature names
  warnings.warn(
C:\Users\yukik\fx-ai-trading\.venv\Lib\site-packages\sklearn\utils\validation.py:2691: UserWarning: X does not have valid feature names, but LGBMClassifier 
was fitted with feature names
  warnings.warn(
C:\Users\yukik\fx-ai-trading\.venv\Lib\site-packages\sklearn\utils\validation.py:2691: UserWarning: X does not have valid feature names, but LGBMClassifier 
was fitted with feature names
  warnings.warn(
C:\Users\yukik\fx-ai-trading\.venv\Lib\site-packages\sklearn\utils\validation.py:2691: UserWarning: X does not have valid feature names, but LGBMClassifier 
was fitted with feature names
  warnings.warn(
C:\Users\yukik\fx-ai-trading\.venv\Lib\site-packages\sklearn\utils\validation.py:2691: UserWarning: X does not have valid feature names, but LGBMClassifier 
was fitted with feature names
  warnings.warn(
C:\Users\yukik\fx-ai-trading\.venv\Lib\site-packages\sklearn\utils\validation.py:2691: UserWarning: X does not have valid feature names, but LGBMClassifier 
was fitted with feature names
  warnings.warn(
C:\Users\yukik\fx-ai-trading\.venv\Lib\site-packages\sklearn\utils\validation.py:2691: UserWarning: X does not have valid feature names, but LGBMClassifier 
was fitted with feature names
  warnings.warn(
C:\Users\yukik\fx-ai-trading\.venv\Lib\site-packages\sklearn\utils\validation.py:2691: UserWarning: X does not have valid feature names, but LGBMClassifier 
was fitted with feature names
  warnings.warn(
C:\Users\yukik\fx-ai-trading\.venv\Lib\site-packages\sklearn\utils\validation.py:2691: UserWarning: X does not have valid feature names, but LGBMClassifier 
was fitted with feature names
  warnings.warn(
C:\Users\yukik\fx-ai-trading\.venv\Lib\site-packages\sklearn\utils\validation.py:2691: UserWarning: X does not have valid feature names, but LGBMClassifier 
was fitted with feature names
  warnings.warn(
C:\Users\yukik\fx-ai-trading\.venv\Lib\site-packages\sklearn\utils\validation.py:2691: UserWarning: X does not have valid feature names, but LGBMClassifier 
was fitted with feature names
  warnings.warn(
    fold   4/5 train [2025-01-25→2026-01-25] test [2026-01-25→2026-04-25]
C:\Users\yukik\fx-ai-trading\.venv\Lib\site-packages\sklearn\utils\validation.py:2691: UserWarning: X does not have valid feature names, but LGBMClassifier 
was fitted with feature names
  warnings.warn(
C:\Users\yukik\fx-ai-trading\.venv\Lib\site-packages\sklearn\utils\validation.py:2691: UserWarning: X does not have valid feature names, but LGBMClassifier 
was fitted with feature names
  warnings.warn(
C:\Users\yukik\fx-ai-trading\.venv\Lib\site-packages\sklearn\utils\validation.py:2691: UserWarning: X does not have valid feature names, but LGBMClassifier 
was fitted with feature names
  warnings.warn(
C:\Users\yukik\fx-ai-trading\.venv\Lib\site-packages\sklearn\utils\validation.py:2691: UserWarning: X does not have valid feature names, but LGBMClassifier 
was fitted with feature names
  warnings.warn(
C:\Users\yukik\fx-ai-trading\.venv\Lib\site-packages\sklearn\utils\validation.py:2691: UserWarning: X does not have valid feature names, but LGBMClassifier 
was fitted with feature names
  warnings.warn(
C:\Users\yukik\fx-ai-trading\.venv\Lib\site-packages\sklearn\utils\validation.py:2691: UserWarning: X does not have valid feature names, but LGBMClassifier 
was fitted with feature names
  warnings.warn(
C:\Users\yukik\fx-ai-trading\.venv\Lib\site-packages\sklearn\utils\validation.py:2691: UserWarning: X does not have valid feature names, but LGBMClassifier 
was fitted with feature names
  warnings.warn(
C:\Users\yukik\fx-ai-trading\.venv\Lib\site-packages\sklearn\utils\validation.py:2691: UserWarning: X does not have valid feature names, but LGBMClassifier 
was fitted with feature names
  warnings.warn(
C:\Users\yukik\fx-ai-trading\.venv\Lib\site-packages\sklearn\utils\validation.py:2691: UserWarning: X does not have valid feature names, but LGBMClassifier 
was fitted with feature names
  warnings.warn(
C:\Users\yukik\fx-ai-trading\.venv\Lib\site-packages\sklearn\utils\validation.py:2691: UserWarning: X does not have valid feature names, but LGBMClassifier 
was fitted with feature names
  warnings.warn(
C:\Users\yukik\fx-ai-trading\.venv\Lib\site-packages\sklearn\utils\validation.py:2691: UserWarning: X does not have valid feature names, but LGBMClassifier 
was fitted with feature names
  warnings.warn(
C:\Users\yukik\fx-ai-trading\.venv\Lib\site-packages\sklearn\utils\validation.py:2691: UserWarning: X does not have valid feature names, but LGBMClassifier 
was fitted with feature names
  warnings.warn(
C:\Users\yukik\fx-ai-trading\.venv\Lib\site-packages\sklearn\utils\validation.py:2691: UserWarning: X does not have valid feature names, but LGBMClassifier 
was fitted with feature names
  warnings.warn(
C:\Users\yukik\fx-ai-trading\.venv\Lib\site-packages\sklearn\utils\validation.py:2691: UserWarning: X does not have valid feature names, but LGBMClassifier 
was fitted with feature names
  warnings.warn(
C:\Users\yukik\fx-ai-trading\.venv\Lib\site-packages\sklearn\utils\validation.py:2691: UserWarning: X does not have valid feature names, but LGBMClassifier 
was fitted with feature names
  warnings.warn(
C:\Users\yukik\fx-ai-trading\.venv\Lib\site-packages\sklearn\utils\validation.py:2691: UserWarning: X does not have valid feature names, but LGBMClassifier 
was fitted with feature names
  warnings.warn(
C:\Users\yukik\fx-ai-trading\.venv\Lib\site-packages\sklearn\utils\validation.py:2691: UserWarning: X does not have valid feature names, but LGBMClassifier 
was fitted with feature names
  warnings.warn(
C:\Users\yukik\fx-ai-trading\.venv\Lib\site-packages\sklearn\utils\validation.py:2691: UserWarning: X does not have valid feature names, but LGBMClassifier 
was fitted with feature names
  warnings.warn(
C:\Users\yukik\fx-ai-trading\.venv\Lib\site-packages\sklearn\utils\validation.py:2691: UserWarning: X does not have valid feature names, but LGBMClassifier 
was fitted with feature names
  warnings.warn(
C:\Users\yukik\fx-ai-trading\.venv\Lib\site-packages\sklearn\utils\validation.py:2691: UserWarning: X does not have valid feature names, but LGBMClassifier 
was fitted with feature names
  warnings.warn(
    fold   5/5 train [2025-04-25→2026-04-25] test [2026-04-25→2026-04-30]
C:\Users\yukik\fx-ai-trading\.venv\Lib\site-packages\sklearn\utils\validation.py:2691: UserWarning: X does not have valid feature names, but LGBMClassifier 
was fitted with feature names
  warnings.warn(
C:\Users\yukik\fx-ai-trading\.venv\Lib\site-packages\sklearn\utils\validation.py:2691: UserWarning: X does not have valid feature names, but LGBMClassifier 
was fitted with feature names
  warnings.warn(
C:\Users\yukik\fx-ai-trading\.venv\Lib\site-packages\sklearn\utils\validation.py:2691: UserWarning: X does not have valid feature names, but LGBMClassifier 
was fitted with feature names
  warnings.warn(
C:\Users\yukik\fx-ai-trading\.venv\Lib\site-packages\sklearn\utils\validation.py:2691: UserWarning: X does not have valid feature names, but LGBMClassifier 
was fitted with feature names
  warnings.warn(
C:\Users\yukik\fx-ai-trading\.venv\Lib\site-packages\sklearn\utils\validation.py:2691: UserWarning: X does not have valid feature names, but LGBMClassifier 
was fitted with feature names
  warnings.warn(
C:\Users\yukik\fx-ai-trading\.venv\Lib\site-packages\sklearn\utils\validation.py:2691: UserWarning: X does not have valid feature names, but LGBMClassifier 
was fitted with feature names
  warnings.warn(
C:\Users\yukik\fx-ai-trading\.venv\Lib\site-packages\sklearn\utils\validation.py:2691: UserWarning: X does not have valid feature names, but LGBMClassifier 
was fitted with feature names
  warnings.warn(
C:\Users\yukik\fx-ai-trading\.venv\Lib\site-packages\sklearn\utils\validation.py:2691: UserWarning: X does not have valid feature names, but LGBMClassifier 
was fitted with feature names
  warnings.warn(
C:\Users\yukik\fx-ai-trading\.venv\Lib\site-packages\sklearn\utils\validation.py:2691: UserWarning: X does not have valid feature names, but LGBMClassifier 
was fitted with feature names
  warnings.warn(
C:\Users\yukik\fx-ai-trading\.venv\Lib\site-packages\sklearn\utils\validation.py:2691: UserWarning: X does not have valid feature names, but LGBMClassifier 
was fitted with feature names
  warnings.warn(
C:\Users\yukik\fx-ai-trading\.venv\Lib\site-packages\sklearn\utils\validation.py:2691: UserWarning: X does not have valid feature names, but LGBMClassifier 
was fitted with feature names
  warnings.warn(
C:\Users\yukik\fx-ai-trading\.venv\Lib\site-packages\sklearn\utils\validation.py:2691: UserWarning: X does not have valid feature names, but LGBMClassifier 
was fitted with feature names
  warnings.warn(
C:\Users\yukik\fx-ai-trading\.venv\Lib\site-packages\sklearn\utils\validation.py:2691: UserWarning: X does not have valid feature names, but LGBMClassifier 
was fitted with feature names
  warnings.warn(
C:\Users\yukik\fx-ai-trading\.venv\Lib\site-packages\sklearn\utils\validation.py:2691: UserWarning: X does not have valid feature names, but LGBMClassifier 
was fitted with feature names
  warnings.warn(
C:\Users\yukik\fx-ai-trading\.venv\Lib\site-packages\sklearn\utils\validation.py:2691: UserWarning: X does not have valid feature names, but LGBMClassifier 
was fitted with feature names
  warnings.warn(
C:\Users\yukik\fx-ai-trading\.venv\Lib\site-packages\sklearn\utils\validation.py:2691: UserWarning: X does not have valid feature names, but LGBMClassifier 
was fitted with feature names
  warnings.warn(
C:\Users\yukik\fx-ai-trading\.venv\Lib\site-packages\sklearn\utils\validation.py:2691: UserWarning: X does not have valid feature names, but LGBMClassifier 
was fitted with feature names
  warnings.warn(
C:\Users\yukik\fx-ai-trading\.venv\Lib\site-packages\sklearn\utils\validation.py:2691: UserWarning: X does not have valid feature names, but LGBMClassifier 
was fitted with feature names
  warnings.warn(
C:\Users\yukik\fx-ai-trading\.venv\Lib\site-packages\sklearn\utils\validation.py:2691: UserWarning: X does not have valid feature names, but LGBMClassifier 
was fitted with feature names
  warnings.warn(
C:\Users\yukik\fx-ai-trading\.venv\Lib\site-packages\sklearn\utils\validation.py:2691: UserWarning: X does not have valid feature names, but LGBMClassifier 
was fitted with feature names
  warnings.warn(
  n=557  hit=11.8%  PnL=131pip  Sharpe=0.0418  MaxDD=-58.4pip
  [group 2 done - memory released]

=== Feature group 3/3 [730d spread=True] ===
Loading candle data ...
  loaded 20 pairs
Building features ...
  AUD_CAD [730d] spread=True
  AUD_JPY [730d] spread=True
  AUD_NZD [730d] spread=True
  AUD_USD [730d] spread=True
  CHF_JPY [730d] spread=True
  EUR_AUD [730d] spread=True
  EUR_CAD [730d] spread=True
  EUR_CHF [730d] spread=True
  EUR_GBP [730d] spread=True
  EUR_JPY [730d] spread=True
  EUR_USD [730d] spread=True
  GBP_AUD [730d] spread=True
  GBP_CHF [730d] spread=True
  GBP_JPY [730d] spread=True
  GBP_USD [730d] spread=True
  NZD_JPY [730d] spread=True
  NZD_USD [730d] spread=True
  USD_CAD [730d] spread=True
  USD_CHF [730d] spread=True
  USD_JPY [730d] spread=True

[D_wf90_full] +spread+reg: スプレッド3特徴量+正則化, WF90d/90d
    8 folds
    fold   1/8 train [2024-04-30→2024-07-29] test [2024-07-29→2024-10-27]
C:\Users\yukik\fx-ai-trading\.venv\Lib\site-packages\sklearn\utils\validation.py:2691: UserWarning: X does not have valid feature names, but LGBMClassifier 
was fitted with feature names
  warnings.warn(
C:\Users\yukik\fx-ai-trading\.venv\Lib\site-packages\sklearn\utils\validation.py:2691: UserWarning: X does not have valid feature names, but LGBMClassifier 
was fitted with feature names
  warnings.warn(
C:\Users\yukik\fx-ai-trading\.venv\Lib\site-packages\sklearn\utils\validation.py:2691: UserWarning: X does not have valid feature names, but LGBMClassifier 
was fitted with feature names
  warnings.warn(
C:\Users\yukik\fx-ai-trading\.venv\Lib\site-packages\sklearn\utils\validation.py:2691: UserWarning: X does not have valid feature names, but LGBMClassifier 
was fitted with feature names
  warnings.warn(
C:\Users\yukik\fx-ai-trading\.venv\Lib\site-packages\sklearn\utils\validation.py:2691: UserWarning: X does not have valid feature names, but LGBMClassifier 
was fitted with feature names
  warnings.warn(
C:\Users\yukik\fx-ai-trading\.venv\Lib\site-packages\sklearn\utils\validation.py:2691: UserWarning: X does not have valid feature names, but LGBMClassifier 
was fitted with feature names
  warnings.warn(
C:\Users\yukik\fx-ai-trading\.venv\Lib\site-packages\sklearn\utils\validation.py:2691: UserWarning: X does not have valid feature names, but LGBMClassifier 
was fitted with feature names
  warnings.warn(
C:\Users\yukik\fx-ai-trading\.venv\Lib\site-packages\sklearn\utils\validation.py:2691: UserWarning: X does not have valid feature names, but LGBMClassifier 
was fitted with feature names
  warnings.warn(
C:\Users\yukik\fx-ai-trading\.venv\Lib\site-packages\sklearn\utils\validation.py:2691: UserWarning: X does not have valid feature names, but LGBMClassifier 
was fitted with feature names
  warnings.warn(
C:\Users\yukik\fx-ai-trading\.venv\Lib\site-packages\sklearn\utils\validation.py:2691: UserWarning: X does not have valid feature names, but LGBMClassifier 
was fitted with feature names
  warnings.warn(
C:\Users\yukik\fx-ai-trading\.venv\Lib\site-packages\sklearn\utils\validation.py:2691: UserWarning: X does not have valid feature names, but LGBMClassifier 
was fitted with feature names
  warnings.warn(
C:\Users\yukik\fx-ai-trading\.venv\Lib\site-packages\sklearn\utils\validation.py:2691: UserWarning: X does not have valid feature names, but LGBMClassifier 
was fitted with feature names
  warnings.warn(
C:\Users\yukik\fx-ai-trading\.venv\Lib\site-packages\sklearn\utils\validation.py:2691: UserWarning: X does not have valid feature names, but LGBMClassifier 
was fitted with feature names
  warnings.warn(
C:\Users\yukik\fx-ai-trading\.venv\Lib\site-packages\sklearn\utils\validation.py:2691: UserWarning: X does not have valid feature names, but LGBMClassifier 
was fitted with feature names
  warnings.warn(
C:\Users\yukik\fx-ai-trading\.venv\Lib\site-packages\sklearn\utils\validation.py:2691: UserWarning: X does not have valid feature names, but LGBMClassifier 
was fitted with feature names
  warnings.warn(
C:\Users\yukik\fx-ai-trading\.venv\Lib\site-packages\sklearn\utils\validation.py:2691: UserWarning: X does not have valid feature names, but LGBMClassifier 
was fitted with feature names
  warnings.warn(
C:\Users\yukik\fx-ai-trading\.venv\Lib\site-packages\sklearn\utils\validation.py:2691: UserWarning: X does not have valid feature names, but LGBMClassifier 
was fitted with feature names
  warnings.warn(
C:\Users\yukik\fx-ai-trading\.venv\Lib\site-packages\sklearn\utils\validation.py:2691: UserWarning: X does not have valid feature names, but LGBMClassifier 
was fitted with feature names
  warnings.warn(
C:\Users\yukik\fx-ai-trading\.venv\Lib\site-packages\sklearn\utils\validation.py:2691: UserWarning: X does not have valid feature names, but LGBMClassifier 
was fitted with feature names
  warnings.warn(
C:\Users\yukik\fx-ai-trading\.venv\Lib\site-packages\sklearn\utils\validation.py:2691: UserWarning: X does not have valid feature names, but LGBMClassifier 
was fitted with feature names
  warnings.warn(
    fold   2/8 train [2024-07-29→2024-10-27] test [2024-10-27→2025-01-25]
C:\Users\yukik\fx-ai-trading\.venv\Lib\site-packages\sklearn\utils\validation.py:2691: UserWarning: X does not have valid feature names, but LGBMClassifier 
was fitted with feature names
  warnings.warn(
C:\Users\yukik\fx-ai-trading\.venv\Lib\site-packages\sklearn\utils\validation.py:2691: UserWarning: X does not have valid feature names, but LGBMClassifier 
was fitted with feature names
  warnings.warn(
C:\Users\yukik\fx-ai-trading\.venv\Lib\site-packages\sklearn\utils\validation.py:2691: UserWarning: X does not have valid feature names, but LGBMClassifier 
was fitted with feature names
  warnings.warn(
C:\Users\yukik\fx-ai-trading\.venv\Lib\site-packages\sklearn\utils\validation.py:2691: UserWarning: X does not have valid feature names, but LGBMClassifier 
was fitted with feature names
  warnings.warn(
C:\Users\yukik\fx-ai-trading\.venv\Lib\site-packages\sklearn\utils\validation.py:2691: UserWarning: X does not have valid feature names, but LGBMClassifier 
was fitted with feature names
  warnings.warn(
C:\Users\yukik\fx-ai-trading\.venv\Lib\site-packages\sklearn\utils\validation.py:2691: UserWarning: X does not have valid feature names, but LGBMClassifier 
was fitted with feature names
  warnings.warn(
C:\Users\yukik\fx-ai-trading\.venv\Lib\site-packages\sklearn\utils\validation.py:2691: UserWarning: X does not have valid feature names, but LGBMClassifier 
was fitted with feature names
  warnings.warn(
C:\Users\yukik\fx-ai-trading\.venv\Lib\site-packages\sklearn\utils\validation.py:2691: UserWarning: X does not have valid feature names, but LGBMClassifier 
was fitted with feature names
  warnings.warn(
C:\Users\yukik\fx-ai-trading\.venv\Lib\site-packages\sklearn\utils\validation.py:2691: UserWarning: X does not have valid feature names, but LGBMClassifier 
was fitted with feature names
  warnings.warn(
C:\Users\yukik\fx-ai-trading\.venv\Lib\site-packages\sklearn\utils\validation.py:2691: UserWarning: X does not have valid feature names, but LGBMClassifier 
was fitted with feature names
  warnings.warn(
C:\Users\yukik\fx-ai-trading\.venv\Lib\site-packages\sklearn\utils\validation.py:2691: UserWarning: X does not have valid feature names, but LGBMClassifier 
was fitted with feature names
  warnings.warn(
C:\Users\yukik\fx-ai-trading\.venv\Lib\site-packages\sklearn\utils\validation.py:2691: UserWarning: X does not have valid feature names, but LGBMClassifier 
was fitted with feature names
  warnings.warn(
C:\Users\yukik\fx-ai-trading\.venv\Lib\site-packages\sklearn\utils\validation.py:2691: UserWarning: X does not have valid feature names, but LGBMClassifier 
was fitted with feature names
  warnings.warn(
C:\Users\yukik\fx-ai-trading\.venv\Lib\site-packages\sklearn\utils\validation.py:2691: UserWarning: X does not have valid feature names, but LGBMClassifier 
was fitted with feature names
  warnings.warn(
C:\Users\yukik\fx-ai-trading\.venv\Lib\site-packages\sklearn\utils\validation.py:2691: UserWarning: X does not have valid feature names, but LGBMClassifier 
was fitted with feature names
  warnings.warn(
C:\Users\yukik\fx-ai-trading\.venv\Lib\site-packages\sklearn\utils\validation.py:2691: UserWarning: X does not have valid feature names, but LGBMClassifier 
was fitted with feature names
  warnings.warn(
C:\Users\yukik\fx-ai-trading\.venv\Lib\site-packages\sklearn\utils\validation.py:2691: UserWarning: X does not have valid feature names, but LGBMClassifier 
was fitted with feature names
  warnings.warn(
C:\Users\yukik\fx-ai-trading\.venv\Lib\site-packages\sklearn\utils\validation.py:2691: UserWarning: X does not have valid feature names, but LGBMClassifier 
was fitted with feature names
  warnings.warn(
C:\Users\yukik\fx-ai-trading\.venv\Lib\site-packages\sklearn\utils\validation.py:2691: UserWarning: X does not have valid feature names, but LGBMClassifier 
was fitted with feature names
  warnings.warn(
C:\Users\yukik\fx-ai-trading\.venv\Lib\site-packages\sklearn\utils\validation.py:2691: UserWarning: X does not have valid feature names, but LGBMClassifier 
was fitted with feature names
  warnings.warn(
    fold   3/8 train [2024-10-27→2025-01-25] test [2025-01-25→2025-04-25]
C:\Users\yukik\fx-ai-trading\.venv\Lib\site-packages\sklearn\utils\validation.py:2691: UserWarning: X does not have valid feature names, but LGBMClassifier 
was fitted with feature names
  warnings.warn(
C:\Users\yukik\fx-ai-trading\.venv\Lib\site-packages\sklearn\utils\validation.py:2691: UserWarning: X does not have valid feature names, but LGBMClassifier 
was fitted with feature names
  warnings.warn(
C:\Users\yukik\fx-ai-trading\.venv\Lib\site-packages\sklearn\utils\validation.py:2691: UserWarning: X does not have valid feature names, but LGBMClassifier 
was fitted with feature names
  warnings.warn(
C:\Users\yukik\fx-ai-trading\.venv\Lib\site-packages\sklearn\utils\validation.py:2691: UserWarning: X does not have valid feature names, but LGBMClassifier 
was fitted with feature names
  warnings.warn(
C:\Users\yukik\fx-ai-trading\.venv\Lib\site-packages\sklearn\utils\validation.py:2691: UserWarning: X does not have valid feature names, but LGBMClassifier 
was fitted with feature names
  warnings.warn(
C:\Users\yukik\fx-ai-trading\.venv\Lib\site-packages\sklearn\utils\validation.py:2691: UserWarning: X does not have valid feature names, but LGBMClassifier 
was fitted with feature names
  warnings.warn(
C:\Users\yukik\fx-ai-trading\.venv\Lib\site-packages\sklearn\utils\validation.py:2691: UserWarning: X does not have valid feature names, but LGBMClassifier 
was fitted with feature names
  warnings.warn(
C:\Users\yukik\fx-ai-trading\.venv\Lib\site-packages\sklearn\utils\validation.py:2691: UserWarning: X does not have valid feature names, but LGBMClassifier 
was fitted with feature names
  warnings.warn(
C:\Users\yukik\fx-ai-trading\.venv\Lib\site-packages\sklearn\utils\validation.py:2691: UserWarning: X does not have valid feature names, but LGBMClassifier 
was fitted with feature names
  warnings.warn(
C:\Users\yukik\fx-ai-trading\.venv\Lib\site-packages\sklearn\utils\validation.py:2691: UserWarning: X does not have valid feature names, but LGBMClassifier 
was fitted with feature names
  warnings.warn(
C:\Users\yukik\fx-ai-trading\.venv\Lib\site-packages\sklearn\utils\validation.py:2691: UserWarning: X does not have valid feature names, but LGBMClassifier 
was fitted with feature names
  warnings.warn(
C:\Users\yukik\fx-ai-trading\.venv\Lib\site-packages\sklearn\utils\validation.py:2691: UserWarning: X does not have valid feature names, but LGBMClassifier 
was fitted with feature names
  warnings.warn(
C:\Users\yukik\fx-ai-trading\.venv\Lib\site-packages\sklearn\utils\validation.py:2691: UserWarning: X does not have valid feature names, but LGBMClassifier 
was fitted with feature names
  warnings.warn(
C:\Users\yukik\fx-ai-trading\.venv\Lib\site-packages\sklearn\utils\validation.py:2691: UserWarning: X does not have valid feature names, but LGBMClassifier 
was fitted with feature names
  warnings.warn(
C:\Users\yukik\fx-ai-trading\.venv\Lib\site-packages\sklearn\utils\validation.py:2691: UserWarning: X does not have valid feature names, but LGBMClassifier 
was fitted with feature names
  warnings.warn(
C:\Users\yukik\fx-ai-trading\.venv\Lib\site-packages\sklearn\utils\validation.py:2691: UserWarning: X does not have valid feature names, but LGBMClassifier 
was fitted with feature names
  warnings.warn(
C:\Users\yukik\fx-ai-trading\.venv\Lib\site-packages\sklearn\utils\validation.py:2691: UserWarning: X does not have valid feature names, but LGBMClassifier 
was fitted with feature names
  warnings.warn(
C:\Users\yukik\fx-ai-trading\.venv\Lib\site-packages\sklearn\utils\validation.py:2691: UserWarning: X does not have valid feature names, but LGBMClassifier 
was fitted with feature names
  warnings.warn(
C:\Users\yukik\fx-ai-trading\.venv\Lib\site-packages\sklearn\utils\validation.py:2691: UserWarning: X does not have valid feature names, but LGBMClassifier 
was fitted with feature names
  warnings.warn(
C:\Users\yukik\fx-ai-trading\.venv\Lib\site-packages\sklearn\utils\validation.py:2691: UserWarning: X does not have valid feature names, but LGBMClassifier 
was fitted with feature names
  warnings.warn(
    fold   4/8 train [2025-01-25→2025-04-25] test [2025-04-25→2025-07-24]
C:\Users\yukik\fx-ai-trading\.venv\Lib\site-packages\sklearn\utils\validation.py:2691: UserWarning: X does not have valid feature names, but LGBMClassifier 
was fitted with feature names
  warnings.warn(
C:\Users\yukik\fx-ai-trading\.venv\Lib\site-packages\sklearn\utils\validation.py:2691: UserWarning: X does not have valid feature names, but LGBMClassifier 
was fitted with feature names
  warnings.warn(
C:\Users\yukik\fx-ai-trading\.venv\Lib\site-packages\sklearn\utils\validation.py:2691: UserWarning: X does not have valid feature names, but LGBMClassifier 
was fitted with feature names
  warnings.warn(
C:\Users\yukik\fx-ai-trading\.venv\Lib\site-packages\sklearn\utils\validation.py:2691: UserWarning: X does not have valid feature names, but LGBMClassifier 
was fitted with feature names
  warnings.warn(
C:\Users\yukik\fx-ai-trading\.venv\Lib\site-packages\sklearn\utils\validation.py:2691: UserWarning: X does not have valid feature names, but LGBMClassifier 
was fitted with feature names
  warnings.warn(
C:\Users\yukik\fx-ai-trading\.venv\Lib\site-packages\sklearn\utils\validation.py:2691: UserWarning: X does not have valid feature names, but LGBMClassifier 
was fitted with feature names
  warnings.warn(
C:\Users\yukik\fx-ai-trading\.venv\Lib\site-packages\sklearn\utils\validation.py:2691: UserWarning: X does not have valid feature names, but LGBMClassifier 
was fitted with feature names
  warnings.warn(
C:\Users\yukik\fx-ai-trading\.venv\Lib\site-packages\sklearn\utils\validation.py:2691: UserWarning: X does not have valid feature names, but LGBMClassifier 
was fitted with feature names
  warnings.warn(
C:\Users\yukik\fx-ai-trading\.venv\Lib\site-packages\sklearn\utils\validation.py:2691: UserWarning: X does not have valid feature names, but LGBMClassifier 
was fitted with feature names
  warnings.warn(
C:\Users\yukik\fx-ai-trading\.venv\Lib\site-packages\sklearn\utils\validation.py:2691: UserWarning: X does not have valid feature names, but LGBMClassifier 
was fitted with feature names
  warnings.warn(
C:\Users\yukik\fx-ai-trading\.venv\Lib\site-packages\sklearn\utils\validation.py:2691: UserWarning: X does not have valid feature names, but LGBMClassifier 
was fitted with feature names
  warnings.warn(
C:\Users\yukik\fx-ai-trading\.venv\Lib\site-packages\sklearn\utils\validation.py:2691: UserWarning: X does not have valid feature names, but LGBMClassifier 
was fitted with feature names
  warnings.warn(
C:\Users\yukik\fx-ai-trading\.venv\Lib\site-packages\sklearn\utils\validation.py:2691: UserWarning: X does not have valid feature names, but LGBMClassifier 
was fitted with feature names
  warnings.warn(
C:\Users\yukik\fx-ai-trading\.venv\Lib\site-packages\sklearn\utils\validation.py:2691: UserWarning: X does not have valid feature names, but LGBMClassifier 
was fitted with feature names
  warnings.warn(
C:\Users\yukik\fx-ai-trading\.venv\Lib\site-packages\sklearn\utils\validation.py:2691: UserWarning: X does not have valid feature names, but LGBMClassifier 
was fitted with feature names
  warnings.warn(
C:\Users\yukik\fx-ai-trading\.venv\Lib\site-packages\sklearn\utils\validation.py:2691: UserWarning: X does not have valid feature names, but LGBMClassifier 
was fitted with feature names
  warnings.warn(
C:\Users\yukik\fx-ai-trading\.venv\Lib\site-packages\sklearn\utils\validation.py:2691: UserWarning: X does not have valid feature names, but LGBMClassifier 
was fitted with feature names
  warnings.warn(
C:\Users\yukik\fx-ai-trading\.venv\Lib\site-packages\sklearn\utils\validation.py:2691: UserWarning: X does not have valid feature names, but LGBMClassifier 
was fitted with feature names
  warnings.warn(
C:\Users\yukik\fx-ai-trading\.venv\Lib\site-packages\sklearn\utils\validation.py:2691: UserWarning: X does not have valid feature names, but LGBMClassifier 
was fitted with feature names
  warnings.warn(
C:\Users\yukik\fx-ai-trading\.venv\Lib\site-packages\sklearn\utils\validation.py:2691: UserWarning: X does not have valid feature names, but LGBMClassifier 
was fitted with feature names
  warnings.warn(
    fold   5/8 train [2025-04-25→2025-07-24] test [2025-07-24→2025-10-22]
C:\Users\yukik\fx-ai-trading\.venv\Lib\site-packages\sklearn\utils\validation.py:2691: UserWarning: X does not have valid feature names, but LGBMClassifier 
was fitted with feature names
  warnings.warn(
C:\Users\yukik\fx-ai-trading\.venv\Lib\site-packages\sklearn\utils\validation.py:2691: UserWarning: X does not have valid feature names, but LGBMClassifier 
was fitted with feature names
  warnings.warn(
C:\Users\yukik\fx-ai-trading\.venv\Lib\site-packages\sklearn\utils\validation.py:2691: UserWarning: X does not have valid feature names, but LGBMClassifier 
was fitted with feature names
  warnings.warn(
C:\Users\yukik\fx-ai-trading\.venv\Lib\site-packages\sklearn\utils\validation.py:2691: UserWarning: X does not have valid feature names, but LGBMClassifier 
was fitted with feature names
  warnings.warn(
C:\Users\yukik\fx-ai-trading\.venv\Lib\site-packages\sklearn\utils\validation.py:2691: UserWarning: X does not have valid feature names, but LGBMClassifier 
was fitted with feature names
  warnings.warn(
C:\Users\yukik\fx-ai-trading\.venv\Lib\site-packages\sklearn\utils\validation.py:2691: UserWarning: X does not have valid feature names, but LGBMClassifier 
was fitted with feature names
  warnings.warn(
C:\Users\yukik\fx-ai-trading\.venv\Lib\site-packages\sklearn\utils\validation.py:2691: UserWarning: X does not have valid feature names, but LGBMClassifier 
was fitted with feature names
  warnings.warn(
C:\Users\yukik\fx-ai-trading\.venv\Lib\site-packages\sklearn\utils\validation.py:2691: UserWarning: X does not have valid feature names, but LGBMClassifier 
was fitted with feature names
  warnings.warn(
C:\Users\yukik\fx-ai-trading\.venv\Lib\site-packages\sklearn\utils\validation.py:2691: UserWarning: X does not have valid feature names, but LGBMClassifier 
was fitted with feature names
  warnings.warn(
C:\Users\yukik\fx-ai-trading\.venv\Lib\site-packages\sklearn\utils\validation.py:2691: UserWarning: X does not have valid feature names, but LGBMClassifier 
was fitted with feature names
  warnings.warn(
C:\Users\yukik\fx-ai-trading\.venv\Lib\site-packages\sklearn\utils\validation.py:2691: UserWarning: X does not have valid feature names, but LGBMClassifier 
was fitted with feature names
  warnings.warn(
C:\Users\yukik\fx-ai-trading\.venv\Lib\site-packages\sklearn\utils\validation.py:2691: UserWarning: X does not have valid feature names, but LGBMClassifier 
was fitted with feature names
  warnings.warn(
C:\Users\yukik\fx-ai-trading\.venv\Lib\site-packages\sklearn\utils\validation.py:2691: UserWarning: X does not have valid feature names, but LGBMClassifier 
was fitted with feature names
  warnings.warn(
C:\Users\yukik\fx-ai-trading\.venv\Lib\site-packages\sklearn\utils\validation.py:2691: UserWarning: X does not have valid feature names, but LGBMClassifier 
was fitted with feature names
  warnings.warn(
C:\Users\yukik\fx-ai-trading\.venv\Lib\site-packages\sklearn\utils\validation.py:2691: UserWarning: X does not have valid feature names, but LGBMClassifier 
was fitted with feature names
  warnings.warn(
C:\Users\yukik\fx-ai-trading\.venv\Lib\site-packages\sklearn\utils\validation.py:2691: UserWarning: X does not have valid feature names, but LGBMClassifier 
was fitted with feature names
  warnings.warn(
C:\Users\yukik\fx-ai-trading\.venv\Lib\site-packages\sklearn\utils\validation.py:2691: UserWarning: X does not have valid feature names, but LGBMClassifier 
was fitted with feature names
  warnings.warn(
C:\Users\yukik\fx-ai-trading\.venv\Lib\site-packages\sklearn\utils\validation.py:2691: UserWarning: X does not have valid feature names, but LGBMClassifier 
was fitted with feature names
  warnings.warn(
C:\Users\yukik\fx-ai-trading\.venv\Lib\site-packages\sklearn\utils\validation.py:2691: UserWarning: X does not have valid feature names, but LGBMClassifier 
was fitted with feature names
  warnings.warn(
C:\Users\yukik\fx-ai-trading\.venv\Lib\site-packages\sklearn\utils\validation.py:2691: UserWarning: X does not have valid feature names, but LGBMClassifier 
was fitted with feature names
  warnings.warn(
    fold   6/8 train [2025-07-24→2025-10-22] test [2025-10-22→2026-01-20]
C:\Users\yukik\fx-ai-trading\.venv\Lib\site-packages\sklearn\utils\validation.py:2691: UserWarning: X does not have valid feature names, but LGBMClassifier 
was fitted with feature names
  warnings.warn(
C:\Users\yukik\fx-ai-trading\.venv\Lib\site-packages\sklearn\utils\validation.py:2691: UserWarning: X does not have valid feature names, but LGBMClassifier 
was fitted with feature names
  warnings.warn(
C:\Users\yukik\fx-ai-trading\.venv\Lib\site-packages\sklearn\utils\validation.py:2691: UserWarning: X does not have valid feature names, but LGBMClassifier 
was fitted with feature names
  warnings.warn(
C:\Users\yukik\fx-ai-trading\.venv\Lib\site-packages\sklearn\utils\validation.py:2691: UserWarning: X does not have valid feature names, but LGBMClassifier 
was fitted with feature names
  warnings.warn(
C:\Users\yukik\fx-ai-trading\.venv\Lib\site-packages\sklearn\utils\validation.py:2691: UserWarning: X does not have valid feature names, but LGBMClassifier 
was fitted with feature names
  warnings.warn(
C:\Users\yukik\fx-ai-trading\.venv\Lib\site-packages\sklearn\utils\validation.py:2691: UserWarning: X does not have valid feature names, but LGBMClassifier 
was fitted with feature names
  warnings.warn(
C:\Users\yukik\fx-ai-trading\.venv\Lib\site-packages\sklearn\utils\validation.py:2691: UserWarning: X does not have valid feature names, but LGBMClassifier 
was fitted with feature names
  warnings.warn(
C:\Users\yukik\fx-ai-trading\.venv\Lib\site-packages\sklearn\utils\validation.py:2691: UserWarning: X does not have valid feature names, but LGBMClassifier 
was fitted with feature names
  warnings.warn(
C:\Users\yukik\fx-ai-trading\.venv\Lib\site-packages\sklearn\utils\validation.py:2691: UserWarning: X does not have valid feature names, but LGBMClassifier 
was fitted with feature names
  warnings.warn(
C:\Users\yukik\fx-ai-trading\.venv\Lib\site-packages\sklearn\utils\validation.py:2691: UserWarning: X does not have valid feature names, but LGBMClassifier 
was fitted with feature names
  warnings.warn(
C:\Users\yukik\fx-ai-trading\.venv\Lib\site-packages\sklearn\utils\validation.py:2691: UserWarning: X does not have valid feature names, but LGBMClassifier 
was fitted with feature names
  warnings.warn(
C:\Users\yukik\fx-ai-trading\.venv\Lib\site-packages\sklearn\utils\validation.py:2691: UserWarning: X does not have valid feature names, but LGBMClassifier 
was fitted with feature names
  warnings.warn(
C:\Users\yukik\fx-ai-trading\.venv\Lib\site-packages\sklearn\utils\validation.py:2691: UserWarning: X does not have valid feature names, but LGBMClassifier 
was fitted with feature names
  warnings.warn(
C:\Users\yukik\fx-ai-trading\.venv\Lib\site-packages\sklearn\utils\validation.py:2691: UserWarning: X does not have valid feature names, but LGBMClassifier 
was fitted with feature names
  warnings.warn(
C:\Users\yukik\fx-ai-trading\.venv\Lib\site-packages\sklearn\utils\validation.py:2691: UserWarning: X does not have valid feature names, but LGBMClassifier 
was fitted with feature names
  warnings.warn(
C:\Users\yukik\fx-ai-trading\.venv\Lib\site-packages\sklearn\utils\validation.py:2691: UserWarning: X does not have valid feature names, but LGBMClassifier 
was fitted with feature names
  warnings.warn(
C:\Users\yukik\fx-ai-trading\.venv\Lib\site-packages\sklearn\utils\validation.py:2691: UserWarning: X does not have valid feature names, but LGBMClassifier 
was fitted with feature names
  warnings.warn(
C:\Users\yukik\fx-ai-trading\.venv\Lib\site-packages\sklearn\utils\validation.py:2691: UserWarning: X does not have valid feature names, but LGBMClassifier 
was fitted with feature names
  warnings.warn(
C:\Users\yukik\fx-ai-trading\.venv\Lib\site-packages\sklearn\utils\validation.py:2691: UserWarning: X does not have valid feature names, but LGBMClassifier 
was fitted with feature names
  warnings.warn(
C:\Users\yukik\fx-ai-trading\.venv\Lib\site-packages\sklearn\utils\validation.py:2691: UserWarning: X does not have valid feature names, but LGBMClassifier 
was fitted with feature names
  warnings.warn(
    fold   7/8 train [2025-10-22→2026-01-20] test [2026-01-20→2026-04-20]
C:\Users\yukik\fx-ai-trading\.venv\Lib\site-packages\sklearn\utils\validation.py:2691: UserWarning: X does not have valid feature names, but LGBMClassifier 
was fitted with feature names
  warnings.warn(
C:\Users\yukik\fx-ai-trading\.venv\Lib\site-packages\sklearn\utils\validation.py:2691: UserWarning: X does not have valid feature names, but LGBMClassifier 
was fitted with feature names
  warnings.warn(
C:\Users\yukik\fx-ai-trading\.venv\Lib\site-packages\sklearn\utils\validation.py:2691: UserWarning: X does not have valid feature names, but LGBMClassifier 
was fitted with feature names
  warnings.warn(
C:\Users\yukik\fx-ai-trading\.venv\Lib\site-packages\sklearn\utils\validation.py:2691: UserWarning: X does not have valid feature names, but LGBMClassifier 
was fitted with feature names
  warnings.warn(
C:\Users\yukik\fx-ai-trading\.venv\Lib\site-packages\sklearn\utils\validation.py:2691: UserWarning: X does not have valid feature names, but LGBMClassifier 
was fitted with feature names
  warnings.warn(
C:\Users\yukik\fx-ai-trading\.venv\Lib\site-packages\sklearn\utils\validation.py:2691: UserWarning: X does not have valid feature names, but LGBMClassifier 
was fitted with feature names
  warnings.warn(
C:\Users\yukik\fx-ai-trading\.venv\Lib\site-packages\sklearn\utils\validation.py:2691: UserWarning: X does not have valid feature names, but LGBMClassifier 
was fitted with feature names
  warnings.warn(
C:\Users\yukik\fx-ai-trading\.venv\Lib\site-packages\sklearn\utils\validation.py:2691: UserWarning: X does not have valid feature names, but LGBMClassifier 
was fitted with feature names
  warnings.warn(
C:\Users\yukik\fx-ai-trading\.venv\Lib\site-packages\sklearn\utils\validation.py:2691: UserWarning: X does not have valid feature names, but LGBMClassifier 
was fitted with feature names
  warnings.warn(
C:\Users\yukik\fx-ai-trading\.venv\Lib\site-packages\sklearn\utils\validation.py:2691: UserWarning: X does not have valid feature names, but LGBMClassifier 
was fitted with feature names
  warnings.warn(
C:\Users\yukik\fx-ai-trading\.venv\Lib\site-packages\sklearn\utils\validation.py:2691: UserWarning: X does not have valid feature names, but LGBMClassifier 
was fitted with feature names
  warnings.warn(
C:\Users\yukik\fx-ai-trading\.venv\Lib\site-packages\sklearn\utils\validation.py:2691: UserWarning: X does not have valid feature names, but LGBMClassifier 
was fitted with feature names
  warnings.warn(
C:\Users\yukik\fx-ai-trading\.venv\Lib\site-packages\sklearn\utils\validation.py:2691: UserWarning: X does not have valid feature names, but LGBMClassifier 
was fitted with feature names
  warnings.warn(
C:\Users\yukik\fx-ai-trading\.venv\Lib\site-packages\sklearn\utils\validation.py:2691: UserWarning: X does not have valid feature names, but LGBMClassifier 
was fitted with feature names
  warnings.warn(
C:\Users\yukik\fx-ai-trading\.venv\Lib\site-packages\sklearn\utils\validation.py:2691: UserWarning: X does not have valid feature names, but LGBMClassifier 
was fitted with feature names
  warnings.warn(
C:\Users\yukik\fx-ai-trading\.venv\Lib\site-packages\sklearn\utils\validation.py:2691: UserWarning: X does not have valid feature names, but LGBMClassifier 
was fitted with feature names
  warnings.warn(
C:\Users\yukik\fx-ai-trading\.venv\Lib\site-packages\sklearn\utils\validation.py:2691: UserWarning: X does not have valid feature names, but LGBMClassifier 
was fitted with feature names
  warnings.warn(
C:\Users\yukik\fx-ai-trading\.venv\Lib\site-packages\sklearn\utils\validation.py:2691: UserWarning: X does not have valid feature names, but LGBMClassifier 
was fitted with feature names
  warnings.warn(
C:\Users\yukik\fx-ai-trading\.venv\Lib\site-packages\sklearn\utils\validation.py:2691: UserWarning: X does not have valid feature names, but LGBMClassifier 
was fitted with feature names
  warnings.warn(
C:\Users\yukik\fx-ai-trading\.venv\Lib\site-packages\sklearn\utils\validation.py:2691: UserWarning: X does not have valid feature names, but LGBMClassifier 
was fitted with feature names
  warnings.warn(
    fold   8/8 train [2026-01-20→2026-04-20] test [2026-04-20→2026-04-30]
C:\Users\yukik\fx-ai-trading\.venv\Lib\site-packages\sklearn\utils\validation.py:2691: UserWarning: X does not have valid feature names, but LGBMClassifier 
was fitted with feature names
  warnings.warn(
C:\Users\yukik\fx-ai-trading\.venv\Lib\site-packages\sklearn\utils\validation.py:2691: UserWarning: X does not have valid feature names, but LGBMClassifier 
was fitted with feature names
  warnings.warn(
C:\Users\yukik\fx-ai-trading\.venv\Lib\site-packages\sklearn\utils\validation.py:2691: UserWarning: X does not have valid feature names, but LGBMClassifier 
was fitted with feature names
  warnings.warn(
C:\Users\yukik\fx-ai-trading\.venv\Lib\site-packages\sklearn\utils\validation.py:2691: UserWarning: X does not have valid feature names, but LGBMClassifier 
was fitted with feature names
  warnings.warn(
C:\Users\yukik\fx-ai-trading\.venv\Lib\site-packages\sklearn\utils\validation.py:2691: UserWarning: X does not have valid feature names, but LGBMClassifier 
was fitted with feature names
  warnings.warn(
C:\Users\yukik\fx-ai-trading\.venv\Lib\site-packages\sklearn\utils\validation.py:2691: UserWarning: X does not have valid feature names, but LGBMClassifier 
was fitted with feature names
  warnings.warn(
C:\Users\yukik\fx-ai-trading\.venv\Lib\site-packages\sklearn\utils\validation.py:2691: UserWarning: X does not have valid feature names, but LGBMClassifier 
was fitted with feature names
  warnings.warn(
C:\Users\yukik\fx-ai-trading\.venv\Lib\site-packages\sklearn\utils\validation.py:2691: UserWarning: X does not have valid feature names, but LGBMClassifier 
was fitted with feature names
  warnings.warn(
C:\Users\yukik\fx-ai-trading\.venv\Lib\site-packages\sklearn\utils\validation.py:2691: UserWarning: X does not have valid feature names, but LGBMClassifier 
was fitted with feature names
  warnings.warn(
C:\Users\yukik\fx-ai-trading\.venv\Lib\site-packages\sklearn\utils\validation.py:2691: UserWarning: X does not have valid feature names, but LGBMClassifier 
was fitted with feature names
  warnings.warn(
C:\Users\yukik\fx-ai-trading\.venv\Lib\site-packages\sklearn\utils\validation.py:2691: UserWarning: X does not have valid feature names, but LGBMClassifier 
was fitted with feature names
  warnings.warn(
C:\Users\yukik\fx-ai-trading\.venv\Lib\site-packages\sklearn\utils\validation.py:2691: UserWarning: X does not have valid feature names, but LGBMClassifier 
was fitted with feature names
  warnings.warn(
C:\Users\yukik\fx-ai-trading\.venv\Lib\site-packages\sklearn\utils\validation.py:2691: UserWarning: X does not have valid feature names, but LGBMClassifier 
was fitted with feature names
  warnings.warn(
C:\Users\yukik\fx-ai-trading\.venv\Lib\site-packages\sklearn\utils\validation.py:2691: UserWarning: X does not have valid feature names, but LGBMClassifier 
was fitted with feature names
  warnings.warn(
C:\Users\yukik\fx-ai-trading\.venv\Lib\site-packages\sklearn\utils\validation.py:2691: UserWarning: X does not have valid feature names, but LGBMClassifier 
was fitted with feature names
  warnings.warn(
C:\Users\yukik\fx-ai-trading\.venv\Lib\site-packages\sklearn\utils\validation.py:2691: UserWarning: X does not have valid feature names, but LGBMClassifier 
was fitted with feature names
  warnings.warn(
C:\Users\yukik\fx-ai-trading\.venv\Lib\site-packages\sklearn\utils\validation.py:2691: UserWarning: X does not have valid feature names, but LGBMClassifier 
was fitted with feature names
  warnings.warn(
C:\Users\yukik\fx-ai-trading\.venv\Lib\site-packages\sklearn\utils\validation.py:2691: UserWarning: X does not have valid feature names, but LGBMClassifier 
was fitted with feature names
  warnings.warn(
C:\Users\yukik\fx-ai-trading\.venv\Lib\site-packages\sklearn\utils\validation.py:2691: UserWarning: X does not have valid feature names, but LGBMClassifier 
was fitted with feature names
  warnings.warn(
C:\Users\yukik\fx-ai-trading\.venv\Lib\site-packages\sklearn\utils\validation.py:2691: UserWarning: X does not have valid feature names, but LGBMClassifier 
was fitted with feature names
  warnings.warn(
  n=10,036  hit=12.4%  PnL=2,416pip  Sharpe=0.0402  MaxDD=-597.3pip

[E_wf365_full] +spread+reg: スプレッド3特徴量+正則化, WF365d/90d
    5 folds
    fold   1/5 train [2024-04-30→2025-04-30] test [2025-04-30→2025-07-29]
C:\Users\yukik\fx-ai-trading\.venv\Lib\site-packages\sklearn\utils\validation.py:2691: UserWarning: X does not have valid feature names, but LGBMClassifier 
was fitted with feature names
  warnings.warn(
C:\Users\yukik\fx-ai-trading\.venv\Lib\site-packages\sklearn\utils\validation.py:2691: UserWarning: X does not have valid feature names, but LGBMClassifier 
was fitted with feature names
  warnings.warn(
C:\Users\yukik\fx-ai-trading\.venv\Lib\site-packages\sklearn\utils\validation.py:2691: UserWarning: X does not have valid feature names, but LGBMClassifier 
was fitted with feature names
  warnings.warn(
C:\Users\yukik\fx-ai-trading\.venv\Lib\site-packages\sklearn\utils\validation.py:2691: UserWarning: X does not have valid feature names, but LGBMClassifier 
was fitted with feature names
  warnings.warn(
C:\Users\yukik\fx-ai-trading\.venv\Lib\site-packages\sklearn\utils\validation.py:2691: UserWarning: X does not have valid feature names, but LGBMClassifier 
was fitted with feature names
  warnings.warn(
C:\Users\yukik\fx-ai-trading\.venv\Lib\site-packages\sklearn\utils\validation.py:2691: UserWarning: X does not have valid feature names, but LGBMClassifier 
was fitted with feature names
  warnings.warn(
C:\Users\yukik\fx-ai-trading\.venv\Lib\site-packages\sklearn\utils\validation.py:2691: UserWarning: X does not have valid feature names, but LGBMClassifier 
was fitted with feature names
  warnings.warn(
C:\Users\yukik\fx-ai-trading\.venv\Lib\site-packages\sklearn\utils\validation.py:2691: UserWarning: X does not have valid feature names, but LGBMClassifier 
was fitted with feature names
  warnings.warn(
C:\Users\yukik\fx-ai-trading\.venv\Lib\site-packages\sklearn\utils\validation.py:2691: UserWarning: X does not have valid feature names, but LGBMClassifier 
was fitted with feature names
  warnings.warn(
C:\Users\yukik\fx-ai-trading\.venv\Lib\site-packages\sklearn\utils\validation.py:2691: UserWarning: X does not have valid feature names, but LGBMClassifier 
was fitted with feature names
  warnings.warn(
C:\Users\yukik\fx-ai-trading\.venv\Lib\site-packages\sklearn\utils\validation.py:2691: UserWarning: X does not have valid feature names, but LGBMClassifier 
was fitted with feature names
  warnings.warn(
C:\Users\yukik\fx-ai-trading\.venv\Lib\site-packages\sklearn\utils\validation.py:2691: UserWarning: X does not have valid feature names, but LGBMClassifier 
was fitted with feature names
  warnings.warn(
C:\Users\yukik\fx-ai-trading\.venv\Lib\site-packages\sklearn\utils\validation.py:2691: UserWarning: X does not have valid feature names, but LGBMClassifier 
was fitted with feature names
  warnings.warn(
C:\Users\yukik\fx-ai-trading\.venv\Lib\site-packages\sklearn\utils\validation.py:2691: UserWarning: X does not have valid feature names, but LGBMClassifier 
was fitted with feature names
  warnings.warn(
C:\Users\yukik\fx-ai-trading\.venv\Lib\site-packages\sklearn\utils\validation.py:2691: UserWarning: X does not have valid feature names, but LGBMClassifier 
was fitted with feature names
  warnings.warn(
C:\Users\yukik\fx-ai-trading\.venv\Lib\site-packages\sklearn\utils\validation.py:2691: UserWarning: X does not have valid feature names, but LGBMClassifier 
was fitted with feature names
  warnings.warn(
C:\Users\yukik\fx-ai-trading\.venv\Lib\site-packages\sklearn\utils\validation.py:2691: UserWarning: X does not have valid feature names, but LGBMClassifier 
was fitted with feature names
  warnings.warn(
C:\Users\yukik\fx-ai-trading\.venv\Lib\site-packages\sklearn\utils\validation.py:2691: UserWarning: X does not have valid feature names, but LGBMClassifier 
was fitted with feature names
  warnings.warn(
C:\Users\yukik\fx-ai-trading\.venv\Lib\site-packages\sklearn\utils\validation.py:2691: UserWarning: X does not have valid feature names, but LGBMClassifier 
was fitted with feature names
  warnings.warn(
C:\Users\yukik\fx-ai-trading\.venv\Lib\site-packages\sklearn\utils\validation.py:2691: UserWarning: X does not have valid feature names, but LGBMClassifier 
was fitted with feature names
  warnings.warn(
    fold   2/5 train [2024-07-29→2025-07-29] test [2025-07-29→2025-10-27]
C:\Users\yukik\fx-ai-trading\.venv\Lib\site-packages\sklearn\utils\validation.py:2691: UserWarning: X does not have valid feature names, but LGBMClassifier 
was fitted with feature names
  warnings.warn(
C:\Users\yukik\fx-ai-trading\.venv\Lib\site-packages\sklearn\utils\validation.py:2691: UserWarning: X does not have valid feature names, but LGBMClassifier 
was fitted with feature names
  warnings.warn(
C:\Users\yukik\fx-ai-trading\.venv\Lib\site-packages\sklearn\utils\validation.py:2691: UserWarning: X does not have valid feature names, but LGBMClassifier 
was fitted with feature names
  warnings.warn(
C:\Users\yukik\fx-ai-trading\.venv\Lib\site-packages\sklearn\utils\validation.py:2691: UserWarning: X does not have valid feature names, but LGBMClassifier 
was fitted with feature names
  warnings.warn(
C:\Users\yukik\fx-ai-trading\.venv\Lib\site-packages\sklearn\utils\validation.py:2691: UserWarning: X does not have valid feature names, but LGBMClassifier 
was fitted with feature names
  warnings.warn(
C:\Users\yukik\fx-ai-trading\.venv\Lib\site-packages\sklearn\utils\validation.py:2691: UserWarning: X does not have valid feature names, but LGBMClassifier 
was fitted with feature names
  warnings.warn(
C:\Users\yukik\fx-ai-trading\.venv\Lib\site-packages\sklearn\utils\validation.py:2691: UserWarning: X does not have valid feature names, but LGBMClassifier 
was fitted with feature names
  warnings.warn(
C:\Users\yukik\fx-ai-trading\.venv\Lib\site-packages\sklearn\utils\validation.py:2691: UserWarning: X does not have valid feature names, but LGBMClassifier 
was fitted with feature names
  warnings.warn(
C:\Users\yukik\fx-ai-trading\.venv\Lib\site-packages\sklearn\utils\validation.py:2691: UserWarning: X does not have valid feature names, but LGBMClassifier 
was fitted with feature names
  warnings.warn(
C:\Users\yukik\fx-ai-trading\.venv\Lib\site-packages\sklearn\utils\validation.py:2691: UserWarning: X does not have valid feature names, but LGBMClassifier 
was fitted with feature names
  warnings.warn(
C:\Users\yukik\fx-ai-trading\.venv\Lib\site-packages\sklearn\utils\validation.py:2691: UserWarning: X does not have valid feature names, but LGBMClassifier 
was fitted with feature names
  warnings.warn(
C:\Users\yukik\fx-ai-trading\.venv\Lib\site-packages\sklearn\utils\validation.py:2691: UserWarning: X does not have valid feature names, but LGBMClassifier 
was fitted with feature names
  warnings.warn(
C:\Users\yukik\fx-ai-trading\.venv\Lib\site-packages\sklearn\utils\validation.py:2691: UserWarning: X does not have valid feature names, but LGBMClassifier 
was fitted with feature names
  warnings.warn(
C:\Users\yukik\fx-ai-trading\.venv\Lib\site-packages\sklearn\utils\validation.py:2691: UserWarning: X does not have valid feature names, but LGBMClassifier 
was fitted with feature names
  warnings.warn(
C:\Users\yukik\fx-ai-trading\.venv\Lib\site-packages\sklearn\utils\validation.py:2691: UserWarning: X does not have valid feature names, but LGBMClassifier 
was fitted with feature names
  warnings.warn(
C:\Users\yukik\fx-ai-trading\.venv\Lib\site-packages\sklearn\utils\validation.py:2691: UserWarning: X does not have valid feature names, but LGBMClassifier 
was fitted with feature names
  warnings.warn(
C:\Users\yukik\fx-ai-trading\.venv\Lib\site-packages\sklearn\utils\validation.py:2691: UserWarning: X does not have valid feature names, but LGBMClassifier 
was fitted with feature names
  warnings.warn(
C:\Users\yukik\fx-ai-trading\.venv\Lib\site-packages\sklearn\utils\validation.py:2691: UserWarning: X does not have valid feature names, but LGBMClassifier 
was fitted with feature names
  warnings.warn(
C:\Users\yukik\fx-ai-trading\.venv\Lib\site-packages\sklearn\utils\validation.py:2691: UserWarning: X does not have valid feature names, but LGBMClassifier 
was fitted with feature names
  warnings.warn(
C:\Users\yukik\fx-ai-trading\.venv\Lib\site-packages\sklearn\utils\validation.py:2691: UserWarning: X does not have valid feature names, but LGBMClassifier 
was fitted with feature names
  warnings.warn(
    fold   3/5 train [2024-10-27→2025-10-27] test [2025-10-27→2026-01-25]
C:\Users\yukik\fx-ai-trading\.venv\Lib\site-packages\sklearn\utils\validation.py:2691: UserWarning: X does not have valid feature names, but LGBMClassifier 
was fitted with feature names
  warnings.warn(
C:\Users\yukik\fx-ai-trading\.venv\Lib\site-packages\sklearn\utils\validation.py:2691: UserWarning: X does not have valid feature names, but LGBMClassifier 
was fitted with feature names
  warnings.warn(
C:\Users\yukik\fx-ai-trading\.venv\Lib\site-packages\sklearn\utils\validation.py:2691: UserWarning: X does not have valid feature names, but LGBMClassifier 
was fitted with feature names
  warnings.warn(
C:\Users\yukik\fx-ai-trading\.venv\Lib\site-packages\sklearn\utils\validation.py:2691: UserWarning: X does not have valid feature names, but LGBMClassifier 
was fitted with feature names
  warnings.warn(
C:\Users\yukik\fx-ai-trading\.venv\Lib\site-packages\sklearn\utils\validation.py:2691: UserWarning: X does not have valid feature names, but LGBMClassifier 
was fitted with feature names
  warnings.warn(
C:\Users\yukik\fx-ai-trading\.venv\Lib\site-packages\sklearn\utils\validation.py:2691: UserWarning: X does not have valid feature names, but LGBMClassifier 
was fitted with feature names
  warnings.warn(
C:\Users\yukik\fx-ai-trading\.venv\Lib\site-packages\sklearn\utils\validation.py:2691: UserWarning: X does not have valid feature names, but LGBMClassifier 
was fitted with feature names
  warnings.warn(
C:\Users\yukik\fx-ai-trading\.venv\Lib\site-packages\sklearn\utils\validation.py:2691: UserWarning: X does not have valid feature names, but LGBMClassifier 
was fitted with feature names
  warnings.warn(
C:\Users\yukik\fx-ai-trading\.venv\Lib\site-packages\sklearn\utils\validation.py:2691: UserWarning: X does not have valid feature names, but LGBMClassifier 
was fitted with feature names
  warnings.warn(
C:\Users\yukik\fx-ai-trading\.venv\Lib\site-packages\sklearn\utils\validation.py:2691: UserWarning: X does not have valid feature names, but LGBMClassifier 
was fitted with feature names
  warnings.warn(
C:\Users\yukik\fx-ai-trading\.venv\Lib\site-packages\sklearn\utils\validation.py:2691: UserWarning: X does not have valid feature names, but LGBMClassifier 
was fitted with feature names
  warnings.warn(
C:\Users\yukik\fx-ai-trading\.venv\Lib\site-packages\sklearn\utils\validation.py:2691: UserWarning: X does not have valid feature names, but LGBMClassifier 
was fitted with feature names
  warnings.warn(
C:\Users\yukik\fx-ai-trading\.venv\Lib\site-packages\sklearn\utils\validation.py:2691: UserWarning: X does not have valid feature names, but LGBMClassifier 
was fitted with feature names
  warnings.warn(
C:\Users\yukik\fx-ai-trading\.venv\Lib\site-packages\sklearn\utils\validation.py:2691: UserWarning: X does not have valid feature names, but LGBMClassifier 
was fitted with feature names
  warnings.warn(
C:\Users\yukik\fx-ai-trading\.venv\Lib\site-packages\sklearn\utils\validation.py:2691: UserWarning: X does not have valid feature names, but LGBMClassifier 
was fitted with feature names
  warnings.warn(
C:\Users\yukik\fx-ai-trading\.venv\Lib\site-packages\sklearn\utils\validation.py:2691: UserWarning: X does not have valid feature names, but LGBMClassifier 
was fitted with feature names
  warnings.warn(
C:\Users\yukik\fx-ai-trading\.venv\Lib\site-packages\sklearn\utils\validation.py:2691: UserWarning: X does not have valid feature names, but LGBMClassifier 
was fitted with feature names
  warnings.warn(
C:\Users\yukik\fx-ai-trading\.venv\Lib\site-packages\sklearn\utils\validation.py:2691: UserWarning: X does not have valid feature names, but LGBMClassifier 
was fitted with feature names
  warnings.warn(
C:\Users\yukik\fx-ai-trading\.venv\Lib\site-packages\sklearn\utils\validation.py:2691: UserWarning: X does not have valid feature names, but LGBMClassifier 
was fitted with feature names
  warnings.warn(
C:\Users\yukik\fx-ai-trading\.venv\Lib\site-packages\sklearn\utils\validation.py:2691: UserWarning: X does not have valid feature names, but LGBMClassifier 
was fitted with feature names
  warnings.warn(
    fold   4/5 train [2025-01-25→2026-01-25] test [2026-01-25→2026-04-25]
C:\Users\yukik\fx-ai-trading\.venv\Lib\site-packages\sklearn\utils\validation.py:2691: UserWarning: X does not have valid feature names, but LGBMClassifier 
was fitted with feature names
  warnings.warn(
C:\Users\yukik\fx-ai-trading\.venv\Lib\site-packages\sklearn\utils\validation.py:2691: UserWarning: X does not have valid feature names, but LGBMClassifier 
was fitted with feature names
  warnings.warn(
C:\Users\yukik\fx-ai-trading\.venv\Lib\site-packages\sklearn\utils\validation.py:2691: UserWarning: X does not have valid feature names, but LGBMClassifier 
was fitted with feature names
  warnings.warn(
C:\Users\yukik\fx-ai-trading\.venv\Lib\site-packages\sklearn\utils\validation.py:2691: UserWarning: X does not have valid feature names, but LGBMClassifier 
was fitted with feature names
  warnings.warn(
C:\Users\yukik\fx-ai-trading\.venv\Lib\site-packages\sklearn\utils\validation.py:2691: UserWarning: X does not have valid feature names, but LGBMClassifier 
was fitted with feature names
  warnings.warn(
C:\Users\yukik\fx-ai-trading\.venv\Lib\site-packages\sklearn\utils\validation.py:2691: UserWarning: X does not have valid feature names, but LGBMClassifier 
was fitted with feature names
  warnings.warn(
C:\Users\yukik\fx-ai-trading\.venv\Lib\site-packages\sklearn\utils\validation.py:2691: UserWarning: X does not have valid feature names, but LGBMClassifier 
was fitted with feature names
  warnings.warn(
C:\Users\yukik\fx-ai-trading\.venv\Lib\site-packages\sklearn\utils\validation.py:2691: UserWarning: X does not have valid feature names, but LGBMClassifier 
was fitted with feature names
  warnings.warn(
C:\Users\yukik\fx-ai-trading\.venv\Lib\site-packages\sklearn\utils\validation.py:2691: UserWarning: X does not have valid feature names, but LGBMClassifier 
was fitted with feature names
  warnings.warn(
C:\Users\yukik\fx-ai-trading\.venv\Lib\site-packages\sklearn\utils\validation.py:2691: UserWarning: X does not have valid feature names, but LGBMClassifier 
was fitted with feature names
  warnings.warn(
C:\Users\yukik\fx-ai-trading\.venv\Lib\site-packages\sklearn\utils\validation.py:2691: UserWarning: X does not have valid feature names, but LGBMClassifier 
was fitted with feature names
  warnings.warn(
C:\Users\yukik\fx-ai-trading\.venv\Lib\site-packages\sklearn\utils\validation.py:2691: UserWarning: X does not have valid feature names, but LGBMClassifier 
was fitted with feature names
  warnings.warn(
C:\Users\yukik\fx-ai-trading\.venv\Lib\site-packages\sklearn\utils\validation.py:2691: UserWarning: X does not have valid feature names, but LGBMClassifier 
was fitted with feature names
  warnings.warn(
C:\Users\yukik\fx-ai-trading\.venv\Lib\site-packages\sklearn\utils\validation.py:2691: UserWarning: X does not have valid feature names, but LGBMClassifier 
was fitted with feature names
  warnings.warn(
C:\Users\yukik\fx-ai-trading\.venv\Lib\site-packages\sklearn\utils\validation.py:2691: UserWarning: X does not have valid feature names, but LGBMClassifier 
was fitted with feature names
  warnings.warn(
C:\Users\yukik\fx-ai-trading\.venv\Lib\site-packages\sklearn\utils\validation.py:2691: UserWarning: X does not have valid feature names, but LGBMClassifier 
was fitted with feature names
  warnings.warn(
C:\Users\yukik\fx-ai-trading\.venv\Lib\site-packages\sklearn\utils\validation.py:2691: UserWarning: X does not have valid feature names, but LGBMClassifier 
was fitted with feature names
  warnings.warn(
C:\Users\yukik\fx-ai-trading\.venv\Lib\site-packages\sklearn\utils\validation.py:2691: UserWarning: X does not have valid feature names, but LGBMClassifier 
was fitted with feature names
  warnings.warn(
C:\Users\yukik\fx-ai-trading\.venv\Lib\site-packages\sklearn\utils\validation.py:2691: UserWarning: X does not have valid feature names, but LGBMClassifier 
was fitted with feature names
  warnings.warn(
C:\Users\yukik\fx-ai-trading\.venv\Lib\site-packages\sklearn\utils\validation.py:2691: UserWarning: X does not have valid feature names, but LGBMClassifier 
was fitted with feature names
  warnings.warn(
    fold   5/5 train [2025-04-25→2026-04-25] test [2026-04-25→2026-04-30]
C:\Users\yukik\fx-ai-trading\.venv\Lib\site-packages\sklearn\utils\validation.py:2691: UserWarning: X does not have valid feature names, but LGBMClassifier 
was fitted with feature names
  warnings.warn(
C:\Users\yukik\fx-ai-trading\.venv\Lib\site-packages\sklearn\utils\validation.py:2691: UserWarning: X does not have valid feature names, but LGBMClassifier 
was fitted with feature names
  warnings.warn(
C:\Users\yukik\fx-ai-trading\.venv\Lib\site-packages\sklearn\utils\validation.py:2691: UserWarning: X does not have valid feature names, but LGBMClassifier 
was fitted with feature names
  warnings.warn(
C:\Users\yukik\fx-ai-trading\.venv\Lib\site-packages\sklearn\utils\validation.py:2691: UserWarning: X does not have valid feature names, but LGBMClassifier 
was fitted with feature names
  warnings.warn(
C:\Users\yukik\fx-ai-trading\.venv\Lib\site-packages\sklearn\utils\validation.py:2691: UserWarning: X does not have valid feature names, but LGBMClassifier 
was fitted with feature names
  warnings.warn(
C:\Users\yukik\fx-ai-trading\.venv\Lib\site-packages\sklearn\utils\validation.py:2691: UserWarning: X does not have valid feature names, but LGBMClassifier 
was fitted with feature names
  warnings.warn(
C:\Users\yukik\fx-ai-trading\.venv\Lib\site-packages\sklearn\utils\validation.py:2691: UserWarning: X does not have valid feature names, but LGBMClassifier 
was fitted with feature names
  warnings.warn(
C:\Users\yukik\fx-ai-trading\.venv\Lib\site-packages\sklearn\utils\validation.py:2691: UserWarning: X does not have valid feature names, but LGBMClassifier 
was fitted with feature names
  warnings.warn(
C:\Users\yukik\fx-ai-trading\.venv\Lib\site-packages\sklearn\utils\validation.py:2691: UserWarning: X does not have valid feature names, but LGBMClassifier 
was fitted with feature names
  warnings.warn(
C:\Users\yukik\fx-ai-trading\.venv\Lib\site-packages\sklearn\utils\validation.py:2691: UserWarning: X does not have valid feature names, but LGBMClassifier 
was fitted with feature names
  warnings.warn(
C:\Users\yukik\fx-ai-trading\.venv\Lib\site-packages\sklearn\utils\validation.py:2691: UserWarning: X does not have valid feature names, but LGBMClassifier 
was fitted with feature names
  warnings.warn(
C:\Users\yukik\fx-ai-trading\.venv\Lib\site-packages\sklearn\utils\validation.py:2691: UserWarning: X does not have valid feature names, but LGBMClassifier 
was fitted with feature names
  warnings.warn(
C:\Users\yukik\fx-ai-trading\.venv\Lib\site-packages\sklearn\utils\validation.py:2691: UserWarning: X does not have valid feature names, but LGBMClassifier 
was fitted with feature names
  warnings.warn(
C:\Users\yukik\fx-ai-trading\.venv\Lib\site-packages\sklearn\utils\validation.py:2691: UserWarning: X does not have valid feature names, but LGBMClassifier 
was fitted with feature names
  warnings.warn(
C:\Users\yukik\fx-ai-trading\.venv\Lib\site-packages\sklearn\utils\validation.py:2691: UserWarning: X does not have valid feature names, but LGBMClassifier 
was fitted with feature names
  warnings.warn(
C:\Users\yukik\fx-ai-trading\.venv\Lib\site-packages\sklearn\utils\validation.py:2691: UserWarning: X does not have valid feature names, but LGBMClassifier 
was fitted with feature names
  warnings.warn(
C:\Users\yukik\fx-ai-trading\.venv\Lib\site-packages\sklearn\utils\validation.py:2691: UserWarning: X does not have valid feature names, but LGBMClassifier 
was fitted with feature names
  warnings.warn(
C:\Users\yukik\fx-ai-trading\.venv\Lib\site-packages\sklearn\utils\validation.py:2691: UserWarning: X does not have valid feature names, but LGBMClassifier 
was fitted with feature names
  warnings.warn(
C:\Users\yukik\fx-ai-trading\.venv\Lib\site-packages\sklearn\utils\validation.py:2691: UserWarning: X does not have valid feature names, but LGBMClassifier 
was fitted with feature names
  warnings.warn(
C:\Users\yukik\fx-ai-trading\.venv\Lib\site-packages\sklearn\utils\validation.py:2691: UserWarning: X does not have valid feature names, but LGBMClassifier 
was fitted with feature names
  warnings.warn(
  n=327  hit=14.1%  PnL=159pip  Sharpe=0.0922  MaxDD=-51.7pip

[F_mp_wf90] +multipair: 全ペア統合1モデル+pair_id特徴量, WF90d/90d
    8 folds
    fold   1/8 train [2024-04-30→2024-07-29] test [2024-07-29→2024-10-27]
C:\Users\yukik\fx-ai-trading\.venv\Lib\site-packages\sklearn\utils\validation.py:2691: UserWarning: X does not have valid feature names, but LGBMClassifier 
was fitted with feature names
  warnings.warn(
C:\Users\yukik\fx-ai-trading\.venv\Lib\site-packages\sklearn\utils\validation.py:2691: UserWarning: X does not have valid feature names, but LGBMClassifier 
was fitted with feature names
  warnings.warn(
C:\Users\yukik\fx-ai-trading\.venv\Lib\site-packages\sklearn\utils\validation.py:2691: UserWarning: X does not have valid feature names, but LGBMClassifier 
was fitted with feature names
  warnings.warn(
C:\Users\yukik\fx-ai-trading\.venv\Lib\site-packages\sklearn\utils\validation.py:2691: UserWarning: X does not have valid feature names, but LGBMClassifier 
was fitted with feature names
  warnings.warn(
C:\Users\yukik\fx-ai-trading\.venv\Lib\site-packages\sklearn\utils\validation.py:2691: UserWarning: X does not have valid feature names, but LGBMClassifier 
was fitted with feature names
  warnings.warn(
C:\Users\yukik\fx-ai-trading\.venv\Lib\site-packages\sklearn\utils\validation.py:2691: UserWarning: X does not have valid feature names, but LGBMClassifier 
was fitted with feature names
  warnings.warn(
C:\Users\yukik\fx-ai-trading\.venv\Lib\site-packages\sklearn\utils\validation.py:2691: UserWarning: X does not have valid feature names, but LGBMClassifier 
was fitted with feature names
  warnings.warn(
C:\Users\yukik\fx-ai-trading\.venv\Lib\site-packages\sklearn\utils\validation.py:2691: UserWarning: X does not have valid feature names, but LGBMClassifier 
was fitted with feature names
  warnings.warn(
C:\Users\yukik\fx-ai-trading\.venv\Lib\site-packages\sklearn\utils\validation.py:2691: UserWarning: X does not have valid feature names, but LGBMClassifier 
was fitted with feature names
  warnings.warn(
C:\Users\yukik\fx-ai-trading\.venv\Lib\site-packages\sklearn\utils\validation.py:2691: UserWarning: X does not have valid feature names, but LGBMClassifier 
was fitted with feature names
  warnings.warn(
C:\Users\yukik\fx-ai-trading\.venv\Lib\site-packages\sklearn\utils\validation.py:2691: UserWarning: X does not have valid feature names, but LGBMClassifier 
was fitted with feature names
  warnings.warn(
C:\Users\yukik\fx-ai-trading\.venv\Lib\site-packages\sklearn\utils\validation.py:2691: UserWarning: X does not have valid feature names, but LGBMClassifier 
was fitted with feature names
  warnings.warn(
C:\Users\yukik\fx-ai-trading\.venv\Lib\site-packages\sklearn\utils\validation.py:2691: UserWarning: X does not have valid feature names, but LGBMClassifier 
was fitted with feature names
  warnings.warn(
C:\Users\yukik\fx-ai-trading\.venv\Lib\site-packages\sklearn\utils\validation.py:2691: UserWarning: X does not have valid feature names, but LGBMClassifier 
was fitted with feature names
  warnings.warn(
C:\Users\yukik\fx-ai-trading\.venv\Lib\site-packages\sklearn\utils\validation.py:2691: UserWarning: X does not have valid feature names, but LGBMClassifier 
was fitted with feature names
  warnings.warn(
C:\Users\yukik\fx-ai-trading\.venv\Lib\site-packages\sklearn\utils\validation.py:2691: UserWarning: X does not have valid feature names, but LGBMClassifier 
was fitted with feature names
  warnings.warn(
C:\Users\yukik\fx-ai-trading\.venv\Lib\site-packages\sklearn\utils\validation.py:2691: UserWarning: X does not have valid feature names, but LGBMClassifier 
was fitted with feature names
  warnings.warn(
C:\Users\yukik\fx-ai-trading\.venv\Lib\site-packages\sklearn\utils\validation.py:2691: UserWarning: X does not have valid feature names, but LGBMClassifier 
was fitted with feature names
  warnings.warn(
C:\Users\yukik\fx-ai-trading\.venv\Lib\site-packages\sklearn\utils\validation.py:2691: UserWarning: X does not have valid feature names, but LGBMClassifier 
was fitted with feature names
  warnings.warn(
C:\Users\yukik\fx-ai-trading\.venv\Lib\site-packages\sklearn\utils\validation.py:2691: UserWarning: X does not have valid feature names, but LGBMClassifier 
was fitted with feature names
  warnings.warn(
    fold   2/8 train [2024-07-29→2024-10-27] test [2024-10-27→2025-01-25]
C:\Users\yukik\fx-ai-trading\.venv\Lib\site-packages\sklearn\utils\validation.py:2691: UserWarning: X does not have valid feature names, but LGBMClassifier 
was fitted with feature names
  warnings.warn(
C:\Users\yukik\fx-ai-trading\.venv\Lib\site-packages\sklearn\utils\validation.py:2691: UserWarning: X does not have valid feature names, but LGBMClassifier 
was fitted with feature names
  warnings.warn(
C:\Users\yukik\fx-ai-trading\.venv\Lib\site-packages\sklearn\utils\validation.py:2691: UserWarning: X does not have valid feature names, but LGBMClassifier 
was fitted with feature names
  warnings.warn(
C:\Users\yukik\fx-ai-trading\.venv\Lib\site-packages\sklearn\utils\validation.py:2691: UserWarning: X does not have valid feature names, but LGBMClassifier 
was fitted with feature names
  warnings.warn(
C:\Users\yukik\fx-ai-trading\.venv\Lib\site-packages\sklearn\utils\validation.py:2691: UserWarning: X does not have valid feature names, but LGBMClassifier 
was fitted with feature names
  warnings.warn(
C:\Users\yukik\fx-ai-trading\.venv\Lib\site-packages\sklearn\utils\validation.py:2691: UserWarning: X does not have valid feature names, but LGBMClassifier 
was fitted with feature names
  warnings.warn(
C:\Users\yukik\fx-ai-trading\.venv\Lib\site-packages\sklearn\utils\validation.py:2691: UserWarning: X does not have valid feature names, but LGBMClassifier 
was fitted with feature names
  warnings.warn(
C:\Users\yukik\fx-ai-trading\.venv\Lib\site-packages\sklearn\utils\validation.py:2691: UserWarning: X does not have valid feature names, but LGBMClassifier 
was fitted with feature names
  warnings.warn(
C:\Users\yukik\fx-ai-trading\.venv\Lib\site-packages\sklearn\utils\validation.py:2691: UserWarning: X does not have valid feature names, but LGBMClassifier 
was fitted with feature names
  warnings.warn(
C:\Users\yukik\fx-ai-trading\.venv\Lib\site-packages\sklearn\utils\validation.py:2691: UserWarning: X does not have valid feature names, but LGBMClassifier 
was fitted with feature names
  warnings.warn(
C:\Users\yukik\fx-ai-trading\.venv\Lib\site-packages\sklearn\utils\validation.py:2691: UserWarning: X does not have valid feature names, but LGBMClassifier 
was fitted with feature names
  warnings.warn(
C:\Users\yukik\fx-ai-trading\.venv\Lib\site-packages\sklearn\utils\validation.py:2691: UserWarning: X does not have valid feature names, but LGBMClassifier 
was fitted with feature names
  warnings.warn(
C:\Users\yukik\fx-ai-trading\.venv\Lib\site-packages\sklearn\utils\validation.py:2691: UserWarning: X does not have valid feature names, but LGBMClassifier 
was fitted with feature names
  warnings.warn(
C:\Users\yukik\fx-ai-trading\.venv\Lib\site-packages\sklearn\utils\validation.py:2691: UserWarning: X does not have valid feature names, but LGBMClassifier 
was fitted with feature names
  warnings.warn(
C:\Users\yukik\fx-ai-trading\.venv\Lib\site-packages\sklearn\utils\validation.py:2691: UserWarning: X does not have valid feature names, but LGBMClassifier 
was fitted with feature names
  warnings.warn(
C:\Users\yukik\fx-ai-trading\.venv\Lib\site-packages\sklearn\utils\validation.py:2691: UserWarning: X does not have valid feature names, but LGBMClassifier 
was fitted with feature names
  warnings.warn(
C:\Users\yukik\fx-ai-trading\.venv\Lib\site-packages\sklearn\utils\validation.py:2691: UserWarning: X does not have valid feature names, but LGBMClassifier 
was fitted with feature names
  warnings.warn(
C:\Users\yukik\fx-ai-trading\.venv\Lib\site-packages\sklearn\utils\validation.py:2691: UserWarning: X does not have valid feature names, but LGBMClassifier 
was fitted with feature names
  warnings.warn(
C:\Users\yukik\fx-ai-trading\.venv\Lib\site-packages\sklearn\utils\validation.py:2691: UserWarning: X does not have valid feature names, but LGBMClassifier 
was fitted with feature names
  warnings.warn(
C:\Users\yukik\fx-ai-trading\.venv\Lib\site-packages\sklearn\utils\validation.py:2691: UserWarning: X does not have valid feature names, but LGBMClassifier 
was fitted with feature names
  warnings.warn(
    fold   3/8 train [2024-10-27→2025-01-25] test [2025-01-25→2025-04-25]
C:\Users\yukik\fx-ai-trading\.venv\Lib\site-packages\sklearn\utils\validation.py:2691: UserWarning: X does not have valid feature names, but LGBMClassifier 
was fitted with feature names
  warnings.warn(
C:\Users\yukik\fx-ai-trading\.venv\Lib\site-packages\sklearn\utils\validation.py:2691: UserWarning: X does not have valid feature names, but LGBMClassifier 
was fitted with feature names
  warnings.warn(
C:\Users\yukik\fx-ai-trading\.venv\Lib\site-packages\sklearn\utils\validation.py:2691: UserWarning: X does not have valid feature names, but LGBMClassifier 
was fitted with feature names
  warnings.warn(
C:\Users\yukik\fx-ai-trading\.venv\Lib\site-packages\sklearn\utils\validation.py:2691: UserWarning: X does not have valid feature names, but LGBMClassifier 
was fitted with feature names
  warnings.warn(
C:\Users\yukik\fx-ai-trading\.venv\Lib\site-packages\sklearn\utils\validation.py:2691: UserWarning: X does not have valid feature names, but LGBMClassifier 
was fitted with feature names
  warnings.warn(
C:\Users\yukik\fx-ai-trading\.venv\Lib\site-packages\sklearn\utils\validation.py:2691: UserWarning: X does not have valid feature names, but LGBMClassifier 
was fitted with feature names
  warnings.warn(
C:\Users\yukik\fx-ai-trading\.venv\Lib\site-packages\sklearn\utils\validation.py:2691: UserWarning: X does not have valid feature names, but LGBMClassifier 
was fitted with feature names
  warnings.warn(
C:\Users\yukik\fx-ai-trading\.venv\Lib\site-packages\sklearn\utils\validation.py:2691: UserWarning: X does not have valid feature names, but LGBMClassifier 
was fitted with feature names
  warnings.warn(
C:\Users\yukik\fx-ai-trading\.venv\Lib\site-packages\sklearn\utils\validation.py:2691: UserWarning: X does not have valid feature names, but LGBMClassifier 
was fitted with feature names
  warnings.warn(
C:\Users\yukik\fx-ai-trading\.venv\Lib\site-packages\sklearn\utils\validation.py:2691: UserWarning: X does not have valid feature names, but LGBMClassifier 
was fitted with feature names
  warnings.warn(
C:\Users\yukik\fx-ai-trading\.venv\Lib\site-packages\sklearn\utils\validation.py:2691: UserWarning: X does not have valid feature names, but LGBMClassifier 
was fitted with feature names
  warnings.warn(
C:\Users\yukik\fx-ai-trading\.venv\Lib\site-packages\sklearn\utils\validation.py:2691: UserWarning: X does not have valid feature names, but LGBMClassifier 
was fitted with feature names
  warnings.warn(
C:\Users\yukik\fx-ai-trading\.venv\Lib\site-packages\sklearn\utils\validation.py:2691: UserWarning: X does not have valid feature names, but LGBMClassifier 
was fitted with feature names
  warnings.warn(
C:\Users\yukik\fx-ai-trading\.venv\Lib\site-packages\sklearn\utils\validation.py:2691: UserWarning: X does not have valid feature names, but LGBMClassifier 
was fitted with feature names
  warnings.warn(
C:\Users\yukik\fx-ai-trading\.venv\Lib\site-packages\sklearn\utils\validation.py:2691: UserWarning: X does not have valid feature names, but LGBMClassifier 
was fitted with feature names
  warnings.warn(
C:\Users\yukik\fx-ai-trading\.venv\Lib\site-packages\sklearn\utils\validation.py:2691: UserWarning: X does not have valid feature names, but LGBMClassifier 
was fitted with feature names
  warnings.warn(
C:\Users\yukik\fx-ai-trading\.venv\Lib\site-packages\sklearn\utils\validation.py:2691: UserWarning: X does not have valid feature names, but LGBMClassifier 
was fitted with feature names
  warnings.warn(
C:\Users\yukik\fx-ai-trading\.venv\Lib\site-packages\sklearn\utils\validation.py:2691: UserWarning: X does not have valid feature names, but LGBMClassifier 
was fitted with feature names
  warnings.warn(
C:\Users\yukik\fx-ai-trading\.venv\Lib\site-packages\sklearn\utils\validation.py:2691: UserWarning: X does not have valid feature names, but LGBMClassifier 
was fitted with feature names
  warnings.warn(
C:\Users\yukik\fx-ai-trading\.venv\Lib\site-packages\sklearn\utils\validation.py:2691: UserWarning: X does not have valid feature names, but LGBMClassifier 
was fitted with feature names
  warnings.warn(
    fold   4/8 train [2025-01-25→2025-04-25] test [2025-04-25→2025-07-24]
C:\Users\yukik\fx-ai-trading\.venv\Lib\site-packages\sklearn\utils\validation.py:2691: UserWarning: X does not have valid feature names, but LGBMClassifier 
was fitted with feature names
  warnings.warn(
C:\Users\yukik\fx-ai-trading\.venv\Lib\site-packages\sklearn\utils\validation.py:2691: UserWarning: X does not have valid feature names, but LGBMClassifier 
was fitted with feature names
  warnings.warn(
C:\Users\yukik\fx-ai-trading\.venv\Lib\site-packages\sklearn\utils\validation.py:2691: UserWarning: X does not have valid feature names, but LGBMClassifier 
was fitted with feature names
  warnings.warn(
C:\Users\yukik\fx-ai-trading\.venv\Lib\site-packages\sklearn\utils\validation.py:2691: UserWarning: X does not have valid feature names, but LGBMClassifier 
was fitted with feature names
  warnings.warn(
C:\Users\yukik\fx-ai-trading\.venv\Lib\site-packages\sklearn\utils\validation.py:2691: UserWarning: X does not have valid feature names, but LGBMClassifier 
was fitted with feature names
  warnings.warn(
C:\Users\yukik\fx-ai-trading\.venv\Lib\site-packages\sklearn\utils\validation.py:2691: UserWarning: X does not have valid feature names, but LGBMClassifier 
was fitted with feature names
  warnings.warn(
C:\Users\yukik\fx-ai-trading\.venv\Lib\site-packages\sklearn\utils\validation.py:2691: UserWarning: X does not have valid feature names, but LGBMClassifier 
was fitted with feature names
  warnings.warn(
C:\Users\yukik\fx-ai-trading\.venv\Lib\site-packages\sklearn\utils\validation.py:2691: UserWarning: X does not have valid feature names, but LGBMClassifier 
was fitted with feature names
  warnings.warn(
C:\Users\yukik\fx-ai-trading\.venv\Lib\site-packages\sklearn\utils\validation.py:2691: UserWarning: X does not have valid feature names, but LGBMClassifier 
was fitted with feature names
  warnings.warn(
C:\Users\yukik\fx-ai-trading\.venv\Lib\site-packages\sklearn\utils\validation.py:2691: UserWarning: X does not have valid feature names, but LGBMClassifier 
was fitted with feature names
  warnings.warn(
C:\Users\yukik\fx-ai-trading\.venv\Lib\site-packages\sklearn\utils\validation.py:2691: UserWarning: X does not have valid feature names, but LGBMClassifier 
was fitted with feature names
  warnings.warn(
C:\Users\yukik\fx-ai-trading\.venv\Lib\site-packages\sklearn\utils\validation.py:2691: UserWarning: X does not have valid feature names, but LGBMClassifier 
was fitted with feature names
  warnings.warn(
C:\Users\yukik\fx-ai-trading\.venv\Lib\site-packages\sklearn\utils\validation.py:2691: UserWarning: X does not have valid feature names, but LGBMClassifier 
was fitted with feature names
  warnings.warn(
C:\Users\yukik\fx-ai-trading\.venv\Lib\site-packages\sklearn\utils\validation.py:2691: UserWarning: X does not have valid feature names, but LGBMClassifier 
was fitted with feature names
  warnings.warn(
C:\Users\yukik\fx-ai-trading\.venv\Lib\site-packages\sklearn\utils\validation.py:2691: UserWarning: X does not have valid feature names, but LGBMClassifier 
was fitted with feature names
  warnings.warn(
C:\Users\yukik\fx-ai-trading\.venv\Lib\site-packages\sklearn\utils\validation.py:2691: UserWarning: X does not have valid feature names, but LGBMClassifier 
was fitted with feature names
  warnings.warn(
C:\Users\yukik\fx-ai-trading\.venv\Lib\site-packages\sklearn\utils\validation.py:2691: UserWarning: X does not have valid feature names, but LGBMClassifier 
was fitted with feature names
  warnings.warn(
C:\Users\yukik\fx-ai-trading\.venv\Lib\site-packages\sklearn\utils\validation.py:2691: UserWarning: X does not have valid feature names, but LGBMClassifier 
was fitted with feature names
  warnings.warn(
C:\Users\yukik\fx-ai-trading\.venv\Lib\site-packages\sklearn\utils\validation.py:2691: UserWarning: X does not have valid feature names, but LGBMClassifier 
was fitted with feature names
  warnings.warn(
C:\Users\yukik\fx-ai-trading\.venv\Lib\site-packages\sklearn\utils\validation.py:2691: UserWarning: X does not have valid feature names, but LGBMClassifier 
was fitted with feature names
  warnings.warn(
    fold   5/8 train [2025-04-25→2025-07-24] test [2025-07-24→2025-10-22]
C:\Users\yukik\fx-ai-trading\.venv\Lib\site-packages\sklearn\utils\validation.py:2691: UserWarning: X does not have valid feature names, but LGBMClassifier 
was fitted with feature names
  warnings.warn(
C:\Users\yukik\fx-ai-trading\.venv\Lib\site-packages\sklearn\utils\validation.py:2691: UserWarning: X does not have valid feature names, but LGBMClassifier 
was fitted with feature names
  warnings.warn(
C:\Users\yukik\fx-ai-trading\.venv\Lib\site-packages\sklearn\utils\validation.py:2691: UserWarning: X does not have valid feature names, but LGBMClassifier 
was fitted with feature names
  warnings.warn(
C:\Users\yukik\fx-ai-trading\.venv\Lib\site-packages\sklearn\utils\validation.py:2691: UserWarning: X does not have valid feature names, but LGBMClassifier 
was fitted with feature names
  warnings.warn(
C:\Users\yukik\fx-ai-trading\.venv\Lib\site-packages\sklearn\utils\validation.py:2691: UserWarning: X does not have valid feature names, but LGBMClassifier 
was fitted with feature names
  warnings.warn(
C:\Users\yukik\fx-ai-trading\.venv\Lib\site-packages\sklearn\utils\validation.py:2691: UserWarning: X does not have valid feature names, but LGBMClassifier 
was fitted with feature names
  warnings.warn(
C:\Users\yukik\fx-ai-trading\.venv\Lib\site-packages\sklearn\utils\validation.py:2691: UserWarning: X does not have valid feature names, but LGBMClassifier 
was fitted with feature names
  warnings.warn(
C:\Users\yukik\fx-ai-trading\.venv\Lib\site-packages\sklearn\utils\validation.py:2691: UserWarning: X does not have valid feature names, but LGBMClassifier 
was fitted with feature names
  warnings.warn(
C:\Users\yukik\fx-ai-trading\.venv\Lib\site-packages\sklearn\utils\validation.py:2691: UserWarning: X does not have valid feature names, but LGBMClassifier 
was fitted with feature names
  warnings.warn(
C:\Users\yukik\fx-ai-trading\.venv\Lib\site-packages\sklearn\utils\validation.py:2691: UserWarning: X does not have valid feature names, but LGBMClassifier 
was fitted with feature names
  warnings.warn(
C:\Users\yukik\fx-ai-trading\.venv\Lib\site-packages\sklearn\utils\validation.py:2691: UserWarning: X does not have valid feature names, but LGBMClassifier 
was fitted with feature names
  warnings.warn(
C:\Users\yukik\fx-ai-trading\.venv\Lib\site-packages\sklearn\utils\validation.py:2691: UserWarning: X does not have valid feature names, but LGBMClassifier 
was fitted with feature names
  warnings.warn(
C:\Users\yukik\fx-ai-trading\.venv\Lib\site-packages\sklearn\utils\validation.py:2691: UserWarning: X does not have valid feature names, but LGBMClassifier 
was fitted with feature names
  warnings.warn(
C:\Users\yukik\fx-ai-trading\.venv\Lib\site-packages\sklearn\utils\validation.py:2691: UserWarning: X does not have valid feature names, but LGBMClassifier 
was fitted with feature names
  warnings.warn(
C:\Users\yukik\fx-ai-trading\.venv\Lib\site-packages\sklearn\utils\validation.py:2691: UserWarning: X does not have valid feature names, but LGBMClassifier 
was fitted with feature names
  warnings.warn(
C:\Users\yukik\fx-ai-trading\.venv\Lib\site-packages\sklearn\utils\validation.py:2691: UserWarning: X does not have valid feature names, but LGBMClassifier 
was fitted with feature names
  warnings.warn(
C:\Users\yukik\fx-ai-trading\.venv\Lib\site-packages\sklearn\utils\validation.py:2691: UserWarning: X does not have valid feature names, but LGBMClassifier 
was fitted with feature names
  warnings.warn(
C:\Users\yukik\fx-ai-trading\.venv\Lib\site-packages\sklearn\utils\validation.py:2691: UserWarning: X does not have valid feature names, but LGBMClassifier 
was fitted with feature names
  warnings.warn(
C:\Users\yukik\fx-ai-trading\.venv\Lib\site-packages\sklearn\utils\validation.py:2691: UserWarning: X does not have valid feature names, but LGBMClassifier 
was fitted with feature names
  warnings.warn(
C:\Users\yukik\fx-ai-trading\.venv\Lib\site-packages\sklearn\utils\validation.py:2691: UserWarning: X does not have valid feature names, but LGBMClassifier 
was fitted with feature names
  warnings.warn(
    fold   6/8 train [2025-07-24→2025-10-22] test [2025-10-22→2026-01-20]
C:\Users\yukik\fx-ai-trading\.venv\Lib\site-packages\sklearn\utils\validation.py:2691: UserWarning: X does not have valid feature names, but LGBMClassifier 
was fitted with feature names
  warnings.warn(
C:\Users\yukik\fx-ai-trading\.venv\Lib\site-packages\sklearn\utils\validation.py:2691: UserWarning: X does not have valid feature names, but LGBMClassifier 
was fitted with feature names
  warnings.warn(
C:\Users\yukik\fx-ai-trading\.venv\Lib\site-packages\sklearn\utils\validation.py:2691: UserWarning: X does not have valid feature names, but LGBMClassifier 
was fitted with feature names
  warnings.warn(
C:\Users\yukik\fx-ai-trading\.venv\Lib\site-packages\sklearn\utils\validation.py:2691: UserWarning: X does not have valid feature names, but LGBMClassifier 
was fitted with feature names
  warnings.warn(
C:\Users\yukik\fx-ai-trading\.venv\Lib\site-packages\sklearn\utils\validation.py:2691: UserWarning: X does not have valid feature names, but LGBMClassifier 
was fitted with feature names
  warnings.warn(
C:\Users\yukik\fx-ai-trading\.venv\Lib\site-packages\sklearn\utils\validation.py:2691: UserWarning: X does not have valid feature names, but LGBMClassifier 
was fitted with feature names
  warnings.warn(
C:\Users\yukik\fx-ai-trading\.venv\Lib\site-packages\sklearn\utils\validation.py:2691: UserWarning: X does not have valid feature names, but LGBMClassifier 
was fitted with feature names
  warnings.warn(
C:\Users\yukik\fx-ai-trading\.venv\Lib\site-packages\sklearn\utils\validation.py:2691: UserWarning: X does not have valid feature names, but LGBMClassifier 
was fitted with feature names
  warnings.warn(
C:\Users\yukik\fx-ai-trading\.venv\Lib\site-packages\sklearn\utils\validation.py:2691: UserWarning: X does not have valid feature names, but LGBMClassifier 
was fitted with feature names
  warnings.warn(
C:\Users\yukik\fx-ai-trading\.venv\Lib\site-packages\sklearn\utils\validation.py:2691: UserWarning: X does not have valid feature names, but LGBMClassifier 
was fitted with feature names
  warnings.warn(
C:\Users\yukik\fx-ai-trading\.venv\Lib\site-packages\sklearn\utils\validation.py:2691: UserWarning: X does not have valid feature names, but LGBMClassifier 
was fitted with feature names
  warnings.warn(
C:\Users\yukik\fx-ai-trading\.venv\Lib\site-packages\sklearn\utils\validation.py:2691: UserWarning: X does not have valid feature names, but LGBMClassifier 
was fitted with feature names
  warnings.warn(
C:\Users\yukik\fx-ai-trading\.venv\Lib\site-packages\sklearn\utils\validation.py:2691: UserWarning: X does not have valid feature names, but LGBMClassifier 
was fitted with feature names
  warnings.warn(
C:\Users\yukik\fx-ai-trading\.venv\Lib\site-packages\sklearn\utils\validation.py:2691: UserWarning: X does not have valid feature names, but LGBMClassifier 
was fitted with feature names
  warnings.warn(
C:\Users\yukik\fx-ai-trading\.venv\Lib\site-packages\sklearn\utils\validation.py:2691: UserWarning: X does not have valid feature names, but LGBMClassifier 
was fitted with feature names
  warnings.warn(
C:\Users\yukik\fx-ai-trading\.venv\Lib\site-packages\sklearn\utils\validation.py:2691: UserWarning: X does not have valid feature names, but LGBMClassifier 
was fitted with feature names
  warnings.warn(
C:\Users\yukik\fx-ai-trading\.venv\Lib\site-packages\sklearn\utils\validation.py:2691: UserWarning: X does not have valid feature names, but LGBMClassifier 
was fitted with feature names
  warnings.warn(
C:\Users\yukik\fx-ai-trading\.venv\Lib\site-packages\sklearn\utils\validation.py:2691: UserWarning: X does not have valid feature names, but LGBMClassifier 
was fitted with feature names
  warnings.warn(
C:\Users\yukik\fx-ai-trading\.venv\Lib\site-packages\sklearn\utils\validation.py:2691: UserWarning: X does not have valid feature names, but LGBMClassifier 
was fitted with feature names
  warnings.warn(
C:\Users\yukik\fx-ai-trading\.venv\Lib\site-packages\sklearn\utils\validation.py:2691: UserWarning: X does not have valid feature names, but LGBMClassifier 
was fitted with feature names
  warnings.warn(
    fold   7/8 train [2025-10-22→2026-01-20] test [2026-01-20→2026-04-20]
C:\Users\yukik\fx-ai-trading\.venv\Lib\site-packages\sklearn\utils\validation.py:2691: UserWarning: X does not have valid feature names, but LGBMClassifier 
was fitted with feature names
  warnings.warn(
C:\Users\yukik\fx-ai-trading\.venv\Lib\site-packages\sklearn\utils\validation.py:2691: UserWarning: X does not have valid feature names, but LGBMClassifier 
was fitted with feature names
  warnings.warn(
C:\Users\yukik\fx-ai-trading\.venv\Lib\site-packages\sklearn\utils\validation.py:2691: UserWarning: X does not have valid feature names, but LGBMClassifier 
was fitted with feature names
  warnings.warn(
C:\Users\yukik\fx-ai-trading\.venv\Lib\site-packages\sklearn\utils\validation.py:2691: UserWarning: X does not have valid feature names, but LGBMClassifier 
was fitted with feature names
  warnings.warn(
C:\Users\yukik\fx-ai-trading\.venv\Lib\site-packages\sklearn\utils\validation.py:2691: UserWarning: X does not have valid feature names, but LGBMClassifier 
was fitted with feature names
  warnings.warn(
C:\Users\yukik\fx-ai-trading\.venv\Lib\site-packages\sklearn\utils\validation.py:2691: UserWarning: X does not have valid feature names, but LGBMClassifier 
was fitted with feature names
  warnings.warn(
C:\Users\yukik\fx-ai-trading\.venv\Lib\site-packages\sklearn\utils\validation.py:2691: UserWarning: X does not have valid feature names, but LGBMClassifier 
was fitted with feature names
  warnings.warn(
C:\Users\yukik\fx-ai-trading\.venv\Lib\site-packages\sklearn\utils\validation.py:2691: UserWarning: X does not have valid feature names, but LGBMClassifier 
was fitted with feature names
  warnings.warn(
C:\Users\yukik\fx-ai-trading\.venv\Lib\site-packages\sklearn\utils\validation.py:2691: UserWarning: X does not have valid feature names, but LGBMClassifier 
was fitted with feature names
  warnings.warn(
C:\Users\yukik\fx-ai-trading\.venv\Lib\site-packages\sklearn\utils\validation.py:2691: UserWarning: X does not have valid feature names, but LGBMClassifier 
was fitted with feature names
  warnings.warn(
C:\Users\yukik\fx-ai-trading\.venv\Lib\site-packages\sklearn\utils\validation.py:2691: UserWarning: X does not have valid feature names, but LGBMClassifier 
was fitted with feature names
  warnings.warn(
C:\Users\yukik\fx-ai-trading\.venv\Lib\site-packages\sklearn\utils\validation.py:2691: UserWarning: X does not have valid feature names, but LGBMClassifier 
was fitted with feature names
  warnings.warn(
C:\Users\yukik\fx-ai-trading\.venv\Lib\site-packages\sklearn\utils\validation.py:2691: UserWarning: X does not have valid feature names, but LGBMClassifier 
was fitted with feature names
  warnings.warn(
C:\Users\yukik\fx-ai-trading\.venv\Lib\site-packages\sklearn\utils\validation.py:2691: UserWarning: X does not have valid feature names, but LGBMClassifier 
was fitted with feature names
  warnings.warn(
C:\Users\yukik\fx-ai-trading\.venv\Lib\site-packages\sklearn\utils\validation.py:2691: UserWarning: X does not have valid feature names, but LGBMClassifier 
was fitted with feature names
  warnings.warn(
C:\Users\yukik\fx-ai-trading\.venv\Lib\site-packages\sklearn\utils\validation.py:2691: UserWarning: X does not have valid feature names, but LGBMClassifier 
was fitted with feature names
  warnings.warn(
C:\Users\yukik\fx-ai-trading\.venv\Lib\site-packages\sklearn\utils\validation.py:2691: UserWarning: X does not have valid feature names, but LGBMClassifier 
was fitted with feature names
  warnings.warn(
C:\Users\yukik\fx-ai-trading\.venv\Lib\site-packages\sklearn\utils\validation.py:2691: UserWarning: X does not have valid feature names, but LGBMClassifier 
was fitted with feature names
  warnings.warn(
C:\Users\yukik\fx-ai-trading\.venv\Lib\site-packages\sklearn\utils\validation.py:2691: UserWarning: X does not have valid feature names, but LGBMClassifier 
was fitted with feature names
  warnings.warn(
C:\Users\yukik\fx-ai-trading\.venv\Lib\site-packages\sklearn\utils\validation.py:2691: UserWarning: X does not have valid feature names, but LGBMClassifier 
was fitted with feature names
  warnings.warn(
    fold   8/8 train [2026-01-20→2026-04-20] test [2026-04-20→2026-04-30]
C:\Users\yukik\fx-ai-trading\.venv\Lib\site-packages\sklearn\utils\validation.py:2691: UserWarning: X does not have valid feature names, but LGBMClassifier 
was fitted with feature names
  warnings.warn(
C:\Users\yukik\fx-ai-trading\.venv\Lib\site-packages\sklearn\utils\validation.py:2691: UserWarning: X does not have valid feature names, but LGBMClassifier 
was fitted with feature names
  warnings.warn(
C:\Users\yukik\fx-ai-trading\.venv\Lib\site-packages\sklearn\utils\validation.py:2691: UserWarning: X does not have valid feature names, but LGBMClassifier 
was fitted with feature names
  warnings.warn(
C:\Users\yukik\fx-ai-trading\.venv\Lib\site-packages\sklearn\utils\validation.py:2691: UserWarning: X does not have valid feature names, but LGBMClassifier 
was fitted with feature names
  warnings.warn(
C:\Users\yukik\fx-ai-trading\.venv\Lib\site-packages\sklearn\utils\validation.py:2691: UserWarning: X does not have valid feature names, but LGBMClassifier 
was fitted with feature names
  warnings.warn(
C:\Users\yukik\fx-ai-trading\.venv\Lib\site-packages\sklearn\utils\validation.py:2691: UserWarning: X does not have valid feature names, but LGBMClassifier 
was fitted with feature names
  warnings.warn(
C:\Users\yukik\fx-ai-trading\.venv\Lib\site-packages\sklearn\utils\validation.py:2691: UserWarning: X does not have valid feature names, but LGBMClassifier 
was fitted with feature names
  warnings.warn(
C:\Users\yukik\fx-ai-trading\.venv\Lib\site-packages\sklearn\utils\validation.py:2691: UserWarning: X does not have valid feature names, but LGBMClassifier 
was fitted with feature names
  warnings.warn(
C:\Users\yukik\fx-ai-trading\.venv\Lib\site-packages\sklearn\utils\validation.py:2691: UserWarning: X does not have valid feature names, but LGBMClassifier 
was fitted with feature names
  warnings.warn(
C:\Users\yukik\fx-ai-trading\.venv\Lib\site-packages\sklearn\utils\validation.py:2691: UserWarning: X does not have valid feature names, but LGBMClassifier 
was fitted with feature names
  warnings.warn(
C:\Users\yukik\fx-ai-trading\.venv\Lib\site-packages\sklearn\utils\validation.py:2691: UserWarning: X does not have valid feature names, but LGBMClassifier 
was fitted with feature names
  warnings.warn(
C:\Users\yukik\fx-ai-trading\.venv\Lib\site-packages\sklearn\utils\validation.py:2691: UserWarning: X does not have valid feature names, but LGBMClassifier 
was fitted with feature names
  warnings.warn(
C:\Users\yukik\fx-ai-trading\.venv\Lib\site-packages\sklearn\utils\validation.py:2691: UserWarning: X does not have valid feature names, but LGBMClassifier 
was fitted with feature names
  warnings.warn(
C:\Users\yukik\fx-ai-trading\.venv\Lib\site-packages\sklearn\utils\validation.py:2691: UserWarning: X does not have valid feature names, but LGBMClassifier 
was fitted with feature names
  warnings.warn(
C:\Users\yukik\fx-ai-trading\.venv\Lib\site-packages\sklearn\utils\validation.py:2691: UserWarning: X does not have valid feature names, but LGBMClassifier 
was fitted with feature names
  warnings.warn(
C:\Users\yukik\fx-ai-trading\.venv\Lib\site-packages\sklearn\utils\validation.py:2691: UserWarning: X does not have valid feature names, but LGBMClassifier 
was fitted with feature names
  warnings.warn(
C:\Users\yukik\fx-ai-trading\.venv\Lib\site-packages\sklearn\utils\validation.py:2691: UserWarning: X does not have valid feature names, but LGBMClassifier 
was fitted with feature names
  warnings.warn(
C:\Users\yukik\fx-ai-trading\.venv\Lib\site-packages\sklearn\utils\validation.py:2691: UserWarning: X does not have valid feature names, but LGBMClassifier 
was fitted with feature names
  warnings.warn(
C:\Users\yukik\fx-ai-trading\.venv\Lib\site-packages\sklearn\utils\validation.py:2691: UserWarning: X does not have valid feature names, but LGBMClassifier 
was fitted with feature names
  warnings.warn(
C:\Users\yukik\fx-ai-trading\.venv\Lib\site-packages\sklearn\utils\validation.py:2691: UserWarning: X does not have valid feature names, but LGBMClassifier 
was fitted with feature names
  warnings.warn(
  n=297  hit=15.8%  PnL=373pip  Sharpe=0.1065  MaxDD=-130.9pip

[G_mp_wf365] +multipair: 全ペア統合1モデル+pair_id特徴量, WF365d/90d
    5 folds
    fold   1/5 train [2024-04-30→2025-04-30] test [2025-04-30→2025-07-29]
C:\Users\yukik\fx-ai-trading\.venv\Lib\site-packages\sklearn\utils\validation.py:2691: UserWarning: X does not have valid feature names, but LGBMClassifier 
was fitted with feature names
  warnings.warn(
C:\Users\yukik\fx-ai-trading\.venv\Lib\site-packages\sklearn\utils\validation.py:2691: UserWarning: X does not have valid feature names, but LGBMClassifier 
was fitted with feature names
  warnings.warn(
C:\Users\yukik\fx-ai-trading\.venv\Lib\site-packages\sklearn\utils\validation.py:2691: UserWarning: X does not have valid feature names, but LGBMClassifier 
was fitted with feature names
  warnings.warn(
C:\Users\yukik\fx-ai-trading\.venv\Lib\site-packages\sklearn\utils\validation.py:2691: UserWarning: X does not have valid feature names, but LGBMClassifier 
was fitted with feature names
  warnings.warn(
C:\Users\yukik\fx-ai-trading\.venv\Lib\site-packages\sklearn\utils\validation.py:2691: UserWarning: X does not have valid feature names, but LGBMClassifier 
was fitted with feature names
  warnings.warn(
C:\Users\yukik\fx-ai-trading\.venv\Lib\site-packages\sklearn\utils\validation.py:2691: UserWarning: X does not have valid feature names, but LGBMClassifier 
was fitted with feature names
  warnings.warn(
C:\Users\yukik\fx-ai-trading\.venv\Lib\site-packages\sklearn\utils\validation.py:2691: UserWarning: X does not have valid feature names, but LGBMClassifier 
was fitted with feature names
  warnings.warn(
C:\Users\yukik\fx-ai-trading\.venv\Lib\site-packages\sklearn\utils\validation.py:2691: UserWarning: X does not have valid feature names, but LGBMClassifier 
was fitted with feature names
  warnings.warn(
C:\Users\yukik\fx-ai-trading\.venv\Lib\site-packages\sklearn\utils\validation.py:2691: UserWarning: X does not have valid feature names, but LGBMClassifier 
was fitted with feature names
  warnings.warn(
C:\Users\yukik\fx-ai-trading\.venv\Lib\site-packages\sklearn\utils\validation.py:2691: UserWarning: X does not have valid feature names, but LGBMClassifier 
was fitted with feature names
  warnings.warn(
C:\Users\yukik\fx-ai-trading\.venv\Lib\site-packages\sklearn\utils\validation.py:2691: UserWarning: X does not have valid feature names, but LGBMClassifier 
was fitted with feature names
  warnings.warn(
C:\Users\yukik\fx-ai-trading\.venv\Lib\site-packages\sklearn\utils\validation.py:2691: UserWarning: X does not have valid feature names, but LGBMClassifier 
was fitted with feature names
  warnings.warn(
C:\Users\yukik\fx-ai-trading\.venv\Lib\site-packages\sklearn\utils\validation.py:2691: UserWarning: X does not have valid feature names, but LGBMClassifier 
was fitted with feature names
  warnings.warn(
C:\Users\yukik\fx-ai-trading\.venv\Lib\site-packages\sklearn\utils\validation.py:2691: UserWarning: X does not have valid feature names, but LGBMClassifier 
was fitted with feature names
  warnings.warn(
C:\Users\yukik\fx-ai-trading\.venv\Lib\site-packages\sklearn\utils\validation.py:2691: UserWarning: X does not have valid feature names, but LGBMClassifier 
was fitted with feature names
  warnings.warn(
C:\Users\yukik\fx-ai-trading\.venv\Lib\site-packages\sklearn\utils\validation.py:2691: UserWarning: X does not have valid feature names, but LGBMClassifier 
was fitted with feature names
  warnings.warn(
C:\Users\yukik\fx-ai-trading\.venv\Lib\site-packages\sklearn\utils\validation.py:2691: UserWarning: X does not have valid feature names, but LGBMClassifier 
was fitted with feature names
  warnings.warn(
C:\Users\yukik\fx-ai-trading\.venv\Lib\site-packages\sklearn\utils\validation.py:2691: UserWarning: X does not have valid feature names, but LGBMClassifier 
was fitted with feature names
  warnings.warn(
C:\Users\yukik\fx-ai-trading\.venv\Lib\site-packages\sklearn\utils\validation.py:2691: UserWarning: X does not have valid feature names, but LGBMClassifier 
was fitted with feature names
  warnings.warn(
C:\Users\yukik\fx-ai-trading\.venv\Lib\site-packages\sklearn\utils\validation.py:2691: UserWarning: X does not have valid feature names, but LGBMClassifier 
was fitted with feature names
  warnings.warn(
    fold   2/5 train [2024-07-29→2025-07-29] test [2025-07-29→2025-10-27]
C:\Users\yukik\fx-ai-trading\.venv\Lib\site-packages\sklearn\utils\validation.py:2691: UserWarning: X does not have valid feature names, but LGBMClassifier 
was fitted with feature names
  warnings.warn(
C:\Users\yukik\fx-ai-trading\.venv\Lib\site-packages\sklearn\utils\validation.py:2691: UserWarning: X does not have valid feature names, but LGBMClassifier 
was fitted with feature names
  warnings.warn(
C:\Users\yukik\fx-ai-trading\.venv\Lib\site-packages\sklearn\utils\validation.py:2691: UserWarning: X does not have valid feature names, but LGBMClassifier 
was fitted with feature names
  warnings.warn(
C:\Users\yukik\fx-ai-trading\.venv\Lib\site-packages\sklearn\utils\validation.py:2691: UserWarning: X does not have valid feature names, but LGBMClassifier 
was fitted with feature names
  warnings.warn(
C:\Users\yukik\fx-ai-trading\.venv\Lib\site-packages\sklearn\utils\validation.py:2691: UserWarning: X does not have valid feature names, but LGBMClassifier 
was fitted with feature names
  warnings.warn(
C:\Users\yukik\fx-ai-trading\.venv\Lib\site-packages\sklearn\utils\validation.py:2691: UserWarning: X does not have valid feature names, but LGBMClassifier 
was fitted with feature names
  warnings.warn(
C:\Users\yukik\fx-ai-trading\.venv\Lib\site-packages\sklearn\utils\validation.py:2691: UserWarning: X does not have valid feature names, but LGBMClassifier 
was fitted with feature names
  warnings.warn(
C:\Users\yukik\fx-ai-trading\.venv\Lib\site-packages\sklearn\utils\validation.py:2691: UserWarning: X does not have valid feature names, but LGBMClassifier 
was fitted with feature names
  warnings.warn(
C:\Users\yukik\fx-ai-trading\.venv\Lib\site-packages\sklearn\utils\validation.py:2691: UserWarning: X does not have valid feature names, but LGBMClassifier 
was fitted with feature names
  warnings.warn(
C:\Users\yukik\fx-ai-trading\.venv\Lib\site-packages\sklearn\utils\validation.py:2691: UserWarning: X does not have valid feature names, but LGBMClassifier 
was fitted with feature names
  warnings.warn(
C:\Users\yukik\fx-ai-trading\.venv\Lib\site-packages\sklearn\utils\validation.py:2691: UserWarning: X does not have valid feature names, but LGBMClassifier 
was fitted with feature names
  warnings.warn(
C:\Users\yukik\fx-ai-trading\.venv\Lib\site-packages\sklearn\utils\validation.py:2691: UserWarning: X does not have valid feature names, but LGBMClassifier 
was fitted with feature names
  warnings.warn(
C:\Users\yukik\fx-ai-trading\.venv\Lib\site-packages\sklearn\utils\validation.py:2691: UserWarning: X does not have valid feature names, but LGBMClassifier 
was fitted with feature names
  warnings.warn(
C:\Users\yukik\fx-ai-trading\.venv\Lib\site-packages\sklearn\utils\validation.py:2691: UserWarning: X does not have valid feature names, but LGBMClassifier 
was fitted with feature names
  warnings.warn(
C:\Users\yukik\fx-ai-trading\.venv\Lib\site-packages\sklearn\utils\validation.py:2691: UserWarning: X does not have valid feature names, but LGBMClassifier 
was fitted with feature names
  warnings.warn(
C:\Users\yukik\fx-ai-trading\.venv\Lib\site-packages\sklearn\utils\validation.py:2691: UserWarning: X does not have valid feature names, but LGBMClassifier 
was fitted with feature names
  warnings.warn(
C:\Users\yukik\fx-ai-trading\.venv\Lib\site-packages\sklearn\utils\validation.py:2691: UserWarning: X does not have valid feature names, but LGBMClassifier 
was fitted with feature names
  warnings.warn(
C:\Users\yukik\fx-ai-trading\.venv\Lib\site-packages\sklearn\utils\validation.py:2691: UserWarning: X does not have valid feature names, but LGBMClassifier 
was fitted with feature names
  warnings.warn(
C:\Users\yukik\fx-ai-trading\.venv\Lib\site-packages\sklearn\utils\validation.py:2691: UserWarning: X does not have valid feature names, but LGBMClassifier 
was fitted with feature names
  warnings.warn(
C:\Users\yukik\fx-ai-trading\.venv\Lib\site-packages\sklearn\utils\validation.py:2691: UserWarning: X does not have valid feature names, but LGBMClassifier 
was fitted with feature names
  warnings.warn(
    fold   3/5 train [2024-10-27→2025-10-27] test [2025-10-27→2026-01-25]
C:\Users\yukik\fx-ai-trading\.venv\Lib\site-packages\sklearn\utils\validation.py:2691: UserWarning: X does not have valid feature names, but LGBMClassifier 
was fitted with feature names
  warnings.warn(
C:\Users\yukik\fx-ai-trading\.venv\Lib\site-packages\sklearn\utils\validation.py:2691: UserWarning: X does not have valid feature names, but LGBMClassifier 
was fitted with feature names
  warnings.warn(
C:\Users\yukik\fx-ai-trading\.venv\Lib\site-packages\sklearn\utils\validation.py:2691: UserWarning: X does not have valid feature names, but LGBMClassifier 
was fitted with feature names
  warnings.warn(
C:\Users\yukik\fx-ai-trading\.venv\Lib\site-packages\sklearn\utils\validation.py:2691: UserWarning: X does not have valid feature names, but LGBMClassifier 
was fitted with feature names
  warnings.warn(
C:\Users\yukik\fx-ai-trading\.venv\Lib\site-packages\sklearn\utils\validation.py:2691: UserWarning: X does not have valid feature names, but LGBMClassifier 
was fitted with feature names
  warnings.warn(
C:\Users\yukik\fx-ai-trading\.venv\Lib\site-packages\sklearn\utils\validation.py:2691: UserWarning: X does not have valid feature names, but LGBMClassifier 
was fitted with feature names
  warnings.warn(
C:\Users\yukik\fx-ai-trading\.venv\Lib\site-packages\sklearn\utils\validation.py:2691: UserWarning: X does not have valid feature names, but LGBMClassifier 
was fitted with feature names
  warnings.warn(
C:\Users\yukik\fx-ai-trading\.venv\Lib\site-packages\sklearn\utils\validation.py:2691: UserWarning: X does not have valid feature names, but LGBMClassifier 
was fitted with feature names
  warnings.warn(
C:\Users\yukik\fx-ai-trading\.venv\Lib\site-packages\sklearn\utils\validation.py:2691: UserWarning: X does not have valid feature names, but LGBMClassifier 
was fitted with feature names
  warnings.warn(
C:\Users\yukik\fx-ai-trading\.venv\Lib\site-packages\sklearn\utils\validation.py:2691: UserWarning: X does not have valid feature names, but LGBMClassifier 
was fitted with feature names
  warnings.warn(
C:\Users\yukik\fx-ai-trading\.venv\Lib\site-packages\sklearn\utils\validation.py:2691: UserWarning: X does not have valid feature names, but LGBMClassifier 
was fitted with feature names
  warnings.warn(
C:\Users\yukik\fx-ai-trading\.venv\Lib\site-packages\sklearn\utils\validation.py:2691: UserWarning: X does not have valid feature names, but LGBMClassifier 
was fitted with feature names
  warnings.warn(
C:\Users\yukik\fx-ai-trading\.venv\Lib\site-packages\sklearn\utils\validation.py:2691: UserWarning: X does not have valid feature names, but LGBMClassifier 
was fitted with feature names
  warnings.warn(
C:\Users\yukik\fx-ai-trading\.venv\Lib\site-packages\sklearn\utils\validation.py:2691: UserWarning: X does not have valid feature names, but LGBMClassifier 
was fitted with feature names
  warnings.warn(
C:\Users\yukik\fx-ai-trading\.venv\Lib\site-packages\sklearn\utils\validation.py:2691: UserWarning: X does not have valid feature names, but LGBMClassifier 
was fitted with feature names
  warnings.warn(
C:\Users\yukik\fx-ai-trading\.venv\Lib\site-packages\sklearn\utils\validation.py:2691: UserWarning: X does not have valid feature names, but LGBMClassifier 
was fitted with feature names
  warnings.warn(
C:\Users\yukik\fx-ai-trading\.venv\Lib\site-packages\sklearn\utils\validation.py:2691: UserWarning: X does not have valid feature names, but LGBMClassifier 
was fitted with feature names
  warnings.warn(
C:\Users\yukik\fx-ai-trading\.venv\Lib\site-packages\sklearn\utils\validation.py:2691: UserWarning: X does not have valid feature names, but LGBMClassifier 
was fitted with feature names
  warnings.warn(
C:\Users\yukik\fx-ai-trading\.venv\Lib\site-packages\sklearn\utils\validation.py:2691: UserWarning: X does not have valid feature names, but LGBMClassifier 
was fitted with feature names
  warnings.warn(
C:\Users\yukik\fx-ai-trading\.venv\Lib\site-packages\sklearn\utils\validation.py:2691: UserWarning: X does not have valid feature names, but LGBMClassifier 
was fitted with feature names
  warnings.warn(
    fold   4/5 train [2025-01-25→2026-01-25] test [2026-01-25→2026-04-25]
C:\Users\yukik\fx-ai-trading\.venv\Lib\site-packages\sklearn\utils\validation.py:2691: UserWarning: X does not have valid feature names, but LGBMClassifier 
was fitted with feature names
  warnings.warn(
C:\Users\yukik\fx-ai-trading\.venv\Lib\site-packages\sklearn\utils\validation.py:2691: UserWarning: X does not have valid feature names, but LGBMClassifier 
was fitted with feature names
  warnings.warn(
C:\Users\yukik\fx-ai-trading\.venv\Lib\site-packages\sklearn\utils\validation.py:2691: UserWarning: X does not have valid feature names, but LGBMClassifier 
was fitted with feature names
  warnings.warn(
C:\Users\yukik\fx-ai-trading\.venv\Lib\site-packages\sklearn\utils\validation.py:2691: UserWarning: X does not have valid feature names, but LGBMClassifier 
was fitted with feature names
  warnings.warn(
C:\Users\yukik\fx-ai-trading\.venv\Lib\site-packages\sklearn\utils\validation.py:2691: UserWarning: X does not have valid feature names, but LGBMClassifier 
was fitted with feature names
  warnings.warn(
C:\Users\yukik\fx-ai-trading\.venv\Lib\site-packages\sklearn\utils\validation.py:2691: UserWarning: X does not have valid feature names, but LGBMClassifier 
was fitted with feature names
  warnings.warn(
C:\Users\yukik\fx-ai-trading\.venv\Lib\site-packages\sklearn\utils\validation.py:2691: UserWarning: X does not have valid feature names, but LGBMClassifier 
was fitted with feature names
  warnings.warn(
C:\Users\yukik\fx-ai-trading\.venv\Lib\site-packages\sklearn\utils\validation.py:2691: UserWarning: X does not have valid feature names, but LGBMClassifier 
was fitted with feature names
  warnings.warn(
C:\Users\yukik\fx-ai-trading\.venv\Lib\site-packages\sklearn\utils\validation.py:2691: UserWarning: X does not have valid feature names, but LGBMClassifier 
was fitted with feature names
  warnings.warn(
C:\Users\yukik\fx-ai-trading\.venv\Lib\site-packages\sklearn\utils\validation.py:2691: UserWarning: X does not have valid feature names, but LGBMClassifier 
was fitted with feature names
  warnings.warn(
C:\Users\yukik\fx-ai-trading\.venv\Lib\site-packages\sklearn\utils\validation.py:2691: UserWarning: X does not have valid feature names, but LGBMClassifier 
was fitted with feature names
  warnings.warn(
C:\Users\yukik\fx-ai-trading\.venv\Lib\site-packages\sklearn\utils\validation.py:2691: UserWarning: X does not have valid feature names, but LGBMClassifier 
was fitted with feature names
  warnings.warn(
C:\Users\yukik\fx-ai-trading\.venv\Lib\site-packages\sklearn\utils\validation.py:2691: UserWarning: X does not have valid feature names, but LGBMClassifier 
was fitted with feature names
  warnings.warn(
C:\Users\yukik\fx-ai-trading\.venv\Lib\site-packages\sklearn\utils\validation.py:2691: UserWarning: X does not have valid feature names, but LGBMClassifier 
was fitted with feature names
  warnings.warn(
C:\Users\yukik\fx-ai-trading\.venv\Lib\site-packages\sklearn\utils\validation.py:2691: UserWarning: X does not have valid feature names, but LGBMClassifier 
was fitted with feature names
  warnings.warn(
C:\Users\yukik\fx-ai-trading\.venv\Lib\site-packages\sklearn\utils\validation.py:2691: UserWarning: X does not have valid feature names, but LGBMClassifier 
was fitted with feature names
  warnings.warn(
C:\Users\yukik\fx-ai-trading\.venv\Lib\site-packages\sklearn\utils\validation.py:2691: UserWarning: X does not have valid feature names, but LGBMClassifier 
was fitted with feature names
  warnings.warn(
C:\Users\yukik\fx-ai-trading\.venv\Lib\site-packages\sklearn\utils\validation.py:2691: UserWarning: X does not have valid feature names, but LGBMClassifier 
was fitted with feature names
  warnings.warn(
C:\Users\yukik\fx-ai-trading\.venv\Lib\site-packages\sklearn\utils\validation.py:2691: UserWarning: X does not have valid feature names, but LGBMClassifier 
was fitted with feature names
  warnings.warn(
C:\Users\yukik\fx-ai-trading\.venv\Lib\site-packages\sklearn\utils\validation.py:2691: UserWarning: X does not have valid feature names, but LGBMClassifier 
was fitted with feature names
  warnings.warn(
    fold   5/5 train [2025-04-25→2026-04-25] test [2026-04-25→2026-04-30]
C:\Users\yukik\fx-ai-trading\.venv\Lib\site-packages\sklearn\utils\validation.py:2691: UserWarning: X does not have valid feature names, but LGBMClassifier 
was fitted with feature names
  warnings.warn(
C:\Users\yukik\fx-ai-trading\.venv\Lib\site-packages\sklearn\utils\validation.py:2691: UserWarning: X does not have valid feature names, but LGBMClassifier 
was fitted with feature names
  warnings.warn(
C:\Users\yukik\fx-ai-trading\.venv\Lib\site-packages\sklearn\utils\validation.py:2691: UserWarning: X does not have valid feature names, but LGBMClassifier 
was fitted with feature names
  warnings.warn(
C:\Users\yukik\fx-ai-trading\.venv\Lib\site-packages\sklearn\utils\validation.py:2691: UserWarning: X does not have valid feature names, but LGBMClassifier 
was fitted with feature names
  warnings.warn(
C:\Users\yukik\fx-ai-trading\.venv\Lib\site-packages\sklearn\utils\validation.py:2691: UserWarning: X does not have valid feature names, but LGBMClassifier 
was fitted with feature names
  warnings.warn(
C:\Users\yukik\fx-ai-trading\.venv\Lib\site-packages\sklearn\utils\validation.py:2691: UserWarning: X does not have valid feature names, but LGBMClassifier 
was fitted with feature names
  warnings.warn(
C:\Users\yukik\fx-ai-trading\.venv\Lib\site-packages\sklearn\utils\validation.py:2691: UserWarning: X does not have valid feature names, but LGBMClassifier 
was fitted with feature names
  warnings.warn(
C:\Users\yukik\fx-ai-trading\.venv\Lib\site-packages\sklearn\utils\validation.py:2691: UserWarning: X does not have valid feature names, but LGBMClassifier 
was fitted with feature names
  warnings.warn(
C:\Users\yukik\fx-ai-trading\.venv\Lib\site-packages\sklearn\utils\validation.py:2691: UserWarning: X does not have valid feature names, but LGBMClassifier 
was fitted with feature names
  warnings.warn(
C:\Users\yukik\fx-ai-trading\.venv\Lib\site-packages\sklearn\utils\validation.py:2691: UserWarning: X does not have valid feature names, but LGBMClassifier 
was fitted with feature names
  warnings.warn(
C:\Users\yukik\fx-ai-trading\.venv\Lib\site-packages\sklearn\utils\validation.py:2691: UserWarning: X does not have valid feature names, but LGBMClassifier 
was fitted with feature names
  warnings.warn(
C:\Users\yukik\fx-ai-trading\.venv\Lib\site-packages\sklearn\utils\validation.py:2691: UserWarning: X does not have valid feature names, but LGBMClassifier 
was fitted with feature names
  warnings.warn(
C:\Users\yukik\fx-ai-trading\.venv\Lib\site-packages\sklearn\utils\validation.py:2691: UserWarning: X does not have valid feature names, but LGBMClassifier 
was fitted with feature names
  warnings.warn(
C:\Users\yukik\fx-ai-trading\.venv\Lib\site-packages\sklearn\utils\validation.py:2691: UserWarning: X does not have valid feature names, but LGBMClassifier 
was fitted with feature names
  warnings.warn(
C:\Users\yukik\fx-ai-trading\.venv\Lib\site-packages\sklearn\utils\validation.py:2691: UserWarning: X does not have valid feature names, but LGBMClassifier 
was fitted with feature names
  warnings.warn(
C:\Users\yukik\fx-ai-trading\.venv\Lib\site-packages\sklearn\utils\validation.py:2691: UserWarning: X does not have valid feature names, but LGBMClassifier 
was fitted with feature names
  warnings.warn(
C:\Users\yukik\fx-ai-trading\.venv\Lib\site-packages\sklearn\utils\validation.py:2691: UserWarning: X does not have valid feature names, but LGBMClassifier 
was fitted with feature names
  warnings.warn(
C:\Users\yukik\fx-ai-trading\.venv\Lib\site-packages\sklearn\utils\validation.py:2691: UserWarning: X does not have valid feature names, but LGBMClassifier 
was fitted with feature names
  warnings.warn(
C:\Users\yukik\fx-ai-trading\.venv\Lib\site-packages\sklearn\utils\validation.py:2691: UserWarning: X does not have valid feature names, but LGBMClassifier 
was fitted with feature names
  warnings.warn(
C:\Users\yukik\fx-ai-trading\.venv\Lib\site-packages\sklearn\utils\validation.py:2691: UserWarning: X does not have valid feature names, but LGBMClassifier 
was fitted with feature names
  warnings.warn(
  n=6  hit=16.7%  PnL=-5pip  Sharpe=-0.1127  MaxDD=-15.0pip
  [group 3 done - memory released]

=========================================================================================================
ABLATION RESULTS (EV-gate=ON, anti-pyramiding=ON, Top-K=3, conf>=0.40)
  Baseline: A_baseline (fixed 80/20, 365d) => Sharpe=0.0960  PnL=145pip
=========================================================================================================
Cell              Data       N   Hit%   PnL(pip)   Sharpe    MaxDD   dSharpe    PnL比  Description
---------------------------------------------------------------------------------------------------------
A_baseline        365d     269   14.1%        145   0.0960    -62.4   +0.0000    1.00x  ベースライン: 45特徴量, 正則化なし, 固定80/20, 365d
B_wf90_base       730d  14,190   11.8%      3,250   0.0375   -694.6   -0.0585   22.48x  WFベースライン: 45特徴量, 正則化なし, WF90d/90d
C_wf365_base      730d     557   11.8%        131   0.0418    -58.4   -0.0542    0.91x  WFベースライン: 45特徴量, 正則化なし, WF365d/90d
D_wf90_full       730d  10,036   12.4%      2,416   0.0402   -597.3   -0.0558   16.71x  +spread+reg: スプレッド3特徴量+正則化, WF90d/90d
E_wf365_full      730d     327   14.1%        159   0.0922    -51.7   -0.0038    1.10x  +spread+reg: スプレッド3特徴量+正則化, WF365d/90d
F_mp_wf90         730d     297   15.8%        373   0.1065   -130.9   +0.0105    2.58x  +multipair: 全ペア統合1モデル+pair_id特徴量, WF90d/90d
G_mp_wf365        730d       6   16.7%         -5  -0.1127    -15.0   -0.2087   -0.03x  +multipair: 全ペア統合1モデル+pair_id特徴量, WF365d/90d
---------------------------------------------------------------------------------------------------------
dSharpe/PnL比: vs A_baseline. anti-pyramiding: 同一ペアはhorizon=20バー再エントリー禁止.
