================================================================================
Stage 0.8a - Multi-TF regime features
  M1 base upper TFs:  m5, m15, h1   (6 features)
  M15 base upper TFs: h1, h4, d1     (6 features)
  Bases: ['M1_V2_Regime_full', 'M1_chained_Regime_cont', 'M15_chained_CSI']
================================================================================

################################################################################
# M1_V2_Regime_full
################################################################################
  loaded 20 pairs
  features+labels built (49.7s)
  CSI + regime base features built
  Multi-TF regime features built (4.7s, 6 cols)

  >> a_ref (53 feat)
C:\Users\yukik\fx-ai-trading\.venv\Lib\site-packages\sklearn\utils\validation.py:2691: UserWarning: X does not have valid feature names, but LGBMClassifier was fitted with feature names
  warnings.warn(
C:\Users\yukik\fx-ai-trading\.venv\Lib\site-packages\sklearn\utils\validation.py:2691: UserWarning: X does not have valid feature names, but LGBMClassifier was fitted with feature names
  warnings.warn(
C:\Users\yukik\fx-ai-trading\.venv\Lib\site-packages\sklearn\utils\validation.py:2691: UserWarning: X does not have valid feature names, but LGBMClassifier was fitted with feature names
  warnings.warn(
C:\Users\yukik\fx-ai-trading\.venv\Lib\site-packages\sklearn\utils\validation.py:2691: UserWarning: X does not have valid feature names, but LGBMClassifier was fitted with feature names
  warnings.warn(
C:\Users\yukik\fx-ai-trading\.venv\Lib\site-packages\sklearn\utils\validation.py:2691: UserWarning: X does not have valid feature names, but LGBMClassifier was fitted with feature names
  warnings.warn(
C:\Users\yukik\fx-ai-trading\.venv\Lib\site-packages\sklearn\utils\validation.py:2691: UserWarning: X does not have valid feature names, but LGBMClassifier was fitted with feature names
  warnings.warn(
C:\Users\yukik\fx-ai-trading\.venv\Lib\site-packages\sklearn\utils\validation.py:2691: UserWarning: X does not have valid feature names, but LGBMClassifier was fitted with feature names
  warnings.warn(
C:\Users\yukik\fx-ai-trading\.venv\Lib\site-packages\sklearn\utils\validation.py:2691: UserWarning: X does not have valid feature names, but LGBMClassifier was fitted with feature names
  warnings.warn(
C:\Users\yukik\fx-ai-trading\.venv\Lib\site-packages\sklearn\utils\validation.py:2691: UserWarning: X does not have valid feature names, but LGBMClassifier was fitted with feature names
  warnings.warn(
C:\Users\yukik\fx-ai-trading\.venv\Lib\site-packages\sklearn\utils\validation.py:2691: UserWarning: X does not have valid feature names, but LGBMClassifier was fitted with feature names
  warnings.warn(
C:\Users\yukik\fx-ai-trading\.venv\Lib\site-packages\sklearn\utils\validation.py:2691: UserWarning: X does not have valid feature names, but LGBMClassifier was fitted with feature names
  warnings.warn(
C:\Users\yukik\fx-ai-trading\.venv\Lib\site-packages\sklearn\utils\validation.py:2691: UserWarning: X does not have valid feature names, but LGBMClassifier was fitted with feature names
  warnings.warn(
C:\Users\yukik\fx-ai-trading\.venv\Lib\site-packages\sklearn\utils\validation.py:2691: UserWarning: X does not have valid feature names, but LGBMClassifier was fitted with feature names
  warnings.warn(
C:\Users\yukik\fx-ai-trading\.venv\Lib\site-packages\sklearn\utils\validation.py:2691: UserWarning: X does not have valid feature names, but LGBMClassifier was fitted with feature names
  warnings.warn(
C:\Users\yukik\fx-ai-trading\.venv\Lib\site-packages\sklearn\utils\validation.py:2691: UserWarning: X does not have valid feature names, but LGBMClassifier was fitted with feature names
  warnings.warn(
C:\Users\yukik\fx-ai-trading\.venv\Lib\site-packages\sklearn\utils\validation.py:2691: UserWarning: X does not have valid feature names, but LGBMClassifier was fitted with feature names
  warnings.warn(
C:\Users\yukik\fx-ai-trading\.venv\Lib\site-packages\sklearn\utils\validation.py:2691: UserWarning: X does not have valid feature names, but LGBMClassifier was fitted with feature names
  warnings.warn(
C:\Users\yukik\fx-ai-trading\.venv\Lib\site-packages\sklearn\utils\validation.py:2691: UserWarning: X does not have valid feature names, but LGBMClassifier was fitted with feature names
  warnings.warn(
C:\Users\yukik\fx-ai-trading\.venv\Lib\site-packages\sklearn\utils\validation.py:2691: UserWarning: X does not have valid feature names, but LGBMClassifier was fitted with feature names
  warnings.warn(
C:\Users\yukik\fx-ai-trading\.venv\Lib\site-packages\sklearn\utils\validation.py:2691: UserWarning: X does not have valid feature names, but LGBMClassifier was fitted with feature names
  warnings.warn(
    fold 1/5 done
C:\Users\yukik\fx-ai-trading\.venv\Lib\site-packages\sklearn\utils\validation.py:2691: UserWarning: X does not have valid feature names, but LGBMClassifier was fitted with feature names
  warnings.warn(
C:\Users\yukik\fx-ai-trading\.venv\Lib\site-packages\sklearn\utils\validation.py:2691: UserWarning: X does not have valid feature names, but LGBMClassifier was fitted with feature names
  warnings.warn(
C:\Users\yukik\fx-ai-trading\.venv\Lib\site-packages\sklearn\utils\validation.py:2691: UserWarning: X does not have valid feature names, but LGBMClassifier was fitted with feature names
  warnings.warn(
C:\Users\yukik\fx-ai-trading\.venv\Lib\site-packages\sklearn\utils\validation.py:2691: UserWarning: X does not have valid feature names, but LGBMClassifier was fitted with feature names
  warnings.warn(
C:\Users\yukik\fx-ai-trading\.venv\Lib\site-packages\sklearn\utils\validation.py:2691: UserWarning: X does not have valid feature names, but LGBMClassifier was fitted with feature names
  warnings.warn(
C:\Users\yukik\fx-ai-trading\.venv\Lib\site-packages\sklearn\utils\validation.py:2691: UserWarning: X does not have valid feature names, but LGBMClassifier was fitted with feature names
  warnings.warn(
C:\Users\yukik\fx-ai-trading\.venv\Lib\site-packages\sklearn\utils\validation.py:2691: UserWarning: X does not have valid feature names, but LGBMClassifier was fitted with feature names
  warnings.warn(
C:\Users\yukik\fx-ai-trading\.venv\Lib\site-packages\sklearn\utils\validation.py:2691: UserWarning: X does not have valid feature names, but LGBMClassifier was fitted with feature names
  warnings.warn(
C:\Users\yukik\fx-ai-trading\.venv\Lib\site-packages\sklearn\utils\validation.py:2691: UserWarning: X does not have valid feature names, but LGBMClassifier was fitted with feature names
  warnings.warn(
C:\Users\yukik\fx-ai-trading\.venv\Lib\site-packages\sklearn\utils\validation.py:2691: UserWarning: X does not have valid feature names, but LGBMClassifier was fitted with feature names
  warnings.warn(
C:\Users\yukik\fx-ai-trading\.venv\Lib\site-packages\sklearn\utils\validation.py:2691: UserWarning: X does not have valid feature names, but LGBMClassifier was fitted with feature names
  warnings.warn(
C:\Users\yukik\fx-ai-trading\.venv\Lib\site-packages\sklearn\utils\validation.py:2691: UserWarning: X does not have valid feature names, but LGBMClassifier was fitted with feature names
  warnings.warn(
C:\Users\yukik\fx-ai-trading\.venv\Lib\site-packages\sklearn\utils\validation.py:2691: UserWarning: X does not have valid feature names, but LGBMClassifier was fitted with feature names
  warnings.warn(
C:\Users\yukik\fx-ai-trading\.venv\Lib\site-packages\sklearn\utils\validation.py:2691: UserWarning: X does not have valid feature names, but LGBMClassifier was fitted with feature names
  warnings.warn(
C:\Users\yukik\fx-ai-trading\.venv\Lib\site-packages\sklearn\utils\validation.py:2691: UserWarning: X does not have valid feature names, but LGBMClassifier was fitted with feature names
  warnings.warn(
C:\Users\yukik\fx-ai-trading\.venv\Lib\site-packages\sklearn\utils\validation.py:2691: UserWarning: X does not have valid feature names, but LGBMClassifier was fitted with feature names
  warnings.warn(
C:\Users\yukik\fx-ai-trading\.venv\Lib\site-packages\sklearn\utils\validation.py:2691: UserWarning: X does not have valid feature names, but LGBMClassifier was fitted with feature names
  warnings.warn(
C:\Users\yukik\fx-ai-trading\.venv\Lib\site-packages\sklearn\utils\validation.py:2691: UserWarning: X does not have valid feature names, but LGBMClassifier was fitted with feature names
  warnings.warn(
C:\Users\yukik\fx-ai-trading\.venv\Lib\site-packages\sklearn\utils\validation.py:2691: UserWarning: X does not have valid feature names, but LGBMClassifier was fitted with feature names
  warnings.warn(
C:\Users\yukik\fx-ai-trading\.venv\Lib\site-packages\sklearn\utils\validation.py:2691: UserWarning: X does not have valid feature names, but LGBMClassifier was fitted with feature names
  warnings.warn(
    fold 2/5 done
C:\Users\yukik\fx-ai-trading\.venv\Lib\site-packages\sklearn\utils\validation.py:2691: UserWarning: X does not have valid feature names, but LGBMClassifier was fitted with feature names
  warnings.warn(
C:\Users\yukik\fx-ai-trading\.venv\Lib\site-packages\sklearn\utils\validation.py:2691: UserWarning: X does not have valid feature names, but LGBMClassifier was fitted with feature names
  warnings.warn(
C:\Users\yukik\fx-ai-trading\.venv\Lib\site-packages\sklearn\utils\validation.py:2691: UserWarning: X does not have valid feature names, but LGBMClassifier was fitted with feature names
  warnings.warn(
C:\Users\yukik\fx-ai-trading\.venv\Lib\site-packages\sklearn\utils\validation.py:2691: UserWarning: X does not have valid feature names, but LGBMClassifier was fitted with feature names
  warnings.warn(
C:\Users\yukik\fx-ai-trading\.venv\Lib\site-packages\sklearn\utils\validation.py:2691: UserWarning: X does not have valid feature names, but LGBMClassifier was fitted with feature names
  warnings.warn(
C:\Users\yukik\fx-ai-trading\.venv\Lib\site-packages\sklearn\utils\validation.py:2691: UserWarning: X does not have valid feature names, but LGBMClassifier was fitted with feature names
  warnings.warn(
C:\Users\yukik\fx-ai-trading\.venv\Lib\site-packages\sklearn\utils\validation.py:2691: UserWarning: X does not have valid feature names, but LGBMClassifier was fitted with feature names
  warnings.warn(
C:\Users\yukik\fx-ai-trading\.venv\Lib\site-packages\sklearn\utils\validation.py:2691: UserWarning: X does not have valid feature names, but LGBMClassifier was fitted with feature names
  warnings.warn(
C:\Users\yukik\fx-ai-trading\.venv\Lib\site-packages\sklearn\utils\validation.py:2691: UserWarning: X does not have valid feature names, but LGBMClassifier was fitted with feature names
  warnings.warn(
C:\Users\yukik\fx-ai-trading\.venv\Lib\site-packages\sklearn\utils\validation.py:2691: UserWarning: X does not have valid feature names, but LGBMClassifier was fitted with feature names
  warnings.warn(
C:\Users\yukik\fx-ai-trading\.venv\Lib\site-packages\sklearn\utils\validation.py:2691: UserWarning: X does not have valid feature names, but LGBMClassifier was fitted with feature names
  warnings.warn(
C:\Users\yukik\fx-ai-trading\.venv\Lib\site-packages\sklearn\utils\validation.py:2691: UserWarning: X does not have valid feature names, but LGBMClassifier was fitted with feature names
  warnings.warn(
C:\Users\yukik\fx-ai-trading\.venv\Lib\site-packages\sklearn\utils\validation.py:2691: UserWarning: X does not have valid feature names, but LGBMClassifier was fitted with feature names
  warnings.warn(
C:\Users\yukik\fx-ai-trading\.venv\Lib\site-packages\sklearn\utils\validation.py:2691: UserWarning: X does not have valid feature names, but LGBMClassifier was fitted with feature names
  warnings.warn(
C:\Users\yukik\fx-ai-trading\.venv\Lib\site-packages\sklearn\utils\validation.py:2691: UserWarning: X does not have valid feature names, but LGBMClassifier was fitted with feature names
  warnings.warn(
C:\Users\yukik\fx-ai-trading\.venv\Lib\site-packages\sklearn\utils\validation.py:2691: UserWarning: X does not have valid feature names, but LGBMClassifier was fitted with feature names
  warnings.warn(
C:\Users\yukik\fx-ai-trading\.venv\Lib\site-packages\sklearn\utils\validation.py:2691: UserWarning: X does not have valid feature names, but LGBMClassifier was fitted with feature names
  warnings.warn(
C:\Users\yukik\fx-ai-trading\.venv\Lib\site-packages\sklearn\utils\validation.py:2691: UserWarning: X does not have valid feature names, but LGBMClassifier was fitted with feature names
  warnings.warn(
C:\Users\yukik\fx-ai-trading\.venv\Lib\site-packages\sklearn\utils\validation.py:2691: UserWarning: X does not have valid feature names, but LGBMClassifier was fitted with feature names
  warnings.warn(
C:\Users\yukik\fx-ai-trading\.venv\Lib\site-packages\sklearn\utils\validation.py:2691: UserWarning: X does not have valid feature names, but LGBMClassifier was fitted with feature names
  warnings.warn(
    fold 3/5 done
C:\Users\yukik\fx-ai-trading\.venv\Lib\site-packages\sklearn\utils\validation.py:2691: UserWarning: X does not have valid feature names, but LGBMClassifier was fitted with feature names
  warnings.warn(
C:\Users\yukik\fx-ai-trading\.venv\Lib\site-packages\sklearn\utils\validation.py:2691: UserWarning: X does not have valid feature names, but LGBMClassifier was fitted with feature names
  warnings.warn(
C:\Users\yukik\fx-ai-trading\.venv\Lib\site-packages\sklearn\utils\validation.py:2691: UserWarning: X does not have valid feature names, but LGBMClassifier was fitted with feature names
  warnings.warn(
C:\Users\yukik\fx-ai-trading\.venv\Lib\site-packages\sklearn\utils\validation.py:2691: UserWarning: X does not have valid feature names, but LGBMClassifier was fitted with feature names
  warnings.warn(
C:\Users\yukik\fx-ai-trading\.venv\Lib\site-packages\sklearn\utils\validation.py:2691: UserWarning: X does not have valid feature names, but LGBMClassifier was fitted with feature names
  warnings.warn(
C:\Users\yukik\fx-ai-trading\.venv\Lib\site-packages\sklearn\utils\validation.py:2691: UserWarning: X does not have valid feature names, but LGBMClassifier was fitted with feature names
  warnings.warn(
C:\Users\yukik\fx-ai-trading\.venv\Lib\site-packages\sklearn\utils\validation.py:2691: UserWarning: X does not have valid feature names, but LGBMClassifier was fitted with feature names
  warnings.warn(
C:\Users\yukik\fx-ai-trading\.venv\Lib\site-packages\sklearn\utils\validation.py:2691: UserWarning: X does not have valid feature names, but LGBMClassifier was fitted with feature names
  warnings.warn(
C:\Users\yukik\fx-ai-trading\.venv\Lib\site-packages\sklearn\utils\validation.py:2691: UserWarning: X does not have valid feature names, but LGBMClassifier was fitted with feature names
  warnings.warn(
C:\Users\yukik\fx-ai-trading\.venv\Lib\site-packages\sklearn\utils\validation.py:2691: UserWarning: X does not have valid feature names, but LGBMClassifier was fitted with feature names
  warnings.warn(
C:\Users\yukik\fx-ai-trading\.venv\Lib\site-packages\sklearn\utils\validation.py:2691: UserWarning: X does not have valid feature names, but LGBMClassifier was fitted with feature names
  warnings.warn(
C:\Users\yukik\fx-ai-trading\.venv\Lib\site-packages\sklearn\utils\validation.py:2691: UserWarning: X does not have valid feature names, but LGBMClassifier was fitted with feature names
  warnings.warn(
C:\Users\yukik\fx-ai-trading\.venv\Lib\site-packages\sklearn\utils\validation.py:2691: UserWarning: X does not have valid feature names, but LGBMClassifier was fitted with feature names
  warnings.warn(
C:\Users\yukik\fx-ai-trading\.venv\Lib\site-packages\sklearn\utils\validation.py:2691: UserWarning: X does not have valid feature names, but LGBMClassifier was fitted with feature names
  warnings.warn(
C:\Users\yukik\fx-ai-trading\.venv\Lib\site-packages\sklearn\utils\validation.py:2691: UserWarning: X does not have valid feature names, but LGBMClassifier was fitted with feature names
  warnings.warn(
C:\Users\yukik\fx-ai-trading\.venv\Lib\site-packages\sklearn\utils\validation.py:2691: UserWarning: X does not have valid feature names, but LGBMClassifier was fitted with feature names
  warnings.warn(
C:\Users\yukik\fx-ai-trading\.venv\Lib\site-packages\sklearn\utils\validation.py:2691: UserWarning: X does not have valid feature names, but LGBMClassifier was fitted with feature names
  warnings.warn(
C:\Users\yukik\fx-ai-trading\.venv\Lib\site-packages\sklearn\utils\validation.py:2691: UserWarning: X does not have valid feature names, but LGBMClassifier was fitted with feature names
  warnings.warn(
C:\Users\yukik\fx-ai-trading\.venv\Lib\site-packages\sklearn\utils\validation.py:2691: UserWarning: X does not have valid feature names, but LGBMClassifier was fitted with feature names
  warnings.warn(
C:\Users\yukik\fx-ai-trading\.venv\Lib\site-packages\sklearn\utils\validation.py:2691: UserWarning: X does not have valid feature names, but LGBMClassifier was fitted with feature names
  warnings.warn(
    fold 4/5 done
C:\Users\yukik\fx-ai-trading\.venv\Lib\site-packages\sklearn\utils\validation.py:2691: UserWarning: X does not have valid feature names, but LGBMClassifier was fitted with feature names
  warnings.warn(
C:\Users\yukik\fx-ai-trading\.venv\Lib\site-packages\sklearn\utils\validation.py:2691: UserWarning: X does not have valid feature names, but LGBMClassifier was fitted with feature names
  warnings.warn(
C:\Users\yukik\fx-ai-trading\.venv\Lib\site-packages\sklearn\utils\validation.py:2691: UserWarning: X does not have valid feature names, but LGBMClassifier was fitted with feature names
  warnings.warn(
C:\Users\yukik\fx-ai-trading\.venv\Lib\site-packages\sklearn\utils\validation.py:2691: UserWarning: X does not have valid feature names, but LGBMClassifier was fitted with feature names
  warnings.warn(
C:\Users\yukik\fx-ai-trading\.venv\Lib\site-packages\sklearn\utils\validation.py:2691: UserWarning: X does not have valid feature names, but LGBMClassifier was fitted with feature names
  warnings.warn(
C:\Users\yukik\fx-ai-trading\.venv\Lib\site-packages\sklearn\utils\validation.py:2691: UserWarning: X does not have valid feature names, but LGBMClassifier was fitted with feature names
  warnings.warn(
C:\Users\yukik\fx-ai-trading\.venv\Lib\site-packages\sklearn\utils\validation.py:2691: UserWarning: X does not have valid feature names, but LGBMClassifier was fitted with feature names
  warnings.warn(
C:\Users\yukik\fx-ai-trading\.venv\Lib\site-packages\sklearn\utils\validation.py:2691: UserWarning: X does not have valid feature names, but LGBMClassifier was fitted with feature names
  warnings.warn(
C:\Users\yukik\fx-ai-trading\.venv\Lib\site-packages\sklearn\utils\validation.py:2691: UserWarning: X does not have valid feature names, but LGBMClassifier was fitted with feature names
  warnings.warn(
C:\Users\yukik\fx-ai-trading\.venv\Lib\site-packages\sklearn\utils\validation.py:2691: UserWarning: X does not have valid feature names, but LGBMClassifier was fitted with feature names
  warnings.warn(
C:\Users\yukik\fx-ai-trading\.venv\Lib\site-packages\sklearn\utils\validation.py:2691: UserWarning: X does not have valid feature names, but LGBMClassifier was fitted with feature names
  warnings.warn(
C:\Users\yukik\fx-ai-trading\.venv\Lib\site-packages\sklearn\utils\validation.py:2691: UserWarning: X does not have valid feature names, but LGBMClassifier was fitted with feature names
  warnings.warn(
C:\Users\yukik\fx-ai-trading\.venv\Lib\site-packages\sklearn\utils\validation.py:2691: UserWarning: X does not have valid feature names, but LGBMClassifier was fitted with feature names
  warnings.warn(
C:\Users\yukik\fx-ai-trading\.venv\Lib\site-packages\sklearn\utils\validation.py:2691: UserWarning: X does not have valid feature names, but LGBMClassifier was fitted with feature names
  warnings.warn(
C:\Users\yukik\fx-ai-trading\.venv\Lib\site-packages\sklearn\utils\validation.py:2691: UserWarning: X does not have valid feature names, but LGBMClassifier was fitted with feature names
  warnings.warn(
C:\Users\yukik\fx-ai-trading\.venv\Lib\site-packages\sklearn\utils\validation.py:2691: UserWarning: X does not have valid feature names, but LGBMClassifier was fitted with feature names
  warnings.warn(
C:\Users\yukik\fx-ai-trading\.venv\Lib\site-packages\sklearn\utils\validation.py:2691: UserWarning: X does not have valid feature names, but LGBMClassifier was fitted with feature names
  warnings.warn(
C:\Users\yukik\fx-ai-trading\.venv\Lib\site-packages\sklearn\utils\validation.py:2691: UserWarning: X does not have valid feature names, but LGBMClassifier was fitted with feature names
  warnings.warn(
C:\Users\yukik\fx-ai-trading\.venv\Lib\site-packages\sklearn\utils\validation.py:2691: UserWarning: X does not have valid feature names, but LGBMClassifier was fitted with feature names
  warnings.warn(
C:\Users\yukik\fx-ai-trading\.venv\Lib\site-packages\sklearn\utils\validation.py:2691: UserWarning: X does not have valid feature names, but LGBMClassifier was fitted with feature names
  warnings.warn(
    fold 5/5 done
  a_ref               feat=53  Sharpe=-0.0493  hit= 33.1%  n=   121  PnL=    -76.4  (162s)

  >> b_multi_tf (59 feat, +6)
C:\Users\yukik\fx-ai-trading\.venv\Lib\site-packages\sklearn\utils\validation.py:2691: UserWarning: X does not have valid feature names, but LGBMClassifier was fitted with feature names
  warnings.warn(
C:\Users\yukik\fx-ai-trading\.venv\Lib\site-packages\sklearn\utils\validation.py:2691: UserWarning: X does not have valid feature names, but LGBMClassifier was fitted with feature names
  warnings.warn(
C:\Users\yukik\fx-ai-trading\.venv\Lib\site-packages\sklearn\utils\validation.py:2691: UserWarning: X does not have valid feature names, but LGBMClassifier was fitted with feature names
  warnings.warn(
C:\Users\yukik\fx-ai-trading\.venv\Lib\site-packages\sklearn\utils\validation.py:2691: UserWarning: X does not have valid feature names, but LGBMClassifier was fitted with feature names
  warnings.warn(
C:\Users\yukik\fx-ai-trading\.venv\Lib\site-packages\sklearn\utils\validation.py:2691: UserWarning: X does not have valid feature names, but LGBMClassifier was fitted with feature names
  warnings.warn(
C:\Users\yukik\fx-ai-trading\.venv\Lib\site-packages\sklearn\utils\validation.py:2691: UserWarning: X does not have valid feature names, but LGBMClassifier was fitted with feature names
  warnings.warn(
C:\Users\yukik\fx-ai-trading\.venv\Lib\site-packages\sklearn\utils\validation.py:2691: UserWarning: X does not have valid feature names, but LGBMClassifier was fitted with feature names
  warnings.warn(
C:\Users\yukik\fx-ai-trading\.venv\Lib\site-packages\sklearn\utils\validation.py:2691: UserWarning: X does not have valid feature names, but LGBMClassifier was fitted with feature names
  warnings.warn(
C:\Users\yukik\fx-ai-trading\.venv\Lib\site-packages\sklearn\utils\validation.py:2691: UserWarning: X does not have valid feature names, but LGBMClassifier was fitted with feature names
  warnings.warn(
C:\Users\yukik\fx-ai-trading\.venv\Lib\site-packages\sklearn\utils\validation.py:2691: UserWarning: X does not have valid feature names, but LGBMClassifier was fitted with feature names
  warnings.warn(
C:\Users\yukik\fx-ai-trading\.venv\Lib\site-packages\sklearn\utils\validation.py:2691: UserWarning: X does not have valid feature names, but LGBMClassifier was fitted with feature names
  warnings.warn(
C:\Users\yukik\fx-ai-trading\.venv\Lib\site-packages\sklearn\utils\validation.py:2691: UserWarning: X does not have valid feature names, but LGBMClassifier was fitted with feature names
  warnings.warn(
C:\Users\yukik\fx-ai-trading\.venv\Lib\site-packages\sklearn\utils\validation.py:2691: UserWarning: X does not have valid feature names, but LGBMClassifier was fitted with feature names
  warnings.warn(
C:\Users\yukik\fx-ai-trading\.venv\Lib\site-packages\sklearn\utils\validation.py:2691: UserWarning: X does not have valid feature names, but LGBMClassifier was fitted with feature names
  warnings.warn(
C:\Users\yukik\fx-ai-trading\.venv\Lib\site-packages\sklearn\utils\validation.py:2691: UserWarning: X does not have valid feature names, but LGBMClassifier was fitted with feature names
  warnings.warn(
C:\Users\yukik\fx-ai-trading\.venv\Lib\site-packages\sklearn\utils\validation.py:2691: UserWarning: X does not have valid feature names, but LGBMClassifier was fitted with feature names
  warnings.warn(
C:\Users\yukik\fx-ai-trading\.venv\Lib\site-packages\sklearn\utils\validation.py:2691: UserWarning: X does not have valid feature names, but LGBMClassifier was fitted with feature names
  warnings.warn(
C:\Users\yukik\fx-ai-trading\.venv\Lib\site-packages\sklearn\utils\validation.py:2691: UserWarning: X does not have valid feature names, but LGBMClassifier was fitted with feature names
  warnings.warn(
C:\Users\yukik\fx-ai-trading\.venv\Lib\site-packages\sklearn\utils\validation.py:2691: UserWarning: X does not have valid feature names, but LGBMClassifier was fitted with feature names
  warnings.warn(
C:\Users\yukik\fx-ai-trading\.venv\Lib\site-packages\sklearn\utils\validation.py:2691: UserWarning: X does not have valid feature names, but LGBMClassifier was fitted with feature names
  warnings.warn(
    fold 1/5 done
C:\Users\yukik\fx-ai-trading\.venv\Lib\site-packages\sklearn\utils\validation.py:2691: UserWarning: X does not have valid feature names, but LGBMClassifier was fitted with feature names
  warnings.warn(
C:\Users\yukik\fx-ai-trading\.venv\Lib\site-packages\sklearn\utils\validation.py:2691: UserWarning: X does not have valid feature names, but LGBMClassifier was fitted with feature names
  warnings.warn(
C:\Users\yukik\fx-ai-trading\.venv\Lib\site-packages\sklearn\utils\validation.py:2691: UserWarning: X does not have valid feature names, but LGBMClassifier was fitted with feature names
  warnings.warn(
C:\Users\yukik\fx-ai-trading\.venv\Lib\site-packages\sklearn\utils\validation.py:2691: UserWarning: X does not have valid feature names, but LGBMClassifier was fitted with feature names
  warnings.warn(
C:\Users\yukik\fx-ai-trading\.venv\Lib\site-packages\sklearn\utils\validation.py:2691: UserWarning: X does not have valid feature names, but LGBMClassifier was fitted with feature names
  warnings.warn(
C:\Users\yukik\fx-ai-trading\.venv\Lib\site-packages\sklearn\utils\validation.py:2691: UserWarning: X does not have valid feature names, but LGBMClassifier was fitted with feature names
  warnings.warn(
C:\Users\yukik\fx-ai-trading\.venv\Lib\site-packages\sklearn\utils\validation.py:2691: UserWarning: X does not have valid feature names, but LGBMClassifier was fitted with feature names
  warnings.warn(
C:\Users\yukik\fx-ai-trading\.venv\Lib\site-packages\sklearn\utils\validation.py:2691: UserWarning: X does not have valid feature names, but LGBMClassifier was fitted with feature names
  warnings.warn(
C:\Users\yukik\fx-ai-trading\.venv\Lib\site-packages\sklearn\utils\validation.py:2691: UserWarning: X does not have valid feature names, but LGBMClassifier was fitted with feature names
  warnings.warn(
C:\Users\yukik\fx-ai-trading\.venv\Lib\site-packages\sklearn\utils\validation.py:2691: UserWarning: X does not have valid feature names, but LGBMClassifier was fitted with feature names
  warnings.warn(
C:\Users\yukik\fx-ai-trading\.venv\Lib\site-packages\sklearn\utils\validation.py:2691: UserWarning: X does not have valid feature names, but LGBMClassifier was fitted with feature names
  warnings.warn(
C:\Users\yukik\fx-ai-trading\.venv\Lib\site-packages\sklearn\utils\validation.py:2691: UserWarning: X does not have valid feature names, but LGBMClassifier was fitted with feature names
  warnings.warn(
C:\Users\yukik\fx-ai-trading\.venv\Lib\site-packages\sklearn\utils\validation.py:2691: UserWarning: X does not have valid feature names, but LGBMClassifier was fitted with feature names
  warnings.warn(
C:\Users\yukik\fx-ai-trading\.venv\Lib\site-packages\sklearn\utils\validation.py:2691: UserWarning: X does not have valid feature names, but LGBMClassifier was fitted with feature names
  warnings.warn(
C:\Users\yukik\fx-ai-trading\.venv\Lib\site-packages\sklearn\utils\validation.py:2691: UserWarning: X does not have valid feature names, but LGBMClassifier was fitted with feature names
  warnings.warn(
C:\Users\yukik\fx-ai-trading\.venv\Lib\site-packages\sklearn\utils\validation.py:2691: UserWarning: X does not have valid feature names, but LGBMClassifier was fitted with feature names
  warnings.warn(
C:\Users\yukik\fx-ai-trading\.venv\Lib\site-packages\sklearn\utils\validation.py:2691: UserWarning: X does not have valid feature names, but LGBMClassifier was fitted with feature names
  warnings.warn(
C:\Users\yukik\fx-ai-trading\.venv\Lib\site-packages\sklearn\utils\validation.py:2691: UserWarning: X does not have valid feature names, but LGBMClassifier was fitted with feature names
  warnings.warn(
C:\Users\yukik\fx-ai-trading\.venv\Lib\site-packages\sklearn\utils\validation.py:2691: UserWarning: X does not have valid feature names, but LGBMClassifier was fitted with feature names
  warnings.warn(
C:\Users\yukik\fx-ai-trading\.venv\Lib\site-packages\sklearn\utils\validation.py:2691: UserWarning: X does not have valid feature names, but LGBMClassifier was fitted with feature names
  warnings.warn(
    fold 2/5 done
C:\Users\yukik\fx-ai-trading\.venv\Lib\site-packages\sklearn\utils\validation.py:2691: UserWarning: X does not have valid feature names, but LGBMClassifier was fitted with feature names
  warnings.warn(
C:\Users\yukik\fx-ai-trading\.venv\Lib\site-packages\sklearn\utils\validation.py:2691: UserWarning: X does not have valid feature names, but LGBMClassifier was fitted with feature names
  warnings.warn(
C:\Users\yukik\fx-ai-trading\.venv\Lib\site-packages\sklearn\utils\validation.py:2691: UserWarning: X does not have valid feature names, but LGBMClassifier was fitted with feature names
  warnings.warn(
C:\Users\yukik\fx-ai-trading\.venv\Lib\site-packages\sklearn\utils\validation.py:2691: UserWarning: X does not have valid feature names, but LGBMClassifier was fitted with feature names
  warnings.warn(
C:\Users\yukik\fx-ai-trading\.venv\Lib\site-packages\sklearn\utils\validation.py:2691: UserWarning: X does not have valid feature names, but LGBMClassifier was fitted with feature names
  warnings.warn(
C:\Users\yukik\fx-ai-trading\.venv\Lib\site-packages\sklearn\utils\validation.py:2691: UserWarning: X does not have valid feature names, but LGBMClassifier was fitted with feature names
  warnings.warn(
C:\Users\yukik\fx-ai-trading\.venv\Lib\site-packages\sklearn\utils\validation.py:2691: UserWarning: X does not have valid feature names, but LGBMClassifier was fitted with feature names
  warnings.warn(
C:\Users\yukik\fx-ai-trading\.venv\Lib\site-packages\sklearn\utils\validation.py:2691: UserWarning: X does not have valid feature names, but LGBMClassifier was fitted with feature names
  warnings.warn(
C:\Users\yukik\fx-ai-trading\.venv\Lib\site-packages\sklearn\utils\validation.py:2691: UserWarning: X does not have valid feature names, but LGBMClassifier was fitted with feature names
  warnings.warn(
C:\Users\yukik\fx-ai-trading\.venv\Lib\site-packages\sklearn\utils\validation.py:2691: UserWarning: X does not have valid feature names, but LGBMClassifier was fitted with feature names
  warnings.warn(
C:\Users\yukik\fx-ai-trading\.venv\Lib\site-packages\sklearn\utils\validation.py:2691: UserWarning: X does not have valid feature names, but LGBMClassifier was fitted with feature names
  warnings.warn(
C:\Users\yukik\fx-ai-trading\.venv\Lib\site-packages\sklearn\utils\validation.py:2691: UserWarning: X does not have valid feature names, but LGBMClassifier was fitted with feature names
  warnings.warn(
C:\Users\yukik\fx-ai-trading\.venv\Lib\site-packages\sklearn\utils\validation.py:2691: UserWarning: X does not have valid feature names, but LGBMClassifier was fitted with feature names
  warnings.warn(
C:\Users\yukik\fx-ai-trading\.venv\Lib\site-packages\sklearn\utils\validation.py:2691: UserWarning: X does not have valid feature names, but LGBMClassifier was fitted with feature names
  warnings.warn(
C:\Users\yukik\fx-ai-trading\.venv\Lib\site-packages\sklearn\utils\validation.py:2691: UserWarning: X does not have valid feature names, but LGBMClassifier was fitted with feature names
  warnings.warn(
C:\Users\yukik\fx-ai-trading\.venv\Lib\site-packages\sklearn\utils\validation.py:2691: UserWarning: X does not have valid feature names, but LGBMClassifier was fitted with feature names
  warnings.warn(
C:\Users\yukik\fx-ai-trading\.venv\Lib\site-packages\sklearn\utils\validation.py:2691: UserWarning: X does not have valid feature names, but LGBMClassifier was fitted with feature names
  warnings.warn(
C:\Users\yukik\fx-ai-trading\.venv\Lib\site-packages\sklearn\utils\validation.py:2691: UserWarning: X does not have valid feature names, but LGBMClassifier was fitted with feature names
  warnings.warn(
C:\Users\yukik\fx-ai-trading\.venv\Lib\site-packages\sklearn\utils\validation.py:2691: UserWarning: X does not have valid feature names, but LGBMClassifier was fitted with feature names
  warnings.warn(
C:\Users\yukik\fx-ai-trading\.venv\Lib\site-packages\sklearn\utils\validation.py:2691: UserWarning: X does not have valid feature names, but LGBMClassifier was fitted with feature names
  warnings.warn(
    fold 3/5 done
C:\Users\yukik\fx-ai-trading\.venv\Lib\site-packages\sklearn\utils\validation.py:2691: UserWarning: X does not have valid feature names, but LGBMClassifier was fitted with feature names
  warnings.warn(
C:\Users\yukik\fx-ai-trading\.venv\Lib\site-packages\sklearn\utils\validation.py:2691: UserWarning: X does not have valid feature names, but LGBMClassifier was fitted with feature names
  warnings.warn(
C:\Users\yukik\fx-ai-trading\.venv\Lib\site-packages\sklearn\utils\validation.py:2691: UserWarning: X does not have valid feature names, but LGBMClassifier was fitted with feature names
  warnings.warn(
C:\Users\yukik\fx-ai-trading\.venv\Lib\site-packages\sklearn\utils\validation.py:2691: UserWarning: X does not have valid feature names, but LGBMClassifier was fitted with feature names
  warnings.warn(
C:\Users\yukik\fx-ai-trading\.venv\Lib\site-packages\sklearn\utils\validation.py:2691: UserWarning: X does not have valid feature names, but LGBMClassifier was fitted with feature names
  warnings.warn(
C:\Users\yukik\fx-ai-trading\.venv\Lib\site-packages\sklearn\utils\validation.py:2691: UserWarning: X does not have valid feature names, but LGBMClassifier was fitted with feature names
  warnings.warn(
C:\Users\yukik\fx-ai-trading\.venv\Lib\site-packages\sklearn\utils\validation.py:2691: UserWarning: X does not have valid feature names, but LGBMClassifier was fitted with feature names
  warnings.warn(
C:\Users\yukik\fx-ai-trading\.venv\Lib\site-packages\sklearn\utils\validation.py:2691: UserWarning: X does not have valid feature names, but LGBMClassifier was fitted with feature names
  warnings.warn(
C:\Users\yukik\fx-ai-trading\.venv\Lib\site-packages\sklearn\utils\validation.py:2691: UserWarning: X does not have valid feature names, but LGBMClassifier was fitted with feature names
  warnings.warn(
C:\Users\yukik\fx-ai-trading\.venv\Lib\site-packages\sklearn\utils\validation.py:2691: UserWarning: X does not have valid feature names, but LGBMClassifier was fitted with feature names
  warnings.warn(
C:\Users\yukik\fx-ai-trading\.venv\Lib\site-packages\sklearn\utils\validation.py:2691: UserWarning: X does not have valid feature names, but LGBMClassifier was fitted with feature names
  warnings.warn(
C:\Users\yukik\fx-ai-trading\.venv\Lib\site-packages\sklearn\utils\validation.py:2691: UserWarning: X does not have valid feature names, but LGBMClassifier was fitted with feature names
  warnings.warn(
C:\Users\yukik\fx-ai-trading\.venv\Lib\site-packages\sklearn\utils\validation.py:2691: UserWarning: X does not have valid feature names, but LGBMClassifier was fitted with feature names
  warnings.warn(
C:\Users\yukik\fx-ai-trading\.venv\Lib\site-packages\sklearn\utils\validation.py:2691: UserWarning: X does not have valid feature names, but LGBMClassifier was fitted with feature names
  warnings.warn(
C:\Users\yukik\fx-ai-trading\.venv\Lib\site-packages\sklearn\utils\validation.py:2691: UserWarning: X does not have valid feature names, but LGBMClassifier was fitted with feature names
  warnings.warn(
C:\Users\yukik\fx-ai-trading\.venv\Lib\site-packages\sklearn\utils\validation.py:2691: UserWarning: X does not have valid feature names, but LGBMClassifier was fitted with feature names
  warnings.warn(
C:\Users\yukik\fx-ai-trading\.venv\Lib\site-packages\sklearn\utils\validation.py:2691: UserWarning: X does not have valid feature names, but LGBMClassifier was fitted with feature names
  warnings.warn(
C:\Users\yukik\fx-ai-trading\.venv\Lib\site-packages\sklearn\utils\validation.py:2691: UserWarning: X does not have valid feature names, but LGBMClassifier was fitted with feature names
  warnings.warn(
C:\Users\yukik\fx-ai-trading\.venv\Lib\site-packages\sklearn\utils\validation.py:2691: UserWarning: X does not have valid feature names, but LGBMClassifier was fitted with feature names
  warnings.warn(
C:\Users\yukik\fx-ai-trading\.venv\Lib\site-packages\sklearn\utils\validation.py:2691: UserWarning: X does not have valid feature names, but LGBMClassifier was fitted with feature names
  warnings.warn(
    fold 4/5 done
C:\Users\yukik\fx-ai-trading\.venv\Lib\site-packages\sklearn\utils\validation.py:2691: UserWarning: X does not have valid feature names, but LGBMClassifier was fitted with feature names
  warnings.warn(
C:\Users\yukik\fx-ai-trading\.venv\Lib\site-packages\sklearn\utils\validation.py:2691: UserWarning: X does not have valid feature names, but LGBMClassifier was fitted with feature names
  warnings.warn(
C:\Users\yukik\fx-ai-trading\.venv\Lib\site-packages\sklearn\utils\validation.py:2691: UserWarning: X does not have valid feature names, but LGBMClassifier was fitted with feature names
  warnings.warn(
C:\Users\yukik\fx-ai-trading\.venv\Lib\site-packages\sklearn\utils\validation.py:2691: UserWarning: X does not have valid feature names, but LGBMClassifier was fitted with feature names
  warnings.warn(
C:\Users\yukik\fx-ai-trading\.venv\Lib\site-packages\sklearn\utils\validation.py:2691: UserWarning: X does not have valid feature names, but LGBMClassifier was fitted with feature names
  warnings.warn(
C:\Users\yukik\fx-ai-trading\.venv\Lib\site-packages\sklearn\utils\validation.py:2691: UserWarning: X does not have valid feature names, but LGBMClassifier was fitted with feature names
  warnings.warn(
C:\Users\yukik\fx-ai-trading\.venv\Lib\site-packages\sklearn\utils\validation.py:2691: UserWarning: X does not have valid feature names, but LGBMClassifier was fitted with feature names
  warnings.warn(
C:\Users\yukik\fx-ai-trading\.venv\Lib\site-packages\sklearn\utils\validation.py:2691: UserWarning: X does not have valid feature names, but LGBMClassifier was fitted with feature names
  warnings.warn(
C:\Users\yukik\fx-ai-trading\.venv\Lib\site-packages\sklearn\utils\validation.py:2691: UserWarning: X does not have valid feature names, but LGBMClassifier was fitted with feature names
  warnings.warn(
C:\Users\yukik\fx-ai-trading\.venv\Lib\site-packages\sklearn\utils\validation.py:2691: UserWarning: X does not have valid feature names, but LGBMClassifier was fitted with feature names
  warnings.warn(
C:\Users\yukik\fx-ai-trading\.venv\Lib\site-packages\sklearn\utils\validation.py:2691: UserWarning: X does not have valid feature names, but LGBMClassifier was fitted with feature names
  warnings.warn(
C:\Users\yukik\fx-ai-trading\.venv\Lib\site-packages\sklearn\utils\validation.py:2691: UserWarning: X does not have valid feature names, but LGBMClassifier was fitted with feature names
  warnings.warn(
C:\Users\yukik\fx-ai-trading\.venv\Lib\site-packages\sklearn\utils\validation.py:2691: UserWarning: X does not have valid feature names, but LGBMClassifier was fitted with feature names
  warnings.warn(
C:\Users\yukik\fx-ai-trading\.venv\Lib\site-packages\sklearn\utils\validation.py:2691: UserWarning: X does not have valid feature names, but LGBMClassifier was fitted with feature names
  warnings.warn(
C:\Users\yukik\fx-ai-trading\.venv\Lib\site-packages\sklearn\utils\validation.py:2691: UserWarning: X does not have valid feature names, but LGBMClassifier was fitted with feature names
  warnings.warn(
C:\Users\yukik\fx-ai-trading\.venv\Lib\site-packages\sklearn\utils\validation.py:2691: UserWarning: X does not have valid feature names, but LGBMClassifier was fitted with feature names
  warnings.warn(
C:\Users\yukik\fx-ai-trading\.venv\Lib\site-packages\sklearn\utils\validation.py:2691: UserWarning: X does not have valid feature names, but LGBMClassifier was fitted with feature names
  warnings.warn(
C:\Users\yukik\fx-ai-trading\.venv\Lib\site-packages\sklearn\utils\validation.py:2691: UserWarning: X does not have valid feature names, but LGBMClassifier was fitted with feature names
  warnings.warn(
C:\Users\yukik\fx-ai-trading\.venv\Lib\site-packages\sklearn\utils\validation.py:2691: UserWarning: X does not have valid feature names, but LGBMClassifier was fitted with feature names
  warnings.warn(
C:\Users\yukik\fx-ai-trading\.venv\Lib\site-packages\sklearn\utils\validation.py:2691: UserWarning: X does not have valid feature names, but LGBMClassifier was fitted with feature names
  warnings.warn(
    fold 5/5 done
  b_multi_tf          feat=59  Sharpe=-0.1838  hit= 30.6%  n=   111  PnL=   -268.2  (164s)

################################################################################
# M1_chained_Regime_cont
################################################################################
  loaded 20 pairs
  features+labels built (49.8s)
  CSI + regime base features built
  Multi-TF regime features built (4.6s, 6 cols)

  >> a_ref (49 feat)
C:\Users\yukik\fx-ai-trading\.venv\Lib\site-packages\sklearn\utils\validation.py:2691: UserWarning: X does not have valid feature names, but LGBMClassifier was fitted with feature names
  warnings.warn(
C:\Users\yukik\fx-ai-trading\.venv\Lib\site-packages\sklearn\utils\validation.py:2691: UserWarning: X does not have valid feature names, but LGBMClassifier was fitted with feature names
  warnings.warn(
C:\Users\yukik\fx-ai-trading\.venv\Lib\site-packages\sklearn\utils\validation.py:2691: UserWarning: X does not have valid feature names, but LGBMClassifier was fitted with feature names
  warnings.warn(
C:\Users\yukik\fx-ai-trading\.venv\Lib\site-packages\sklearn\utils\validation.py:2691: UserWarning: X does not have valid feature names, but LGBMClassifier was fitted with feature names
  warnings.warn(
C:\Users\yukik\fx-ai-trading\.venv\Lib\site-packages\sklearn\utils\validation.py:2691: UserWarning: X does not have valid feature names, but LGBMClassifier was fitted with feature names
  warnings.warn(
C:\Users\yukik\fx-ai-trading\.venv\Lib\site-packages\sklearn\utils\validation.py:2691: UserWarning: X does not have valid feature names, but LGBMClassifier was fitted with feature names
  warnings.warn(
C:\Users\yukik\fx-ai-trading\.venv\Lib\site-packages\sklearn\utils\validation.py:2691: UserWarning: X does not have valid feature names, but LGBMClassifier was fitted with feature names
  warnings.warn(
C:\Users\yukik\fx-ai-trading\.venv\Lib\site-packages\sklearn\utils\validation.py:2691: UserWarning: X does not have valid feature names, but LGBMClassifier was fitted with feature names
  warnings.warn(
C:\Users\yukik\fx-ai-trading\.venv\Lib\site-packages\sklearn\utils\validation.py:2691: UserWarning: X does not have valid feature names, but LGBMClassifier was fitted with feature names
  warnings.warn(
C:\Users\yukik\fx-ai-trading\.venv\Lib\site-packages\sklearn\utils\validation.py:2691: UserWarning: X does not have valid feature names, but LGBMClassifier was fitted with feature names
  warnings.warn(
C:\Users\yukik\fx-ai-trading\.venv\Lib\site-packages\sklearn\utils\validation.py:2691: UserWarning: X does not have valid feature names, but LGBMClassifier was fitted with feature names
  warnings.warn(
C:\Users\yukik\fx-ai-trading\.venv\Lib\site-packages\sklearn\utils\validation.py:2691: UserWarning: X does not have valid feature names, but LGBMClassifier was fitted with feature names
  warnings.warn(
C:\Users\yukik\fx-ai-trading\.venv\Lib\site-packages\sklearn\utils\validation.py:2691: UserWarning: X does not have valid feature names, but LGBMClassifier was fitted with feature names
  warnings.warn(
C:\Users\yukik\fx-ai-trading\.venv\Lib\site-packages\sklearn\utils\validation.py:2691: UserWarning: X does not have valid feature names, but LGBMClassifier was fitted with feature names
  warnings.warn(
C:\Users\yukik\fx-ai-trading\.venv\Lib\site-packages\sklearn\utils\validation.py:2691: UserWarning: X does not have valid feature names, but LGBMClassifier was fitted with feature names
  warnings.warn(
C:\Users\yukik\fx-ai-trading\.venv\Lib\site-packages\sklearn\utils\validation.py:2691: UserWarning: X does not have valid feature names, but LGBMClassifier was fitted with feature names
  warnings.warn(
C:\Users\yukik\fx-ai-trading\.venv\Lib\site-packages\sklearn\utils\validation.py:2691: UserWarning: X does not have valid feature names, but LGBMClassifier was fitted with feature names
  warnings.warn(
C:\Users\yukik\fx-ai-trading\.venv\Lib\site-packages\sklearn\utils\validation.py:2691: UserWarning: X does not have valid feature names, but LGBMClassifier was fitted with feature names
  warnings.warn(
C:\Users\yukik\fx-ai-trading\.venv\Lib\site-packages\sklearn\utils\validation.py:2691: UserWarning: X does not have valid feature names, but LGBMClassifier was fitted with feature names
  warnings.warn(
C:\Users\yukik\fx-ai-trading\.venv\Lib\site-packages\sklearn\utils\validation.py:2691: UserWarning: X does not have valid feature names, but LGBMClassifier was fitted with feature names
  warnings.warn(
    fold 1/5 done
C:\Users\yukik\fx-ai-trading\.venv\Lib\site-packages\sklearn\utils\validation.py:2691: UserWarning: X does not have valid feature names, but LGBMClassifier was fitted with feature names
  warnings.warn(
C:\Users\yukik\fx-ai-trading\.venv\Lib\site-packages\sklearn\utils\validation.py:2691: UserWarning: X does not have valid feature names, but LGBMClassifier was fitted with feature names
  warnings.warn(
C:\Users\yukik\fx-ai-trading\.venv\Lib\site-packages\sklearn\utils\validation.py:2691: UserWarning: X does not have valid feature names, but LGBMClassifier was fitted with feature names
  warnings.warn(
C:\Users\yukik\fx-ai-trading\.venv\Lib\site-packages\sklearn\utils\validation.py:2691: UserWarning: X does not have valid feature names, but LGBMClassifier was fitted with feature names
  warnings.warn(
C:\Users\yukik\fx-ai-trading\.venv\Lib\site-packages\sklearn\utils\validation.py:2691: UserWarning: X does not have valid feature names, but LGBMClassifier was fitted with feature names
  warnings.warn(
C:\Users\yukik\fx-ai-trading\.venv\Lib\site-packages\sklearn\utils\validation.py:2691: UserWarning: X does not have valid feature names, but LGBMClassifier was fitted with feature names
  warnings.warn(
C:\Users\yukik\fx-ai-trading\.venv\Lib\site-packages\sklearn\utils\validation.py:2691: UserWarning: X does not have valid feature names, but LGBMClassifier was fitted with feature names
  warnings.warn(
C:\Users\yukik\fx-ai-trading\.venv\Lib\site-packages\sklearn\utils\validation.py:2691: UserWarning: X does not have valid feature names, but LGBMClassifier was fitted with feature names
  warnings.warn(
C:\Users\yukik\fx-ai-trading\.venv\Lib\site-packages\sklearn\utils\validation.py:2691: UserWarning: X does not have valid feature names, but LGBMClassifier was fitted with feature names
  warnings.warn(
C:\Users\yukik\fx-ai-trading\.venv\Lib\site-packages\sklearn\utils\validation.py:2691: UserWarning: X does not have valid feature names, but LGBMClassifier was fitted with feature names
  warnings.warn(
C:\Users\yukik\fx-ai-trading\.venv\Lib\site-packages\sklearn\utils\validation.py:2691: UserWarning: X does not have valid feature names, but LGBMClassifier was fitted with feature names
  warnings.warn(
C:\Users\yukik\fx-ai-trading\.venv\Lib\site-packages\sklearn\utils\validation.py:2691: UserWarning: X does not have valid feature names, but LGBMClassifier was fitted with feature names
  warnings.warn(
C:\Users\yukik\fx-ai-trading\.venv\Lib\site-packages\sklearn\utils\validation.py:2691: UserWarning: X does not have valid feature names, but LGBMClassifier was fitted with feature names
  warnings.warn(
C:\Users\yukik\fx-ai-trading\.venv\Lib\site-packages\sklearn\utils\validation.py:2691: UserWarning: X does not have valid feature names, but LGBMClassifier was fitted with feature names
  warnings.warn(
C:\Users\yukik\fx-ai-trading\.venv\Lib\site-packages\sklearn\utils\validation.py:2691: UserWarning: X does not have valid feature names, but LGBMClassifier was fitted with feature names
  warnings.warn(
C:\Users\yukik\fx-ai-trading\.venv\Lib\site-packages\sklearn\utils\validation.py:2691: UserWarning: X does not have valid feature names, but LGBMClassifier was fitted with feature names
  warnings.warn(
C:\Users\yukik\fx-ai-trading\.venv\Lib\site-packages\sklearn\utils\validation.py:2691: UserWarning: X does not have valid feature names, but LGBMClassifier was fitted with feature names
  warnings.warn(
C:\Users\yukik\fx-ai-trading\.venv\Lib\site-packages\sklearn\utils\validation.py:2691: UserWarning: X does not have valid feature names, but LGBMClassifier was fitted with feature names
  warnings.warn(
C:\Users\yukik\fx-ai-trading\.venv\Lib\site-packages\sklearn\utils\validation.py:2691: UserWarning: X does not have valid feature names, but LGBMClassifier was fitted with feature names
  warnings.warn(
C:\Users\yukik\fx-ai-trading\.venv\Lib\site-packages\sklearn\utils\validation.py:2691: UserWarning: X does not have valid feature names, but LGBMClassifier was fitted with feature names
  warnings.warn(
    fold 2/5 done
C:\Users\yukik\fx-ai-trading\.venv\Lib\site-packages\sklearn\utils\validation.py:2691: UserWarning: X does not have valid feature names, but LGBMClassifier was fitted with feature names
  warnings.warn(
C:\Users\yukik\fx-ai-trading\.venv\Lib\site-packages\sklearn\utils\validation.py:2691: UserWarning: X does not have valid feature names, but LGBMClassifier was fitted with feature names
  warnings.warn(
C:\Users\yukik\fx-ai-trading\.venv\Lib\site-packages\sklearn\utils\validation.py:2691: UserWarning: X does not have valid feature names, but LGBMClassifier was fitted with feature names
  warnings.warn(
C:\Users\yukik\fx-ai-trading\.venv\Lib\site-packages\sklearn\utils\validation.py:2691: UserWarning: X does not have valid feature names, but LGBMClassifier was fitted with feature names
  warnings.warn(
C:\Users\yukik\fx-ai-trading\.venv\Lib\site-packages\sklearn\utils\validation.py:2691: UserWarning: X does not have valid feature names, but LGBMClassifier was fitted with feature names
  warnings.warn(
C:\Users\yukik\fx-ai-trading\.venv\Lib\site-packages\sklearn\utils\validation.py:2691: UserWarning: X does not have valid feature names, but LGBMClassifier was fitted with feature names
  warnings.warn(
C:\Users\yukik\fx-ai-trading\.venv\Lib\site-packages\sklearn\utils\validation.py:2691: UserWarning: X does not have valid feature names, but LGBMClassifier was fitted with feature names
  warnings.warn(
C:\Users\yukik\fx-ai-trading\.venv\Lib\site-packages\sklearn\utils\validation.py:2691: UserWarning: X does not have valid feature names, but LGBMClassifier was fitted with feature names
  warnings.warn(
C:\Users\yukik\fx-ai-trading\.venv\Lib\site-packages\sklearn\utils\validation.py:2691: UserWarning: X does not have valid feature names, but LGBMClassifier was fitted with feature names
  warnings.warn(
C:\Users\yukik\fx-ai-trading\.venv\Lib\site-packages\sklearn\utils\validation.py:2691: UserWarning: X does not have valid feature names, but LGBMClassifier was fitted with feature names
  warnings.warn(
C:\Users\yukik\fx-ai-trading\.venv\Lib\site-packages\sklearn\utils\validation.py:2691: UserWarning: X does not have valid feature names, but LGBMClassifier was fitted with feature names
  warnings.warn(
C:\Users\yukik\fx-ai-trading\.venv\Lib\site-packages\sklearn\utils\validation.py:2691: UserWarning: X does not have valid feature names, but LGBMClassifier was fitted with feature names
  warnings.warn(
C:\Users\yukik\fx-ai-trading\.venv\Lib\site-packages\sklearn\utils\validation.py:2691: UserWarning: X does not have valid feature names, but LGBMClassifier was fitted with feature names
  warnings.warn(
C:\Users\yukik\fx-ai-trading\.venv\Lib\site-packages\sklearn\utils\validation.py:2691: UserWarning: X does not have valid feature names, but LGBMClassifier was fitted with feature names
  warnings.warn(
C:\Users\yukik\fx-ai-trading\.venv\Lib\site-packages\sklearn\utils\validation.py:2691: UserWarning: X does not have valid feature names, but LGBMClassifier was fitted with feature names
  warnings.warn(
C:\Users\yukik\fx-ai-trading\.venv\Lib\site-packages\sklearn\utils\validation.py:2691: UserWarning: X does not have valid feature names, but LGBMClassifier was fitted with feature names
  warnings.warn(
C:\Users\yukik\fx-ai-trading\.venv\Lib\site-packages\sklearn\utils\validation.py:2691: UserWarning: X does not have valid feature names, but LGBMClassifier was fitted with feature names
  warnings.warn(
C:\Users\yukik\fx-ai-trading\.venv\Lib\site-packages\sklearn\utils\validation.py:2691: UserWarning: X does not have valid feature names, but LGBMClassifier was fitted with feature names
  warnings.warn(
C:\Users\yukik\fx-ai-trading\.venv\Lib\site-packages\sklearn\utils\validation.py:2691: UserWarning: X does not have valid feature names, but LGBMClassifier was fitted with feature names
  warnings.warn(
C:\Users\yukik\fx-ai-trading\.venv\Lib\site-packages\sklearn\utils\validation.py:2691: UserWarning: X does not have valid feature names, but LGBMClassifier was fitted with feature names
  warnings.warn(
    fold 3/5 done
C:\Users\yukik\fx-ai-trading\.venv\Lib\site-packages\sklearn\utils\validation.py:2691: UserWarning: X does not have valid feature names, but LGBMClassifier was fitted with feature names
  warnings.warn(
C:\Users\yukik\fx-ai-trading\.venv\Lib\site-packages\sklearn\utils\validation.py:2691: UserWarning: X does not have valid feature names, but LGBMClassifier was fitted with feature names
  warnings.warn(
C:\Users\yukik\fx-ai-trading\.venv\Lib\site-packages\sklearn\utils\validation.py:2691: UserWarning: X does not have valid feature names, but LGBMClassifier was fitted with feature names
  warnings.warn(
C:\Users\yukik\fx-ai-trading\.venv\Lib\site-packages\sklearn\utils\validation.py:2691: UserWarning: X does not have valid feature names, but LGBMClassifier was fitted with feature names
  warnings.warn(
C:\Users\yukik\fx-ai-trading\.venv\Lib\site-packages\sklearn\utils\validation.py:2691: UserWarning: X does not have valid feature names, but LGBMClassifier was fitted with feature names
  warnings.warn(
C:\Users\yukik\fx-ai-trading\.venv\Lib\site-packages\sklearn\utils\validation.py:2691: UserWarning: X does not have valid feature names, but LGBMClassifier was fitted with feature names
  warnings.warn(
C:\Users\yukik\fx-ai-trading\.venv\Lib\site-packages\sklearn\utils\validation.py:2691: UserWarning: X does not have valid feature names, but LGBMClassifier was fitted with feature names
  warnings.warn(
C:\Users\yukik\fx-ai-trading\.venv\Lib\site-packages\sklearn\utils\validation.py:2691: UserWarning: X does not have valid feature names, but LGBMClassifier was fitted with feature names
  warnings.warn(
C:\Users\yukik\fx-ai-trading\.venv\Lib\site-packages\sklearn\utils\validation.py:2691: UserWarning: X does not have valid feature names, but LGBMClassifier was fitted with feature names
  warnings.warn(
C:\Users\yukik\fx-ai-trading\.venv\Lib\site-packages\sklearn\utils\validation.py:2691: UserWarning: X does not have valid feature names, but LGBMClassifier was fitted with feature names
  warnings.warn(
C:\Users\yukik\fx-ai-trading\.venv\Lib\site-packages\sklearn\utils\validation.py:2691: UserWarning: X does not have valid feature names, but LGBMClassifier was fitted with feature names
  warnings.warn(
C:\Users\yukik\fx-ai-trading\.venv\Lib\site-packages\sklearn\utils\validation.py:2691: UserWarning: X does not have valid feature names, but LGBMClassifier was fitted with feature names
  warnings.warn(
C:\Users\yukik\fx-ai-trading\.venv\Lib\site-packages\sklearn\utils\validation.py:2691: UserWarning: X does not have valid feature names, but LGBMClassifier was fitted with feature names
  warnings.warn(
C:\Users\yukik\fx-ai-trading\.venv\Lib\site-packages\sklearn\utils\validation.py:2691: UserWarning: X does not have valid feature names, but LGBMClassifier was fitted with feature names
  warnings.warn(
C:\Users\yukik\fx-ai-trading\.venv\Lib\site-packages\sklearn\utils\validation.py:2691: UserWarning: X does not have valid feature names, but LGBMClassifier was fitted with feature names
  warnings.warn(
C:\Users\yukik\fx-ai-trading\.venv\Lib\site-packages\sklearn\utils\validation.py:2691: UserWarning: X does not have valid feature names, but LGBMClassifier was fitted with feature names
  warnings.warn(
C:\Users\yukik\fx-ai-trading\.venv\Lib\site-packages\sklearn\utils\validation.py:2691: UserWarning: X does not have valid feature names, but LGBMClassifier was fitted with feature names
  warnings.warn(
C:\Users\yukik\fx-ai-trading\.venv\Lib\site-packages\sklearn\utils\validation.py:2691: UserWarning: X does not have valid feature names, but LGBMClassifier was fitted with feature names
  warnings.warn(
C:\Users\yukik\fx-ai-trading\.venv\Lib\site-packages\sklearn\utils\validation.py:2691: UserWarning: X does not have valid feature names, but LGBMClassifier was fitted with feature names
  warnings.warn(
C:\Users\yukik\fx-ai-trading\.venv\Lib\site-packages\sklearn\utils\validation.py:2691: UserWarning: X does not have valid feature names, but LGBMClassifier was fitted with feature names
  warnings.warn(
    fold 4/5 done
C:\Users\yukik\fx-ai-trading\.venv\Lib\site-packages\sklearn\utils\validation.py:2691: UserWarning: X does not have valid feature names, but LGBMClassifier was fitted with feature names
  warnings.warn(
C:\Users\yukik\fx-ai-trading\.venv\Lib\site-packages\sklearn\utils\validation.py:2691: UserWarning: X does not have valid feature names, but LGBMClassifier was fitted with feature names
  warnings.warn(
C:\Users\yukik\fx-ai-trading\.venv\Lib\site-packages\sklearn\utils\validation.py:2691: UserWarning: X does not have valid feature names, but LGBMClassifier was fitted with feature names
  warnings.warn(
C:\Users\yukik\fx-ai-trading\.venv\Lib\site-packages\sklearn\utils\validation.py:2691: UserWarning: X does not have valid feature names, but LGBMClassifier was fitted with feature names
  warnings.warn(
C:\Users\yukik\fx-ai-trading\.venv\Lib\site-packages\sklearn\utils\validation.py:2691: UserWarning: X does not have valid feature names, but LGBMClassifier was fitted with feature names
  warnings.warn(
C:\Users\yukik\fx-ai-trading\.venv\Lib\site-packages\sklearn\utils\validation.py:2691: UserWarning: X does not have valid feature names, but LGBMClassifier was fitted with feature names
  warnings.warn(
C:\Users\yukik\fx-ai-trading\.venv\Lib\site-packages\sklearn\utils\validation.py:2691: UserWarning: X does not have valid feature names, but LGBMClassifier was fitted with feature names
  warnings.warn(
C:\Users\yukik\fx-ai-trading\.venv\Lib\site-packages\sklearn\utils\validation.py:2691: UserWarning: X does not have valid feature names, but LGBMClassifier was fitted with feature names
  warnings.warn(
C:\Users\yukik\fx-ai-trading\.venv\Lib\site-packages\sklearn\utils\validation.py:2691: UserWarning: X does not have valid feature names, but LGBMClassifier was fitted with feature names
  warnings.warn(
C:\Users\yukik\fx-ai-trading\.venv\Lib\site-packages\sklearn\utils\validation.py:2691: UserWarning: X does not have valid feature names, but LGBMClassifier was fitted with feature names
  warnings.warn(
C:\Users\yukik\fx-ai-trading\.venv\Lib\site-packages\sklearn\utils\validation.py:2691: UserWarning: X does not have valid feature names, but LGBMClassifier was fitted with feature names
  warnings.warn(
C:\Users\yukik\fx-ai-trading\.venv\Lib\site-packages\sklearn\utils\validation.py:2691: UserWarning: X does not have valid feature names, but LGBMClassifier was fitted with feature names
  warnings.warn(
C:\Users\yukik\fx-ai-trading\.venv\Lib\site-packages\sklearn\utils\validation.py:2691: UserWarning: X does not have valid feature names, but LGBMClassifier was fitted with feature names
  warnings.warn(
C:\Users\yukik\fx-ai-trading\.venv\Lib\site-packages\sklearn\utils\validation.py:2691: UserWarning: X does not have valid feature names, but LGBMClassifier was fitted with feature names
  warnings.warn(
C:\Users\yukik\fx-ai-trading\.venv\Lib\site-packages\sklearn\utils\validation.py:2691: UserWarning: X does not have valid feature names, but LGBMClassifier was fitted with feature names
  warnings.warn(
C:\Users\yukik\fx-ai-trading\.venv\Lib\site-packages\sklearn\utils\validation.py:2691: UserWarning: X does not have valid feature names, but LGBMClassifier was fitted with feature names
  warnings.warn(
C:\Users\yukik\fx-ai-trading\.venv\Lib\site-packages\sklearn\utils\validation.py:2691: UserWarning: X does not have valid feature names, but LGBMClassifier was fitted with feature names
  warnings.warn(
C:\Users\yukik\fx-ai-trading\.venv\Lib\site-packages\sklearn\utils\validation.py:2691: UserWarning: X does not have valid feature names, but LGBMClassifier was fitted with feature names
  warnings.warn(
C:\Users\yukik\fx-ai-trading\.venv\Lib\site-packages\sklearn\utils\validation.py:2691: UserWarning: X does not have valid feature names, but LGBMClassifier was fitted with feature names
  warnings.warn(
C:\Users\yukik\fx-ai-trading\.venv\Lib\site-packages\sklearn\utils\validation.py:2691: UserWarning: X does not have valid feature names, but LGBMClassifier was fitted with feature names
  warnings.warn(
    fold 5/5 done
  a_ref               feat=49  Sharpe=-0.0783  hit= 37.3%  n=   225  PnL=   -215.7  (151s)

  >> b_multi_tf (55 feat, +6)
C:\Users\yukik\fx-ai-trading\.venv\Lib\site-packages\sklearn\utils\validation.py:2691: UserWarning: X does not have valid feature names, but LGBMClassifier was fitted with feature names
  warnings.warn(
C:\Users\yukik\fx-ai-trading\.venv\Lib\site-packages\sklearn\utils\validation.py:2691: UserWarning: X does not have valid feature names, but LGBMClassifier was fitted with feature names
  warnings.warn(
C:\Users\yukik\fx-ai-trading\.venv\Lib\site-packages\sklearn\utils\validation.py:2691: UserWarning: X does not have valid feature names, but LGBMClassifier was fitted with feature names
  warnings.warn(
C:\Users\yukik\fx-ai-trading\.venv\Lib\site-packages\sklearn\utils\validation.py:2691: UserWarning: X does not have valid feature names, but LGBMClassifier was fitted with feature names
  warnings.warn(
C:\Users\yukik\fx-ai-trading\.venv\Lib\site-packages\sklearn\utils\validation.py:2691: UserWarning: X does not have valid feature names, but LGBMClassifier was fitted with feature names
  warnings.warn(
C:\Users\yukik\fx-ai-trading\.venv\Lib\site-packages\sklearn\utils\validation.py:2691: UserWarning: X does not have valid feature names, but LGBMClassifier was fitted with feature names
  warnings.warn(
C:\Users\yukik\fx-ai-trading\.venv\Lib\site-packages\sklearn\utils\validation.py:2691: UserWarning: X does not have valid feature names, but LGBMClassifier was fitted with feature names
  warnings.warn(
C:\Users\yukik\fx-ai-trading\.venv\Lib\site-packages\sklearn\utils\validation.py:2691: UserWarning: X does not have valid feature names, but LGBMClassifier was fitted with feature names
  warnings.warn(
C:\Users\yukik\fx-ai-trading\.venv\Lib\site-packages\sklearn\utils\validation.py:2691: UserWarning: X does not have valid feature names, but LGBMClassifier was fitted with feature names
  warnings.warn(
C:\Users\yukik\fx-ai-trading\.venv\Lib\site-packages\sklearn\utils\validation.py:2691: UserWarning: X does not have valid feature names, but LGBMClassifier was fitted with feature names
  warnings.warn(
C:\Users\yukik\fx-ai-trading\.venv\Lib\site-packages\sklearn\utils\validation.py:2691: UserWarning: X does not have valid feature names, but LGBMClassifier was fitted with feature names
  warnings.warn(
C:\Users\yukik\fx-ai-trading\.venv\Lib\site-packages\sklearn\utils\validation.py:2691: UserWarning: X does not have valid feature names, but LGBMClassifier was fitted with feature names
  warnings.warn(
C:\Users\yukik\fx-ai-trading\.venv\Lib\site-packages\sklearn\utils\validation.py:2691: UserWarning: X does not have valid feature names, but LGBMClassifier was fitted with feature names
  warnings.warn(
C:\Users\yukik\fx-ai-trading\.venv\Lib\site-packages\sklearn\utils\validation.py:2691: UserWarning: X does not have valid feature names, but LGBMClassifier was fitted with feature names
  warnings.warn(
C:\Users\yukik\fx-ai-trading\.venv\Lib\site-packages\sklearn\utils\validation.py:2691: UserWarning: X does not have valid feature names, but LGBMClassifier was fitted with feature names
  warnings.warn(
C:\Users\yukik\fx-ai-trading\.venv\Lib\site-packages\sklearn\utils\validation.py:2691: UserWarning: X does not have valid feature names, but LGBMClassifier was fitted with feature names
  warnings.warn(
C:\Users\yukik\fx-ai-trading\.venv\Lib\site-packages\sklearn\utils\validation.py:2691: UserWarning: X does not have valid feature names, but LGBMClassifier was fitted with feature names
  warnings.warn(
C:\Users\yukik\fx-ai-trading\.venv\Lib\site-packages\sklearn\utils\validation.py:2691: UserWarning: X does not have valid feature names, but LGBMClassifier was fitted with feature names
  warnings.warn(
C:\Users\yukik\fx-ai-trading\.venv\Lib\site-packages\sklearn\utils\validation.py:2691: UserWarning: X does not have valid feature names, but LGBMClassifier was fitted with feature names
  warnings.warn(
C:\Users\yukik\fx-ai-trading\.venv\Lib\site-packages\sklearn\utils\validation.py:2691: UserWarning: X does not have valid feature names, but LGBMClassifier was fitted with feature names
  warnings.warn(
    fold 1/5 done
C:\Users\yukik\fx-ai-trading\.venv\Lib\site-packages\sklearn\utils\validation.py:2691: UserWarning: X does not have valid feature names, but LGBMClassifier was fitted with feature names
  warnings.warn(
C:\Users\yukik\fx-ai-trading\.venv\Lib\site-packages\sklearn\utils\validation.py:2691: UserWarning: X does not have valid feature names, but LGBMClassifier was fitted with feature names
  warnings.warn(
C:\Users\yukik\fx-ai-trading\.venv\Lib\site-packages\sklearn\utils\validation.py:2691: UserWarning: X does not have valid feature names, but LGBMClassifier was fitted with feature names
  warnings.warn(
C:\Users\yukik\fx-ai-trading\.venv\Lib\site-packages\sklearn\utils\validation.py:2691: UserWarning: X does not have valid feature names, but LGBMClassifier was fitted with feature names
  warnings.warn(
C:\Users\yukik\fx-ai-trading\.venv\Lib\site-packages\sklearn\utils\validation.py:2691: UserWarning: X does not have valid feature names, but LGBMClassifier was fitted with feature names
  warnings.warn(
C:\Users\yukik\fx-ai-trading\.venv\Lib\site-packages\sklearn\utils\validation.py:2691: UserWarning: X does not have valid feature names, but LGBMClassifier was fitted with feature names
  warnings.warn(
C:\Users\yukik\fx-ai-trading\.venv\Lib\site-packages\sklearn\utils\validation.py:2691: UserWarning: X does not have valid feature names, but LGBMClassifier was fitted with feature names
  warnings.warn(
C:\Users\yukik\fx-ai-trading\.venv\Lib\site-packages\sklearn\utils\validation.py:2691: UserWarning: X does not have valid feature names, but LGBMClassifier was fitted with feature names
  warnings.warn(
C:\Users\yukik\fx-ai-trading\.venv\Lib\site-packages\sklearn\utils\validation.py:2691: UserWarning: X does not have valid feature names, but LGBMClassifier was fitted with feature names
  warnings.warn(
C:\Users\yukik\fx-ai-trading\.venv\Lib\site-packages\sklearn\utils\validation.py:2691: UserWarning: X does not have valid feature names, but LGBMClassifier was fitted with feature names
  warnings.warn(
C:\Users\yukik\fx-ai-trading\.venv\Lib\site-packages\sklearn\utils\validation.py:2691: UserWarning: X does not have valid feature names, but LGBMClassifier was fitted with feature names
  warnings.warn(
C:\Users\yukik\fx-ai-trading\.venv\Lib\site-packages\sklearn\utils\validation.py:2691: UserWarning: X does not have valid feature names, but LGBMClassifier was fitted with feature names
  warnings.warn(
C:\Users\yukik\fx-ai-trading\.venv\Lib\site-packages\sklearn\utils\validation.py:2691: UserWarning: X does not have valid feature names, but LGBMClassifier was fitted with feature names
  warnings.warn(
C:\Users\yukik\fx-ai-trading\.venv\Lib\site-packages\sklearn\utils\validation.py:2691: UserWarning: X does not have valid feature names, but LGBMClassifier was fitted with feature names
  warnings.warn(
C:\Users\yukik\fx-ai-trading\.venv\Lib\site-packages\sklearn\utils\validation.py:2691: UserWarning: X does not have valid feature names, but LGBMClassifier was fitted with feature names
  warnings.warn(
C:\Users\yukik\fx-ai-trading\.venv\Lib\site-packages\sklearn\utils\validation.py:2691: UserWarning: X does not have valid feature names, but LGBMClassifier was fitted with feature names
  warnings.warn(
C:\Users\yukik\fx-ai-trading\.venv\Lib\site-packages\sklearn\utils\validation.py:2691: UserWarning: X does not have valid feature names, but LGBMClassifier was fitted with feature names
  warnings.warn(
C:\Users\yukik\fx-ai-trading\.venv\Lib\site-packages\sklearn\utils\validation.py:2691: UserWarning: X does not have valid feature names, but LGBMClassifier was fitted with feature names
  warnings.warn(
C:\Users\yukik\fx-ai-trading\.venv\Lib\site-packages\sklearn\utils\validation.py:2691: UserWarning: X does not have valid feature names, but LGBMClassifier was fitted with feature names
  warnings.warn(
C:\Users\yukik\fx-ai-trading\.venv\Lib\site-packages\sklearn\utils\validation.py:2691: UserWarning: X does not have valid feature names, but LGBMClassifier was fitted with feature names
  warnings.warn(
    fold 2/5 done
C:\Users\yukik\fx-ai-trading\.venv\Lib\site-packages\sklearn\utils\validation.py:2691: UserWarning: X does not have valid feature names, but LGBMClassifier was fitted with feature names
  warnings.warn(
C:\Users\yukik\fx-ai-trading\.venv\Lib\site-packages\sklearn\utils\validation.py:2691: UserWarning: X does not have valid feature names, but LGBMClassifier was fitted with feature names
  warnings.warn(
C:\Users\yukik\fx-ai-trading\.venv\Lib\site-packages\sklearn\utils\validation.py:2691: UserWarning: X does not have valid feature names, but LGBMClassifier was fitted with feature names
  warnings.warn(
C:\Users\yukik\fx-ai-trading\.venv\Lib\site-packages\sklearn\utils\validation.py:2691: UserWarning: X does not have valid feature names, but LGBMClassifier was fitted with feature names
  warnings.warn(
C:\Users\yukik\fx-ai-trading\.venv\Lib\site-packages\sklearn\utils\validation.py:2691: UserWarning: X does not have valid feature names, but LGBMClassifier was fitted with feature names
  warnings.warn(
C:\Users\yukik\fx-ai-trading\.venv\Lib\site-packages\sklearn\utils\validation.py:2691: UserWarning: X does not have valid feature names, but LGBMClassifier was fitted with feature names
  warnings.warn(
C:\Users\yukik\fx-ai-trading\.venv\Lib\site-packages\sklearn\utils\validation.py:2691: UserWarning: X does not have valid feature names, but LGBMClassifier was fitted with feature names
  warnings.warn(
C:\Users\yukik\fx-ai-trading\.venv\Lib\site-packages\sklearn\utils\validation.py:2691: UserWarning: X does not have valid feature names, but LGBMClassifier was fitted with feature names
  warnings.warn(
C:\Users\yukik\fx-ai-trading\.venv\Lib\site-packages\sklearn\utils\validation.py:2691: UserWarning: X does not have valid feature names, but LGBMClassifier was fitted with feature names
  warnings.warn(
C:\Users\yukik\fx-ai-trading\.venv\Lib\site-packages\sklearn\utils\validation.py:2691: UserWarning: X does not have valid feature names, but LGBMClassifier was fitted with feature names
  warnings.warn(
C:\Users\yukik\fx-ai-trading\.venv\Lib\site-packages\sklearn\utils\validation.py:2691: UserWarning: X does not have valid feature names, but LGBMClassifier was fitted with feature names
  warnings.warn(
C:\Users\yukik\fx-ai-trading\.venv\Lib\site-packages\sklearn\utils\validation.py:2691: UserWarning: X does not have valid feature names, but LGBMClassifier was fitted with feature names
  warnings.warn(
C:\Users\yukik\fx-ai-trading\.venv\Lib\site-packages\sklearn\utils\validation.py:2691: UserWarning: X does not have valid feature names, but LGBMClassifier was fitted with feature names
  warnings.warn(
C:\Users\yukik\fx-ai-trading\.venv\Lib\site-packages\sklearn\utils\validation.py:2691: UserWarning: X does not have valid feature names, but LGBMClassifier was fitted with feature names
  warnings.warn(
C:\Users\yukik\fx-ai-trading\.venv\Lib\site-packages\sklearn\utils\validation.py:2691: UserWarning: X does not have valid feature names, but LGBMClassifier was fitted with feature names
  warnings.warn(
C:\Users\yukik\fx-ai-trading\.venv\Lib\site-packages\sklearn\utils\validation.py:2691: UserWarning: X does not have valid feature names, but LGBMClassifier was fitted with feature names
  warnings.warn(
C:\Users\yukik\fx-ai-trading\.venv\Lib\site-packages\sklearn\utils\validation.py:2691: UserWarning: X does not have valid feature names, but LGBMClassifier was fitted with feature names
  warnings.warn(
C:\Users\yukik\fx-ai-trading\.venv\Lib\site-packages\sklearn\utils\validation.py:2691: UserWarning: X does not have valid feature names, but LGBMClassifier was fitted with feature names
  warnings.warn(
C:\Users\yukik\fx-ai-trading\.venv\Lib\site-packages\sklearn\utils\validation.py:2691: UserWarning: X does not have valid feature names, but LGBMClassifier was fitted with feature names
  warnings.warn(
C:\Users\yukik\fx-ai-trading\.venv\Lib\site-packages\sklearn\utils\validation.py:2691: UserWarning: X does not have valid feature names, but LGBMClassifier was fitted with feature names
  warnings.warn(
    fold 3/5 done
C:\Users\yukik\fx-ai-trading\.venv\Lib\site-packages\sklearn\utils\validation.py:2691: UserWarning: X does not have valid feature names, but LGBMClassifier was fitted with feature names
  warnings.warn(
C:\Users\yukik\fx-ai-trading\.venv\Lib\site-packages\sklearn\utils\validation.py:2691: UserWarning: X does not have valid feature names, but LGBMClassifier was fitted with feature names
  warnings.warn(
C:\Users\yukik\fx-ai-trading\.venv\Lib\site-packages\sklearn\utils\validation.py:2691: UserWarning: X does not have valid feature names, but LGBMClassifier was fitted with feature names
  warnings.warn(
C:\Users\yukik\fx-ai-trading\.venv\Lib\site-packages\sklearn\utils\validation.py:2691: UserWarning: X does not have valid feature names, but LGBMClassifier was fitted with feature names
  warnings.warn(
C:\Users\yukik\fx-ai-trading\.venv\Lib\site-packages\sklearn\utils\validation.py:2691: UserWarning: X does not have valid feature names, but LGBMClassifier was fitted with feature names
  warnings.warn(
C:\Users\yukik\fx-ai-trading\.venv\Lib\site-packages\sklearn\utils\validation.py:2691: UserWarning: X does not have valid feature names, but LGBMClassifier was fitted with feature names
  warnings.warn(
C:\Users\yukik\fx-ai-trading\.venv\Lib\site-packages\sklearn\utils\validation.py:2691: UserWarning: X does not have valid feature names, but LGBMClassifier was fitted with feature names
  warnings.warn(
C:\Users\yukik\fx-ai-trading\.venv\Lib\site-packages\sklearn\utils\validation.py:2691: UserWarning: X does not have valid feature names, but LGBMClassifier was fitted with feature names
  warnings.warn(
C:\Users\yukik\fx-ai-trading\.venv\Lib\site-packages\sklearn\utils\validation.py:2691: UserWarning: X does not have valid feature names, but LGBMClassifier was fitted with feature names
  warnings.warn(
C:\Users\yukik\fx-ai-trading\.venv\Lib\site-packages\sklearn\utils\validation.py:2691: UserWarning: X does not have valid feature names, but LGBMClassifier was fitted with feature names
  warnings.warn(
C:\Users\yukik\fx-ai-trading\.venv\Lib\site-packages\sklearn\utils\validation.py:2691: UserWarning: X does not have valid feature names, but LGBMClassifier was fitted with feature names
  warnings.warn(
C:\Users\yukik\fx-ai-trading\.venv\Lib\site-packages\sklearn\utils\validation.py:2691: UserWarning: X does not have valid feature names, but LGBMClassifier was fitted with feature names
  warnings.warn(
C:\Users\yukik\fx-ai-trading\.venv\Lib\site-packages\sklearn\utils\validation.py:2691: UserWarning: X does not have valid feature names, but LGBMClassifier was fitted with feature names
  warnings.warn(
C:\Users\yukik\fx-ai-trading\.venv\Lib\site-packages\sklearn\utils\validation.py:2691: UserWarning: X does not have valid feature names, but LGBMClassifier was fitted with feature names
  warnings.warn(
C:\Users\yukik\fx-ai-trading\.venv\Lib\site-packages\sklearn\utils\validation.py:2691: UserWarning: X does not have valid feature names, but LGBMClassifier was fitted with feature names
  warnings.warn(
C:\Users\yukik\fx-ai-trading\.venv\Lib\site-packages\sklearn\utils\validation.py:2691: UserWarning: X does not have valid feature names, but LGBMClassifier was fitted with feature names
  warnings.warn(
C:\Users\yukik\fx-ai-trading\.venv\Lib\site-packages\sklearn\utils\validation.py:2691: UserWarning: X does not have valid feature names, but LGBMClassifier was fitted with feature names
  warnings.warn(
C:\Users\yukik\fx-ai-trading\.venv\Lib\site-packages\sklearn\utils\validation.py:2691: UserWarning: X does not have valid feature names, but LGBMClassifier was fitted with feature names
  warnings.warn(
C:\Users\yukik\fx-ai-trading\.venv\Lib\site-packages\sklearn\utils\validation.py:2691: UserWarning: X does not have valid feature names, but LGBMClassifier was fitted with feature names
  warnings.warn(
C:\Users\yukik\fx-ai-trading\.venv\Lib\site-packages\sklearn\utils\validation.py:2691: UserWarning: X does not have valid feature names, but LGBMClassifier was fitted with feature names
  warnings.warn(
    fold 4/5 done
C:\Users\yukik\fx-ai-trading\.venv\Lib\site-packages\sklearn\utils\validation.py:2691: UserWarning: X does not have valid feature names, but LGBMClassifier was fitted with feature names
  warnings.warn(
C:\Users\yukik\fx-ai-trading\.venv\Lib\site-packages\sklearn\utils\validation.py:2691: UserWarning: X does not have valid feature names, but LGBMClassifier was fitted with feature names
  warnings.warn(
C:\Users\yukik\fx-ai-trading\.venv\Lib\site-packages\sklearn\utils\validation.py:2691: UserWarning: X does not have valid feature names, but LGBMClassifier was fitted with feature names
  warnings.warn(
C:\Users\yukik\fx-ai-trading\.venv\Lib\site-packages\sklearn\utils\validation.py:2691: UserWarning: X does not have valid feature names, but LGBMClassifier was fitted with feature names
  warnings.warn(
C:\Users\yukik\fx-ai-trading\.venv\Lib\site-packages\sklearn\utils\validation.py:2691: UserWarning: X does not have valid feature names, but LGBMClassifier was fitted with feature names
  warnings.warn(
C:\Users\yukik\fx-ai-trading\.venv\Lib\site-packages\sklearn\utils\validation.py:2691: UserWarning: X does not have valid feature names, but LGBMClassifier was fitted with feature names
  warnings.warn(
C:\Users\yukik\fx-ai-trading\.venv\Lib\site-packages\sklearn\utils\validation.py:2691: UserWarning: X does not have valid feature names, but LGBMClassifier was fitted with feature names
  warnings.warn(
C:\Users\yukik\fx-ai-trading\.venv\Lib\site-packages\sklearn\utils\validation.py:2691: UserWarning: X does not have valid feature names, but LGBMClassifier was fitted with feature names
  warnings.warn(
C:\Users\yukik\fx-ai-trading\.venv\Lib\site-packages\sklearn\utils\validation.py:2691: UserWarning: X does not have valid feature names, but LGBMClassifier was fitted with feature names
  warnings.warn(
C:\Users\yukik\fx-ai-trading\.venv\Lib\site-packages\sklearn\utils\validation.py:2691: UserWarning: X does not have valid feature names, but LGBMClassifier was fitted with feature names
  warnings.warn(
C:\Users\yukik\fx-ai-trading\.venv\Lib\site-packages\sklearn\utils\validation.py:2691: UserWarning: X does not have valid feature names, but LGBMClassifier was fitted with feature names
  warnings.warn(
C:\Users\yukik\fx-ai-trading\.venv\Lib\site-packages\sklearn\utils\validation.py:2691: UserWarning: X does not have valid feature names, but LGBMClassifier was fitted with feature names
  warnings.warn(
C:\Users\yukik\fx-ai-trading\.venv\Lib\site-packages\sklearn\utils\validation.py:2691: UserWarning: X does not have valid feature names, but LGBMClassifier was fitted with feature names
  warnings.warn(
C:\Users\yukik\fx-ai-trading\.venv\Lib\site-packages\sklearn\utils\validation.py:2691: UserWarning: X does not have valid feature names, but LGBMClassifier was fitted with feature names
  warnings.warn(
C:\Users\yukik\fx-ai-trading\.venv\Lib\site-packages\sklearn\utils\validation.py:2691: UserWarning: X does not have valid feature names, but LGBMClassifier was fitted with feature names
  warnings.warn(
C:\Users\yukik\fx-ai-trading\.venv\Lib\site-packages\sklearn\utils\validation.py:2691: UserWarning: X does not have valid feature names, but LGBMClassifier was fitted with feature names
  warnings.warn(
C:\Users\yukik\fx-ai-trading\.venv\Lib\site-packages\sklearn\utils\validation.py:2691: UserWarning: X does not have valid feature names, but LGBMClassifier was fitted with feature names
  warnings.warn(
C:\Users\yukik\fx-ai-trading\.venv\Lib\site-packages\sklearn\utils\validation.py:2691: UserWarning: X does not have valid feature names, but LGBMClassifier was fitted with feature names
  warnings.warn(
C:\Users\yukik\fx-ai-trading\.venv\Lib\site-packages\sklearn\utils\validation.py:2691: UserWarning: X does not have valid feature names, but LGBMClassifier was fitted with feature names
  warnings.warn(
C:\Users\yukik\fx-ai-trading\.venv\Lib\site-packages\sklearn\utils\validation.py:2691: UserWarning: X does not have valid feature names, but LGBMClassifier was fitted with feature names
  warnings.warn(
    fold 5/5 done
  b_multi_tf          feat=55  Sharpe=-0.0152  hit= 36.9%  n=   217  PnL=    -41.8  (163s)

################################################################################
# M15_chained_CSI
################################################################################
  loaded 20 pairs
  features+labels built (12.7s)
  CSI + regime base features built
  Multi-TF regime features built (1.0s, 6 cols)

  >> a_ref (50 feat)
C:\Users\yukik\fx-ai-trading\.venv\Lib\site-packages\sklearn\utils\validation.py:2691: UserWarning: X does not have valid feature names, but LGBMClassifier was fitted with feature names
  warnings.warn(
C:\Users\yukik\fx-ai-trading\.venv\Lib\site-packages\sklearn\utils\validation.py:2691: UserWarning: X does not have valid feature names, but LGBMClassifier was fitted with feature names
  warnings.warn(
C:\Users\yukik\fx-ai-trading\.venv\Lib\site-packages\sklearn\utils\validation.py:2691: UserWarning: X does not have valid feature names, but LGBMClassifier was fitted with feature names
  warnings.warn(
C:\Users\yukik\fx-ai-trading\.venv\Lib\site-packages\sklearn\utils\validation.py:2691: UserWarning: X does not have valid feature names, but LGBMClassifier was fitted with feature names
  warnings.warn(
C:\Users\yukik\fx-ai-trading\.venv\Lib\site-packages\sklearn\utils\validation.py:2691: UserWarning: X does not have valid feature names, but LGBMClassifier was fitted with feature names
  warnings.warn(
C:\Users\yukik\fx-ai-trading\.venv\Lib\site-packages\sklearn\utils\validation.py:2691: UserWarning: X does not have valid feature names, but LGBMClassifier was fitted with feature names
  warnings.warn(
C:\Users\yukik\fx-ai-trading\.venv\Lib\site-packages\sklearn\utils\validation.py:2691: UserWarning: X does not have valid feature names, but LGBMClassifier was fitted with feature names
  warnings.warn(
C:\Users\yukik\fx-ai-trading\.venv\Lib\site-packages\sklearn\utils\validation.py:2691: UserWarning: X does not have valid feature names, but LGBMClassifier was fitted with feature names
  warnings.warn(
C:\Users\yukik\fx-ai-trading\.venv\Lib\site-packages\sklearn\utils\validation.py:2691: UserWarning: X does not have valid feature names, but LGBMClassifier was fitted with feature names
  warnings.warn(
C:\Users\yukik\fx-ai-trading\.venv\Lib\site-packages\sklearn\utils\validation.py:2691: UserWarning: X does not have valid feature names, but LGBMClassifier was fitted with feature names
  warnings.warn(
C:\Users\yukik\fx-ai-trading\.venv\Lib\site-packages\sklearn\utils\validation.py:2691: UserWarning: X does not have valid feature names, but LGBMClassifier was fitted with feature names
  warnings.warn(
C:\Users\yukik\fx-ai-trading\.venv\Lib\site-packages\sklearn\utils\validation.py:2691: UserWarning: X does not have valid feature names, but LGBMClassifier was fitted with feature names
  warnings.warn(
C:\Users\yukik\fx-ai-trading\.venv\Lib\site-packages\sklearn\utils\validation.py:2691: UserWarning: X does not have valid feature names, but LGBMClassifier was fitted with feature names
  warnings.warn(
C:\Users\yukik\fx-ai-trading\.venv\Lib\site-packages\sklearn\utils\validation.py:2691: UserWarning: X does not have valid feature names, but LGBMClassifier was fitted with feature names
  warnings.warn(
C:\Users\yukik\fx-ai-trading\.venv\Lib\site-packages\sklearn\utils\validation.py:2691: UserWarning: X does not have valid feature names, but LGBMClassifier was fitted with feature names
  warnings.warn(
C:\Users\yukik\fx-ai-trading\.venv\Lib\site-packages\sklearn\utils\validation.py:2691: UserWarning: X does not have valid feature names, but LGBMClassifier was fitted with feature names
  warnings.warn(
C:\Users\yukik\fx-ai-trading\.venv\Lib\site-packages\sklearn\utils\validation.py:2691: UserWarning: X does not have valid feature names, but LGBMClassifier was fitted with feature names
  warnings.warn(
C:\Users\yukik\fx-ai-trading\.venv\Lib\site-packages\sklearn\utils\validation.py:2691: UserWarning: X does not have valid feature names, but LGBMClassifier was fitted with feature names
  warnings.warn(
C:\Users\yukik\fx-ai-trading\.venv\Lib\site-packages\sklearn\utils\validation.py:2691: UserWarning: X does not have valid feature names, but LGBMClassifier was fitted with feature names
  warnings.warn(
C:\Users\yukik\fx-ai-trading\.venv\Lib\site-packages\sklearn\utils\validation.py:2691: UserWarning: X does not have valid feature names, but LGBMClassifier was fitted with feature names
  warnings.warn(
    fold 1/17 done
C:\Users\yukik\fx-ai-trading\.venv\Lib\site-packages\sklearn\utils\validation.py:2691: UserWarning: X does not have valid feature names, but LGBMClassifier was fitted with feature names
  warnings.warn(
C:\Users\yukik\fx-ai-trading\.venv\Lib\site-packages\sklearn\utils\validation.py:2691: UserWarning: X does not have valid feature names, but LGBMClassifier was fitted with feature names
  warnings.warn(
C:\Users\yukik\fx-ai-trading\.venv\Lib\site-packages\sklearn\utils\validation.py:2691: UserWarning: X does not have valid feature names, but LGBMClassifier was fitted with feature names
  warnings.warn(
C:\Users\yukik\fx-ai-trading\.venv\Lib\site-packages\sklearn\utils\validation.py:2691: UserWarning: X does not have valid feature names, but LGBMClassifier was fitted with feature names
  warnings.warn(
C:\Users\yukik\fx-ai-trading\.venv\Lib\site-packages\sklearn\utils\validation.py:2691: UserWarning: X does not have valid feature names, but LGBMClassifier was fitted with feature names
  warnings.warn(
C:\Users\yukik\fx-ai-trading\.venv\Lib\site-packages\sklearn\utils\validation.py:2691: UserWarning: X does not have valid feature names, but LGBMClassifier was fitted with feature names
  warnings.warn(
C:\Users\yukik\fx-ai-trading\.venv\Lib\site-packages\sklearn\utils\validation.py:2691: UserWarning: X does not have valid feature names, but LGBMClassifier was fitted with feature names
  warnings.warn(
C:\Users\yukik\fx-ai-trading\.venv\Lib\site-packages\sklearn\utils\validation.py:2691: UserWarning: X does not have valid feature names, but LGBMClassifier was fitted with feature names
  warnings.warn(
C:\Users\yukik\fx-ai-trading\.venv\Lib\site-packages\sklearn\utils\validation.py:2691: UserWarning: X does not have valid feature names, but LGBMClassifier was fitted with feature names
  warnings.warn(
C:\Users\yukik\fx-ai-trading\.venv\Lib\site-packages\sklearn\utils\validation.py:2691: UserWarning: X does not have valid feature names, but LGBMClassifier was fitted with feature names
  warnings.warn(
C:\Users\yukik\fx-ai-trading\.venv\Lib\site-packages\sklearn\utils\validation.py:2691: UserWarning: X does not have valid feature names, but LGBMClassifier was fitted with feature names
  warnings.warn(
C:\Users\yukik\fx-ai-trading\.venv\Lib\site-packages\sklearn\utils\validation.py:2691: UserWarning: X does not have valid feature names, but LGBMClassifier was fitted with feature names
  warnings.warn(
C:\Users\yukik\fx-ai-trading\.venv\Lib\site-packages\sklearn\utils\validation.py:2691: UserWarning: X does not have valid feature names, but LGBMClassifier was fitted with feature names
  warnings.warn(
C:\Users\yukik\fx-ai-trading\.venv\Lib\site-packages\sklearn\utils\validation.py:2691: UserWarning: X does not have valid feature names, but LGBMClassifier was fitted with feature names
  warnings.warn(
C:\Users\yukik\fx-ai-trading\.venv\Lib\site-packages\sklearn\utils\validation.py:2691: UserWarning: X does not have valid feature names, but LGBMClassifier was fitted with feature names
  warnings.warn(
C:\Users\yukik\fx-ai-trading\.venv\Lib\site-packages\sklearn\utils\validation.py:2691: UserWarning: X does not have valid feature names, but LGBMClassifier was fitted with feature names
  warnings.warn(
C:\Users\yukik\fx-ai-trading\.venv\Lib\site-packages\sklearn\utils\validation.py:2691: UserWarning: X does not have valid feature names, but LGBMClassifier was fitted with feature names
  warnings.warn(
C:\Users\yukik\fx-ai-trading\.venv\Lib\site-packages\sklearn\utils\validation.py:2691: UserWarning: X does not have valid feature names, but LGBMClassifier was fitted with feature names
  warnings.warn(
C:\Users\yukik\fx-ai-trading\.venv\Lib\site-packages\sklearn\utils\validation.py:2691: UserWarning: X does not have valid feature names, but LGBMClassifier was fitted with feature names
  warnings.warn(
C:\Users\yukik\fx-ai-trading\.venv\Lib\site-packages\sklearn\utils\validation.py:2691: UserWarning: X does not have valid feature names, but LGBMClassifier was fitted with feature names
  warnings.warn(
    fold 2/17 done
C:\Users\yukik\fx-ai-trading\.venv\Lib\site-packages\sklearn\utils\validation.py:2691: UserWarning: X does not have valid feature names, but LGBMClassifier was fitted with feature names
  warnings.warn(
C:\Users\yukik\fx-ai-trading\.venv\Lib\site-packages\sklearn\utils\validation.py:2691: UserWarning: X does not have valid feature names, but LGBMClassifier was fitted with feature names
  warnings.warn(
C:\Users\yukik\fx-ai-trading\.venv\Lib\site-packages\sklearn\utils\validation.py:2691: UserWarning: X does not have valid feature names, but LGBMClassifier was fitted with feature names
  warnings.warn(
C:\Users\yukik\fx-ai-trading\.venv\Lib\site-packages\sklearn\utils\validation.py:2691: UserWarning: X does not have valid feature names, but LGBMClassifier was fitted with feature names
  warnings.warn(
C:\Users\yukik\fx-ai-trading\.venv\Lib\site-packages\sklearn\utils\validation.py:2691: UserWarning: X does not have valid feature names, but LGBMClassifier was fitted with feature names
  warnings.warn(
C:\Users\yukik\fx-ai-trading\.venv\Lib\site-packages\sklearn\utils\validation.py:2691: UserWarning: X does not have valid feature names, but LGBMClassifier was fitted with feature names
  warnings.warn(
C:\Users\yukik\fx-ai-trading\.venv\Lib\site-packages\sklearn\utils\validation.py:2691: UserWarning: X does not have valid feature names, but LGBMClassifier was fitted with feature names
  warnings.warn(
C:\Users\yukik\fx-ai-trading\.venv\Lib\site-packages\sklearn\utils\validation.py:2691: UserWarning: X does not have valid feature names, but LGBMClassifier was fitted with feature names
  warnings.warn(
C:\Users\yukik\fx-ai-trading\.venv\Lib\site-packages\sklearn\utils\validation.py:2691: UserWarning: X does not have valid feature names, but LGBMClassifier was fitted with feature names
  warnings.warn(
C:\Users\yukik\fx-ai-trading\.venv\Lib\site-packages\sklearn\utils\validation.py:2691: UserWarning: X does not have valid feature names, but LGBMClassifier was fitted with feature names
  warnings.warn(
C:\Users\yukik\fx-ai-trading\.venv\Lib\site-packages\sklearn\utils\validation.py:2691: UserWarning: X does not have valid feature names, but LGBMClassifier was fitted with feature names
  warnings.warn(
C:\Users\yukik\fx-ai-trading\.venv\Lib\site-packages\sklearn\utils\validation.py:2691: UserWarning: X does not have valid feature names, but LGBMClassifier was fitted with feature names
  warnings.warn(
C:\Users\yukik\fx-ai-trading\.venv\Lib\site-packages\sklearn\utils\validation.py:2691: UserWarning: X does not have valid feature names, but LGBMClassifier was fitted with feature names
  warnings.warn(
C:\Users\yukik\fx-ai-trading\.venv\Lib\site-packages\sklearn\utils\validation.py:2691: UserWarning: X does not have valid feature names, but LGBMClassifier was fitted with feature names
  warnings.warn(
C:\Users\yukik\fx-ai-trading\.venv\Lib\site-packages\sklearn\utils\validation.py:2691: UserWarning: X does not have valid feature names, but LGBMClassifier was fitted with feature names
  warnings.warn(
C:\Users\yukik\fx-ai-trading\.venv\Lib\site-packages\sklearn\utils\validation.py:2691: UserWarning: X does not have valid feature names, but LGBMClassifier was fitted with feature names
  warnings.warn(
C:\Users\yukik\fx-ai-trading\.venv\Lib\site-packages\sklearn\utils\validation.py:2691: UserWarning: X does not have valid feature names, but LGBMClassifier was fitted with feature names
  warnings.warn(
C:\Users\yukik\fx-ai-trading\.venv\Lib\site-packages\sklearn\utils\validation.py:2691: UserWarning: X does not have valid feature names, but LGBMClassifier was fitted with feature names
  warnings.warn(
C:\Users\yukik\fx-ai-trading\.venv\Lib\site-packages\sklearn\utils\validation.py:2691: UserWarning: X does not have valid feature names, but LGBMClassifier was fitted with feature names
  warnings.warn(
C:\Users\yukik\fx-ai-trading\.venv\Lib\site-packages\sklearn\utils\validation.py:2691: UserWarning: X does not have valid feature names, but LGBMClassifier was fitted with feature names
  warnings.warn(
    fold 3/17 done
C:\Users\yukik\fx-ai-trading\.venv\Lib\site-packages\sklearn\utils\validation.py:2691: UserWarning: X does not have valid feature names, but LGBMClassifier was fitted with feature names
  warnings.warn(
C:\Users\yukik\fx-ai-trading\.venv\Lib\site-packages\sklearn\utils\validation.py:2691: UserWarning: X does not have valid feature names, but LGBMClassifier was fitted with feature names
  warnings.warn(
C:\Users\yukik\fx-ai-trading\.venv\Lib\site-packages\sklearn\utils\validation.py:2691: UserWarning: X does not have valid feature names, but LGBMClassifier was fitted with feature names
  warnings.warn(
C:\Users\yukik\fx-ai-trading\.venv\Lib\site-packages\sklearn\utils\validation.py:2691: UserWarning: X does not have valid feature names, but LGBMClassifier was fitted with feature names
  warnings.warn(
C:\Users\yukik\fx-ai-trading\.venv\Lib\site-packages\sklearn\utils\validation.py:2691: UserWarning: X does not have valid feature names, but LGBMClassifier was fitted with feature names
  warnings.warn(
C:\Users\yukik\fx-ai-trading\.venv\Lib\site-packages\sklearn\utils\validation.py:2691: UserWarning: X does not have valid feature names, but LGBMClassifier was fitted with feature names
  warnings.warn(
C:\Users\yukik\fx-ai-trading\.venv\Lib\site-packages\sklearn\utils\validation.py:2691: UserWarning: X does not have valid feature names, but LGBMClassifier was fitted with feature names
  warnings.warn(
C:\Users\yukik\fx-ai-trading\.venv\Lib\site-packages\sklearn\utils\validation.py:2691: UserWarning: X does not have valid feature names, but LGBMClassifier was fitted with feature names
  warnings.warn(
C:\Users\yukik\fx-ai-trading\.venv\Lib\site-packages\sklearn\utils\validation.py:2691: UserWarning: X does not have valid feature names, but LGBMClassifier was fitted with feature names
  warnings.warn(
C:\Users\yukik\fx-ai-trading\.venv\Lib\site-packages\sklearn\utils\validation.py:2691: UserWarning: X does not have valid feature names, but LGBMClassifier was fitted with feature names
  warnings.warn(
C:\Users\yukik\fx-ai-trading\.venv\Lib\site-packages\sklearn\utils\validation.py:2691: UserWarning: X does not have valid feature names, but LGBMClassifier was fitted with feature names
  warnings.warn(
C:\Users\yukik\fx-ai-trading\.venv\Lib\site-packages\sklearn\utils\validation.py:2691: UserWarning: X does not have valid feature names, but LGBMClassifier was fitted with feature names
  warnings.warn(
C:\Users\yukik\fx-ai-trading\.venv\Lib\site-packages\sklearn\utils\validation.py:2691: UserWarning: X does not have valid feature names, but LGBMClassifier was fitted with feature names
  warnings.warn(
C:\Users\yukik\fx-ai-trading\.venv\Lib\site-packages\sklearn\utils\validation.py:2691: UserWarning: X does not have valid feature names, but LGBMClassifier was fitted with feature names
  warnings.warn(
C:\Users\yukik\fx-ai-trading\.venv\Lib\site-packages\sklearn\utils\validation.py:2691: UserWarning: X does not have valid feature names, but LGBMClassifier was fitted with feature names
  warnings.warn(
C:\Users\yukik\fx-ai-trading\.venv\Lib\site-packages\sklearn\utils\validation.py:2691: UserWarning: X does not have valid feature names, but LGBMClassifier was fitted with feature names
  warnings.warn(
C:\Users\yukik\fx-ai-trading\.venv\Lib\site-packages\sklearn\utils\validation.py:2691: UserWarning: X does not have valid feature names, but LGBMClassifier was fitted with feature names
  warnings.warn(
C:\Users\yukik\fx-ai-trading\.venv\Lib\site-packages\sklearn\utils\validation.py:2691: UserWarning: X does not have valid feature names, but LGBMClassifier was fitted with feature names
  warnings.warn(
C:\Users\yukik\fx-ai-trading\.venv\Lib\site-packages\sklearn\utils\validation.py:2691: UserWarning: X does not have valid feature names, but LGBMClassifier was fitted with feature names
  warnings.warn(
C:\Users\yukik\fx-ai-trading\.venv\Lib\site-packages\sklearn\utils\validation.py:2691: UserWarning: X does not have valid feature names, but LGBMClassifier was fitted with feature names
  warnings.warn(
    fold 4/17 done
C:\Users\yukik\fx-ai-trading\.venv\Lib\site-packages\sklearn\utils\validation.py:2691: UserWarning: X does not have valid feature names, but LGBMClassifier was fitted with feature names
  warnings.warn(
C:\Users\yukik\fx-ai-trading\.venv\Lib\site-packages\sklearn\utils\validation.py:2691: UserWarning: X does not have valid feature names, but LGBMClassifier was fitted with feature names
  warnings.warn(
C:\Users\yukik\fx-ai-trading\.venv\Lib\site-packages\sklearn\utils\validation.py:2691: UserWarning: X does not have valid feature names, but LGBMClassifier was fitted with feature names
  warnings.warn(
C:\Users\yukik\fx-ai-trading\.venv\Lib\site-packages\sklearn\utils\validation.py:2691: UserWarning: X does not have valid feature names, but LGBMClassifier was fitted with feature names
  warnings.warn(
C:\Users\yukik\fx-ai-trading\.venv\Lib\site-packages\sklearn\utils\validation.py:2691: UserWarning: X does not have valid feature names, but LGBMClassifier was fitted with feature names
  warnings.warn(
C:\Users\yukik\fx-ai-trading\.venv\Lib\site-packages\sklearn\utils\validation.py:2691: UserWarning: X does not have valid feature names, but LGBMClassifier was fitted with feature names
  warnings.warn(
C:\Users\yukik\fx-ai-trading\.venv\Lib\site-packages\sklearn\utils\validation.py:2691: UserWarning: X does not have valid feature names, but LGBMClassifier was fitted with feature names
  warnings.warn(
C:\Users\yukik\fx-ai-trading\.venv\Lib\site-packages\sklearn\utils\validation.py:2691: UserWarning: X does not have valid feature names, but LGBMClassifier was fitted with feature names
  warnings.warn(
C:\Users\yukik\fx-ai-trading\.venv\Lib\site-packages\sklearn\utils\validation.py:2691: UserWarning: X does not have valid feature names, but LGBMClassifier was fitted with feature names
  warnings.warn(
C:\Users\yukik\fx-ai-trading\.venv\Lib\site-packages\sklearn\utils\validation.py:2691: UserWarning: X does not have valid feature names, but LGBMClassifier was fitted with feature names
  warnings.warn(
C:\Users\yukik\fx-ai-trading\.venv\Lib\site-packages\sklearn\utils\validation.py:2691: UserWarning: X does not have valid feature names, but LGBMClassifier was fitted with feature names
  warnings.warn(
C:\Users\yukik\fx-ai-trading\.venv\Lib\site-packages\sklearn\utils\validation.py:2691: UserWarning: X does not have valid feature names, but LGBMClassifier was fitted with feature names
  warnings.warn(
C:\Users\yukik\fx-ai-trading\.venv\Lib\site-packages\sklearn\utils\validation.py:2691: UserWarning: X does not have valid feature names, but LGBMClassifier was fitted with feature names
  warnings.warn(
C:\Users\yukik\fx-ai-trading\.venv\Lib\site-packages\sklearn\utils\validation.py:2691: UserWarning: X does not have valid feature names, but LGBMClassifier was fitted with feature names
  warnings.warn(
C:\Users\yukik\fx-ai-trading\.venv\Lib\site-packages\sklearn\utils\validation.py:2691: UserWarning: X does not have valid feature names, but LGBMClassifier was fitted with feature names
  warnings.warn(
C:\Users\yukik\fx-ai-trading\.venv\Lib\site-packages\sklearn\utils\validation.py:2691: UserWarning: X does not have valid feature names, but LGBMClassifier was fitted with feature names
  warnings.warn(
C:\Users\yukik\fx-ai-trading\.venv\Lib\site-packages\sklearn\utils\validation.py:2691: UserWarning: X does not have valid feature names, but LGBMClassifier was fitted with feature names
  warnings.warn(
C:\Users\yukik\fx-ai-trading\.venv\Lib\site-packages\sklearn\utils\validation.py:2691: UserWarning: X does not have valid feature names, but LGBMClassifier was fitted with feature names
  warnings.warn(
C:\Users\yukik\fx-ai-trading\.venv\Lib\site-packages\sklearn\utils\validation.py:2691: UserWarning: X does not have valid feature names, but LGBMClassifier was fitted with feature names
  warnings.warn(
C:\Users\yukik\fx-ai-trading\.venv\Lib\site-packages\sklearn\utils\validation.py:2691: UserWarning: X does not have valid feature names, but LGBMClassifier was fitted with feature names
  warnings.warn(
    fold 5/17 done
C:\Users\yukik\fx-ai-trading\.venv\Lib\site-packages\sklearn\utils\validation.py:2691: UserWarning: X does not have valid feature names, but LGBMClassifier was fitted with feature names
  warnings.warn(
C:\Users\yukik\fx-ai-trading\.venv\Lib\site-packages\sklearn\utils\validation.py:2691: UserWarning: X does not have valid feature names, but LGBMClassifier was fitted with feature names
  warnings.warn(
C:\Users\yukik\fx-ai-trading\.venv\Lib\site-packages\sklearn\utils\validation.py:2691: UserWarning: X does not have valid feature names, but LGBMClassifier was fitted with feature names
  warnings.warn(
C:\Users\yukik\fx-ai-trading\.venv\Lib\site-packages\sklearn\utils\validation.py:2691: UserWarning: X does not have valid feature names, but LGBMClassifier was fitted with feature names
  warnings.warn(
C:\Users\yukik\fx-ai-trading\.venv\Lib\site-packages\sklearn\utils\validation.py:2691: UserWarning: X does not have valid feature names, but LGBMClassifier was fitted with feature names
  warnings.warn(
C:\Users\yukik\fx-ai-trading\.venv\Lib\site-packages\sklearn\utils\validation.py:2691: UserWarning: X does not have valid feature names, but LGBMClassifier was fitted with feature names
  warnings.warn(
C:\Users\yukik\fx-ai-trading\.venv\Lib\site-packages\sklearn\utils\validation.py:2691: UserWarning: X does not have valid feature names, but LGBMClassifier was fitted with feature names
  warnings.warn(
C:\Users\yukik\fx-ai-trading\.venv\Lib\site-packages\sklearn\utils\validation.py:2691: UserWarning: X does not have valid feature names, but LGBMClassifier was fitted with feature names
  warnings.warn(
C:\Users\yukik\fx-ai-trading\.venv\Lib\site-packages\sklearn\utils\validation.py:2691: UserWarning: X does not have valid feature names, but LGBMClassifier was fitted with feature names
  warnings.warn(
C:\Users\yukik\fx-ai-trading\.venv\Lib\site-packages\sklearn\utils\validation.py:2691: UserWarning: X does not have valid feature names, but LGBMClassifier was fitted with feature names
  warnings.warn(
C:\Users\yukik\fx-ai-trading\.venv\Lib\site-packages\sklearn\utils\validation.py:2691: UserWarning: X does not have valid feature names, but LGBMClassifier was fitted with feature names
  warnings.warn(
C:\Users\yukik\fx-ai-trading\.venv\Lib\site-packages\sklearn\utils\validation.py:2691: UserWarning: X does not have valid feature names, but LGBMClassifier was fitted with feature names
  warnings.warn(
C:\Users\yukik\fx-ai-trading\.venv\Lib\site-packages\sklearn\utils\validation.py:2691: UserWarning: X does not have valid feature names, but LGBMClassifier was fitted with feature names
  warnings.warn(
C:\Users\yukik\fx-ai-trading\.venv\Lib\site-packages\sklearn\utils\validation.py:2691: UserWarning: X does not have valid feature names, but LGBMClassifier was fitted with feature names
  warnings.warn(
C:\Users\yukik\fx-ai-trading\.venv\Lib\site-packages\sklearn\utils\validation.py:2691: UserWarning: X does not have valid feature names, but LGBMClassifier was fitted with feature names
  warnings.warn(
C:\Users\yukik\fx-ai-trading\.venv\Lib\site-packages\sklearn\utils\validation.py:2691: UserWarning: X does not have valid feature names, but LGBMClassifier was fitted with feature names
  warnings.warn(
C:\Users\yukik\fx-ai-trading\.venv\Lib\site-packages\sklearn\utils\validation.py:2691: UserWarning: X does not have valid feature names, but LGBMClassifier was fitted with feature names
  warnings.warn(
C:\Users\yukik\fx-ai-trading\.venv\Lib\site-packages\sklearn\utils\validation.py:2691: UserWarning: X does not have valid feature names, but LGBMClassifier was fitted with feature names
  warnings.warn(
C:\Users\yukik\fx-ai-trading\.venv\Lib\site-packages\sklearn\utils\validation.py:2691: UserWarning: X does not have valid feature names, but LGBMClassifier was fitted with feature names
  warnings.warn(
C:\Users\yukik\fx-ai-trading\.venv\Lib\site-packages\sklearn\utils\validation.py:2691: UserWarning: X does not have valid feature names, but LGBMClassifier was fitted with feature names
  warnings.warn(
    fold 6/17 done
C:\Users\yukik\fx-ai-trading\.venv\Lib\site-packages\sklearn\utils\validation.py:2691: UserWarning: X does not have valid feature names, but LGBMClassifier was fitted with feature names
  warnings.warn(
C:\Users\yukik\fx-ai-trading\.venv\Lib\site-packages\sklearn\utils\validation.py:2691: UserWarning: X does not have valid feature names, but LGBMClassifier was fitted with feature names
  warnings.warn(
C:\Users\yukik\fx-ai-trading\.venv\Lib\site-packages\sklearn\utils\validation.py:2691: UserWarning: X does not have valid feature names, but LGBMClassifier was fitted with feature names
  warnings.warn(
C:\Users\yukik\fx-ai-trading\.venv\Lib\site-packages\sklearn\utils\validation.py:2691: UserWarning: X does not have valid feature names, but LGBMClassifier was fitted with feature names
  warnings.warn(
C:\Users\yukik\fx-ai-trading\.venv\Lib\site-packages\sklearn\utils\validation.py:2691: UserWarning: X does not have valid feature names, but LGBMClassifier was fitted with feature names
  warnings.warn(
C:\Users\yukik\fx-ai-trading\.venv\Lib\site-packages\sklearn\utils\validation.py:2691: UserWarning: X does not have valid feature names, but LGBMClassifier was fitted with feature names
  warnings.warn(
C:\Users\yukik\fx-ai-trading\.venv\Lib\site-packages\sklearn\utils\validation.py:2691: UserWarning: X does not have valid feature names, but LGBMClassifier was fitted with feature names
  warnings.warn(
C:\Users\yukik\fx-ai-trading\.venv\Lib\site-packages\sklearn\utils\validation.py:2691: UserWarning: X does not have valid feature names, but LGBMClassifier was fitted with feature names
  warnings.warn(
C:\Users\yukik\fx-ai-trading\.venv\Lib\site-packages\sklearn\utils\validation.py:2691: UserWarning: X does not have valid feature names, but LGBMClassifier was fitted with feature names
  warnings.warn(
C:\Users\yukik\fx-ai-trading\.venv\Lib\site-packages\sklearn\utils\validation.py:2691: UserWarning: X does not have valid feature names, but LGBMClassifier was fitted with feature names
  warnings.warn(
C:\Users\yukik\fx-ai-trading\.venv\Lib\site-packages\sklearn\utils\validation.py:2691: UserWarning: X does not have valid feature names, but LGBMClassifier was fitted with feature names
  warnings.warn(
C:\Users\yukik\fx-ai-trading\.venv\Lib\site-packages\sklearn\utils\validation.py:2691: UserWarning: X does not have valid feature names, but LGBMClassifier was fitted with feature names
  warnings.warn(
C:\Users\yukik\fx-ai-trading\.venv\Lib\site-packages\sklearn\utils\validation.py:2691: UserWarning: X does not have valid feature names, but LGBMClassifier was fitted with feature names
  warnings.warn(
C:\Users\yukik\fx-ai-trading\.venv\Lib\site-packages\sklearn\utils\validation.py:2691: UserWarning: X does not have valid feature names, but LGBMClassifier was fitted with feature names
  warnings.warn(
C:\Users\yukik\fx-ai-trading\.venv\Lib\site-packages\sklearn\utils\validation.py:2691: UserWarning: X does not have valid feature names, but LGBMClassifier was fitted with feature names
  warnings.warn(
C:\Users\yukik\fx-ai-trading\.venv\Lib\site-packages\sklearn\utils\validation.py:2691: UserWarning: X does not have valid feature names, but LGBMClassifier was fitted with feature names
  warnings.warn(
C:\Users\yukik\fx-ai-trading\.venv\Lib\site-packages\sklearn\utils\validation.py:2691: UserWarning: X does not have valid feature names, but LGBMClassifier was fitted with feature names
  warnings.warn(
C:\Users\yukik\fx-ai-trading\.venv\Lib\site-packages\sklearn\utils\validation.py:2691: UserWarning: X does not have valid feature names, but LGBMClassifier was fitted with feature names
  warnings.warn(
C:\Users\yukik\fx-ai-trading\.venv\Lib\site-packages\sklearn\utils\validation.py:2691: UserWarning: X does not have valid feature names, but LGBMClassifier was fitted with feature names
  warnings.warn(
C:\Users\yukik\fx-ai-trading\.venv\Lib\site-packages\sklearn\utils\validation.py:2691: UserWarning: X does not have valid feature names, but LGBMClassifier was fitted with feature names
  warnings.warn(
    fold 7/17 done
C:\Users\yukik\fx-ai-trading\.venv\Lib\site-packages\sklearn\utils\validation.py:2691: UserWarning: X does not have valid feature names, but LGBMClassifier was fitted with feature names
  warnings.warn(
C:\Users\yukik\fx-ai-trading\.venv\Lib\site-packages\sklearn\utils\validation.py:2691: UserWarning: X does not have valid feature names, but LGBMClassifier was fitted with feature names
  warnings.warn(
C:\Users\yukik\fx-ai-trading\.venv\Lib\site-packages\sklearn\utils\validation.py:2691: UserWarning: X does not have valid feature names, but LGBMClassifier was fitted with feature names
  warnings.warn(
C:\Users\yukik\fx-ai-trading\.venv\Lib\site-packages\sklearn\utils\validation.py:2691: UserWarning: X does not have valid feature names, but LGBMClassifier was fitted with feature names
  warnings.warn(
C:\Users\yukik\fx-ai-trading\.venv\Lib\site-packages\sklearn\utils\validation.py:2691: UserWarning: X does not have valid feature names, but LGBMClassifier was fitted with feature names
  warnings.warn(
C:\Users\yukik\fx-ai-trading\.venv\Lib\site-packages\sklearn\utils\validation.py:2691: UserWarning: X does not have valid feature names, but LGBMClassifier was fitted with feature names
  warnings.warn(
C:\Users\yukik\fx-ai-trading\.venv\Lib\site-packages\sklearn\utils\validation.py:2691: UserWarning: X does not have valid feature names, but LGBMClassifier was fitted with feature names
  warnings.warn(
C:\Users\yukik\fx-ai-trading\.venv\Lib\site-packages\sklearn\utils\validation.py:2691: UserWarning: X does not have valid feature names, but LGBMClassifier was fitted with feature names
  warnings.warn(
C:\Users\yukik\fx-ai-trading\.venv\Lib\site-packages\sklearn\utils\validation.py:2691: UserWarning: X does not have valid feature names, but LGBMClassifier was fitted with feature names
  warnings.warn(
C:\Users\yukik\fx-ai-trading\.venv\Lib\site-packages\sklearn\utils\validation.py:2691: UserWarning: X does not have valid feature names, but LGBMClassifier was fitted with feature names
  warnings.warn(
C:\Users\yukik\fx-ai-trading\.venv\Lib\site-packages\sklearn\utils\validation.py:2691: UserWarning: X does not have valid feature names, but LGBMClassifier was fitted with feature names
  warnings.warn(
C:\Users\yukik\fx-ai-trading\.venv\Lib\site-packages\sklearn\utils\validation.py:2691: UserWarning: X does not have valid feature names, but LGBMClassifier was fitted with feature names
  warnings.warn(
C:\Users\yukik\fx-ai-trading\.venv\Lib\site-packages\sklearn\utils\validation.py:2691: UserWarning: X does not have valid feature names, but LGBMClassifier was fitted with feature names
  warnings.warn(
C:\Users\yukik\fx-ai-trading\.venv\Lib\site-packages\sklearn\utils\validation.py:2691: UserWarning: X does not have valid feature names, but LGBMClassifier was fitted with feature names
  warnings.warn(
C:\Users\yukik\fx-ai-trading\.venv\Lib\site-packages\sklearn\utils\validation.py:2691: UserWarning: X does not have valid feature names, but LGBMClassifier was fitted with feature names
  warnings.warn(
C:\Users\yukik\fx-ai-trading\.venv\Lib\site-packages\sklearn\utils\validation.py:2691: UserWarning: X does not have valid feature names, but LGBMClassifier was fitted with feature names
  warnings.warn(
C:\Users\yukik\fx-ai-trading\.venv\Lib\site-packages\sklearn\utils\validation.py:2691: UserWarning: X does not have valid feature names, but LGBMClassifier was fitted with feature names
  warnings.warn(
C:\Users\yukik\fx-ai-trading\.venv\Lib\site-packages\sklearn\utils\validation.py:2691: UserWarning: X does not have valid feature names, but LGBMClassifier was fitted with feature names
  warnings.warn(
C:\Users\yukik\fx-ai-trading\.venv\Lib\site-packages\sklearn\utils\validation.py:2691: UserWarning: X does not have valid feature names, but LGBMClassifier was fitted with feature names
  warnings.warn(
C:\Users\yukik\fx-ai-trading\.venv\Lib\site-packages\sklearn\utils\validation.py:2691: UserWarning: X does not have valid feature names, but LGBMClassifier was fitted with feature names
  warnings.warn(
    fold 8/17 done
C:\Users\yukik\fx-ai-trading\.venv\Lib\site-packages\sklearn\utils\validation.py:2691: UserWarning: X does not have valid feature names, but LGBMClassifier was fitted with feature names
  warnings.warn(
C:\Users\yukik\fx-ai-trading\.venv\Lib\site-packages\sklearn\utils\validation.py:2691: UserWarning: X does not have valid feature names, but LGBMClassifier was fitted with feature names
  warnings.warn(
C:\Users\yukik\fx-ai-trading\.venv\Lib\site-packages\sklearn\utils\validation.py:2691: UserWarning: X does not have valid feature names, but LGBMClassifier was fitted with feature names
  warnings.warn(
C:\Users\yukik\fx-ai-trading\.venv\Lib\site-packages\sklearn\utils\validation.py:2691: UserWarning: X does not have valid feature names, but LGBMClassifier was fitted with feature names
  warnings.warn(
C:\Users\yukik\fx-ai-trading\.venv\Lib\site-packages\sklearn\utils\validation.py:2691: UserWarning: X does not have valid feature names, but LGBMClassifier was fitted with feature names
  warnings.warn(
C:\Users\yukik\fx-ai-trading\.venv\Lib\site-packages\sklearn\utils\validation.py:2691: UserWarning: X does not have valid feature names, but LGBMClassifier was fitted with feature names
  warnings.warn(
C:\Users\yukik\fx-ai-trading\.venv\Lib\site-packages\sklearn\utils\validation.py:2691: UserWarning: X does not have valid feature names, but LGBMClassifier was fitted with feature names
  warnings.warn(
C:\Users\yukik\fx-ai-trading\.venv\Lib\site-packages\sklearn\utils\validation.py:2691: UserWarning: X does not have valid feature names, but LGBMClassifier was fitted with feature names
  warnings.warn(
C:\Users\yukik\fx-ai-trading\.venv\Lib\site-packages\sklearn\utils\validation.py:2691: UserWarning: X does not have valid feature names, but LGBMClassifier was fitted with feature names
  warnings.warn(
C:\Users\yukik\fx-ai-trading\.venv\Lib\site-packages\sklearn\utils\validation.py:2691: UserWarning: X does not have valid feature names, but LGBMClassifier was fitted with feature names
  warnings.warn(
C:\Users\yukik\fx-ai-trading\.venv\Lib\site-packages\sklearn\utils\validation.py:2691: UserWarning: X does not have valid feature names, but LGBMClassifier was fitted with feature names
  warnings.warn(
C:\Users\yukik\fx-ai-trading\.venv\Lib\site-packages\sklearn\utils\validation.py:2691: UserWarning: X does not have valid feature names, but LGBMClassifier was fitted with feature names
  warnings.warn(
C:\Users\yukik\fx-ai-trading\.venv\Lib\site-packages\sklearn\utils\validation.py:2691: UserWarning: X does not have valid feature names, but LGBMClassifier was fitted with feature names
  warnings.warn(
C:\Users\yukik\fx-ai-trading\.venv\Lib\site-packages\sklearn\utils\validation.py:2691: UserWarning: X does not have valid feature names, but LGBMClassifier was fitted with feature names
  warnings.warn(
C:\Users\yukik\fx-ai-trading\.venv\Lib\site-packages\sklearn\utils\validation.py:2691: UserWarning: X does not have valid feature names, but LGBMClassifier was fitted with feature names
  warnings.warn(
C:\Users\yukik\fx-ai-trading\.venv\Lib\site-packages\sklearn\utils\validation.py:2691: UserWarning: X does not have valid feature names, but LGBMClassifier was fitted with feature names
  warnings.warn(
C:\Users\yukik\fx-ai-trading\.venv\Lib\site-packages\sklearn\utils\validation.py:2691: UserWarning: X does not have valid feature names, but LGBMClassifier was fitted with feature names
  warnings.warn(
C:\Users\yukik\fx-ai-trading\.venv\Lib\site-packages\sklearn\utils\validation.py:2691: UserWarning: X does not have valid feature names, but LGBMClassifier was fitted with feature names
  warnings.warn(
C:\Users\yukik\fx-ai-trading\.venv\Lib\site-packages\sklearn\utils\validation.py:2691: UserWarning: X does not have valid feature names, but LGBMClassifier was fitted with feature names
  warnings.warn(
C:\Users\yukik\fx-ai-trading\.venv\Lib\site-packages\sklearn\utils\validation.py:2691: UserWarning: X does not have valid feature names, but LGBMClassifier was fitted with feature names
  warnings.warn(
    fold 9/17 done
C:\Users\yukik\fx-ai-trading\.venv\Lib\site-packages\sklearn\utils\validation.py:2691: UserWarning: X does not have valid feature names, but LGBMClassifier was fitted with feature names
  warnings.warn(
C:\Users\yukik\fx-ai-trading\.venv\Lib\site-packages\sklearn\utils\validation.py:2691: UserWarning: X does not have valid feature names, but LGBMClassifier was fitted with feature names
  warnings.warn(
C:\Users\yukik\fx-ai-trading\.venv\Lib\site-packages\sklearn\utils\validation.py:2691: UserWarning: X does not have valid feature names, but LGBMClassifier was fitted with feature names
  warnings.warn(
C:\Users\yukik\fx-ai-trading\.venv\Lib\site-packages\sklearn\utils\validation.py:2691: UserWarning: X does not have valid feature names, but LGBMClassifier was fitted with feature names
  warnings.warn(
C:\Users\yukik\fx-ai-trading\.venv\Lib\site-packages\sklearn\utils\validation.py:2691: UserWarning: X does not have valid feature names, but LGBMClassifier was fitted with feature names
  warnings.warn(
C:\Users\yukik\fx-ai-trading\.venv\Lib\site-packages\sklearn\utils\validation.py:2691: UserWarning: X does not have valid feature names, but LGBMClassifier was fitted with feature names
  warnings.warn(
C:\Users\yukik\fx-ai-trading\.venv\Lib\site-packages\sklearn\utils\validation.py:2691: UserWarning: X does not have valid feature names, but LGBMClassifier was fitted with feature names
  warnings.warn(
C:\Users\yukik\fx-ai-trading\.venv\Lib\site-packages\sklearn\utils\validation.py:2691: UserWarning: X does not have valid feature names, but LGBMClassifier was fitted with feature names
  warnings.warn(
C:\Users\yukik\fx-ai-trading\.venv\Lib\site-packages\sklearn\utils\validation.py:2691: UserWarning: X does not have valid feature names, but LGBMClassifier was fitted with feature names
  warnings.warn(
C:\Users\yukik\fx-ai-trading\.venv\Lib\site-packages\sklearn\utils\validation.py:2691: UserWarning: X does not have valid feature names, but LGBMClassifier was fitted with feature names
  warnings.warn(
C:\Users\yukik\fx-ai-trading\.venv\Lib\site-packages\sklearn\utils\validation.py:2691: UserWarning: X does not have valid feature names, but LGBMClassifier was fitted with feature names
  warnings.warn(
C:\Users\yukik\fx-ai-trading\.venv\Lib\site-packages\sklearn\utils\validation.py:2691: UserWarning: X does not have valid feature names, but LGBMClassifier was fitted with feature names
  warnings.warn(
C:\Users\yukik\fx-ai-trading\.venv\Lib\site-packages\sklearn\utils\validation.py:2691: UserWarning: X does not have valid feature names, but LGBMClassifier was fitted with feature names
  warnings.warn(
C:\Users\yukik\fx-ai-trading\.venv\Lib\site-packages\sklearn\utils\validation.py:2691: UserWarning: X does not have valid feature names, but LGBMClassifier was fitted with feature names
  warnings.warn(
C:\Users\yukik\fx-ai-trading\.venv\Lib\site-packages\sklearn\utils\validation.py:2691: UserWarning: X does not have valid feature names, but LGBMClassifier was fitted with feature names
  warnings.warn(
C:\Users\yukik\fx-ai-trading\.venv\Lib\site-packages\sklearn\utils\validation.py:2691: UserWarning: X does not have valid feature names, but LGBMClassifier was fitted with feature names
  warnings.warn(
C:\Users\yukik\fx-ai-trading\.venv\Lib\site-packages\sklearn\utils\validation.py:2691: UserWarning: X does not have valid feature names, but LGBMClassifier was fitted with feature names
  warnings.warn(
C:\Users\yukik\fx-ai-trading\.venv\Lib\site-packages\sklearn\utils\validation.py:2691: UserWarning: X does not have valid feature names, but LGBMClassifier was fitted with feature names
  warnings.warn(
C:\Users\yukik\fx-ai-trading\.venv\Lib\site-packages\sklearn\utils\validation.py:2691: UserWarning: X does not have valid feature names, but LGBMClassifier was fitted with feature names
  warnings.warn(
C:\Users\yukik\fx-ai-trading\.venv\Lib\site-packages\sklearn\utils\validation.py:2691: UserWarning: X does not have valid feature names, but LGBMClassifier was fitted with feature names
  warnings.warn(
    fold 10/17 done
C:\Users\yukik\fx-ai-trading\.venv\Lib\site-packages\sklearn\utils\validation.py:2691: UserWarning: X does not have valid feature names, but LGBMClassifier was fitted with feature names
  warnings.warn(
C:\Users\yukik\fx-ai-trading\.venv\Lib\site-packages\sklearn\utils\validation.py:2691: UserWarning: X does not have valid feature names, but LGBMClassifier was fitted with feature names
  warnings.warn(
C:\Users\yukik\fx-ai-trading\.venv\Lib\site-packages\sklearn\utils\validation.py:2691: UserWarning: X does not have valid feature names, but LGBMClassifier was fitted with feature names
  warnings.warn(
C:\Users\yukik\fx-ai-trading\.venv\Lib\site-packages\sklearn\utils\validation.py:2691: UserWarning: X does not have valid feature names, but LGBMClassifier was fitted with feature names
  warnings.warn(
C:\Users\yukik\fx-ai-trading\.venv\Lib\site-packages\sklearn\utils\validation.py:2691: UserWarning: X does not have valid feature names, but LGBMClassifier was fitted with feature names
  warnings.warn(
C:\Users\yukik\fx-ai-trading\.venv\Lib\site-packages\sklearn\utils\validation.py:2691: UserWarning: X does not have valid feature names, but LGBMClassifier was fitted with feature names
  warnings.warn(
C:\Users\yukik\fx-ai-trading\.venv\Lib\site-packages\sklearn\utils\validation.py:2691: UserWarning: X does not have valid feature names, but LGBMClassifier was fitted with feature names
  warnings.warn(
C:\Users\yukik\fx-ai-trading\.venv\Lib\site-packages\sklearn\utils\validation.py:2691: UserWarning: X does not have valid feature names, but LGBMClassifier was fitted with feature names
  warnings.warn(
C:\Users\yukik\fx-ai-trading\.venv\Lib\site-packages\sklearn\utils\validation.py:2691: UserWarning: X does not have valid feature names, but LGBMClassifier was fitted with feature names
  warnings.warn(
C:\Users\yukik\fx-ai-trading\.venv\Lib\site-packages\sklearn\utils\validation.py:2691: UserWarning: X does not have valid feature names, but LGBMClassifier was fitted with feature names
  warnings.warn(
C:\Users\yukik\fx-ai-trading\.venv\Lib\site-packages\sklearn\utils\validation.py:2691: UserWarning: X does not have valid feature names, but LGBMClassifier was fitted with feature names
  warnings.warn(
C:\Users\yukik\fx-ai-trading\.venv\Lib\site-packages\sklearn\utils\validation.py:2691: UserWarning: X does not have valid feature names, but LGBMClassifier was fitted with feature names
  warnings.warn(
C:\Users\yukik\fx-ai-trading\.venv\Lib\site-packages\sklearn\utils\validation.py:2691: UserWarning: X does not have valid feature names, but LGBMClassifier was fitted with feature names
  warnings.warn(
C:\Users\yukik\fx-ai-trading\.venv\Lib\site-packages\sklearn\utils\validation.py:2691: UserWarning: X does not have valid feature names, but LGBMClassifier was fitted with feature names
  warnings.warn(
C:\Users\yukik\fx-ai-trading\.venv\Lib\site-packages\sklearn\utils\validation.py:2691: UserWarning: X does not have valid feature names, but LGBMClassifier was fitted with feature names
  warnings.warn(
C:\Users\yukik\fx-ai-trading\.venv\Lib\site-packages\sklearn\utils\validation.py:2691: UserWarning: X does not have valid feature names, but LGBMClassifier was fitted with feature names
  warnings.warn(
C:\Users\yukik\fx-ai-trading\.venv\Lib\site-packages\sklearn\utils\validation.py:2691: UserWarning: X does not have valid feature names, but LGBMClassifier was fitted with feature names
  warnings.warn(
C:\Users\yukik\fx-ai-trading\.venv\Lib\site-packages\sklearn\utils\validation.py:2691: UserWarning: X does not have valid feature names, but LGBMClassifier was fitted with feature names
  warnings.warn(
C:\Users\yukik\fx-ai-trading\.venv\Lib\site-packages\sklearn\utils\validation.py:2691: UserWarning: X does not have valid feature names, but LGBMClassifier was fitted with feature names
  warnings.warn(
C:\Users\yukik\fx-ai-trading\.venv\Lib\site-packages\sklearn\utils\validation.py:2691: UserWarning: X does not have valid feature names, but LGBMClassifier was fitted with feature names
  warnings.warn(
    fold 11/17 done
C:\Users\yukik\fx-ai-trading\.venv\Lib\site-packages\sklearn\utils\validation.py:2691: UserWarning: X does not have valid feature names, but LGBMClassifier was fitted with feature names
  warnings.warn(
C:\Users\yukik\fx-ai-trading\.venv\Lib\site-packages\sklearn\utils\validation.py:2691: UserWarning: X does not have valid feature names, but LGBMClassifier was fitted with feature names
  warnings.warn(
C:\Users\yukik\fx-ai-trading\.venv\Lib\site-packages\sklearn\utils\validation.py:2691: UserWarning: X does not have valid feature names, but LGBMClassifier was fitted with feature names
  warnings.warn(
C:\Users\yukik\fx-ai-trading\.venv\Lib\site-packages\sklearn\utils\validation.py:2691: UserWarning: X does not have valid feature names, but LGBMClassifier was fitted with feature names
  warnings.warn(
C:\Users\yukik\fx-ai-trading\.venv\Lib\site-packages\sklearn\utils\validation.py:2691: UserWarning: X does not have valid feature names, but LGBMClassifier was fitted with feature names
  warnings.warn(
C:\Users\yukik\fx-ai-trading\.venv\Lib\site-packages\sklearn\utils\validation.py:2691: UserWarning: X does not have valid feature names, but LGBMClassifier was fitted with feature names
  warnings.warn(
C:\Users\yukik\fx-ai-trading\.venv\Lib\site-packages\sklearn\utils\validation.py:2691: UserWarning: X does not have valid feature names, but LGBMClassifier was fitted with feature names
  warnings.warn(
C:\Users\yukik\fx-ai-trading\.venv\Lib\site-packages\sklearn\utils\validation.py:2691: UserWarning: X does not have valid feature names, but LGBMClassifier was fitted with feature names
  warnings.warn(
C:\Users\yukik\fx-ai-trading\.venv\Lib\site-packages\sklearn\utils\validation.py:2691: UserWarning: X does not have valid feature names, but LGBMClassifier was fitted with feature names
  warnings.warn(
C:\Users\yukik\fx-ai-trading\.venv\Lib\site-packages\sklearn\utils\validation.py:2691: UserWarning: X does not have valid feature names, but LGBMClassifier was fitted with feature names
  warnings.warn(
C:\Users\yukik\fx-ai-trading\.venv\Lib\site-packages\sklearn\utils\validation.py:2691: UserWarning: X does not have valid feature names, but LGBMClassifier was fitted with feature names
  warnings.warn(
C:\Users\yukik\fx-ai-trading\.venv\Lib\site-packages\sklearn\utils\validation.py:2691: UserWarning: X does not have valid feature names, but LGBMClassifier was fitted with feature names
  warnings.warn(
C:\Users\yukik\fx-ai-trading\.venv\Lib\site-packages\sklearn\utils\validation.py:2691: UserWarning: X does not have valid feature names, but LGBMClassifier was fitted with feature names
  warnings.warn(
C:\Users\yukik\fx-ai-trading\.venv\Lib\site-packages\sklearn\utils\validation.py:2691: UserWarning: X does not have valid feature names, but LGBMClassifier was fitted with feature names
  warnings.warn(
C:\Users\yukik\fx-ai-trading\.venv\Lib\site-packages\sklearn\utils\validation.py:2691: UserWarning: X does not have valid feature names, but LGBMClassifier was fitted with feature names
  warnings.warn(
C:\Users\yukik\fx-ai-trading\.venv\Lib\site-packages\sklearn\utils\validation.py:2691: UserWarning: X does not have valid feature names, but LGBMClassifier was fitted with feature names
  warnings.warn(
C:\Users\yukik\fx-ai-trading\.venv\Lib\site-packages\sklearn\utils\validation.py:2691: UserWarning: X does not have valid feature names, but LGBMClassifier was fitted with feature names
  warnings.warn(
C:\Users\yukik\fx-ai-trading\.venv\Lib\site-packages\sklearn\utils\validation.py:2691: UserWarning: X does not have valid feature names, but LGBMClassifier was fitted with feature names
  warnings.warn(
C:\Users\yukik\fx-ai-trading\.venv\Lib\site-packages\sklearn\utils\validation.py:2691: UserWarning: X does not have valid feature names, but LGBMClassifier was fitted with feature names
  warnings.warn(
C:\Users\yukik\fx-ai-trading\.venv\Lib\site-packages\sklearn\utils\validation.py:2691: UserWarning: X does not have valid feature names, but LGBMClassifier was fitted with feature names
  warnings.warn(
    fold 12/17 done
C:\Users\yukik\fx-ai-trading\.venv\Lib\site-packages\sklearn\utils\validation.py:2691: UserWarning: X does not have valid feature names, but LGBMClassifier was fitted with feature names
  warnings.warn(
C:\Users\yukik\fx-ai-trading\.venv\Lib\site-packages\sklearn\utils\validation.py:2691: UserWarning: X does not have valid feature names, but LGBMClassifier was fitted with feature names
  warnings.warn(
C:\Users\yukik\fx-ai-trading\.venv\Lib\site-packages\sklearn\utils\validation.py:2691: UserWarning: X does not have valid feature names, but LGBMClassifier was fitted with feature names
  warnings.warn(
C:\Users\yukik\fx-ai-trading\.venv\Lib\site-packages\sklearn\utils\validation.py:2691: UserWarning: X does not have valid feature names, but LGBMClassifier was fitted with feature names
  warnings.warn(
C:\Users\yukik\fx-ai-trading\.venv\Lib\site-packages\sklearn\utils\validation.py:2691: UserWarning: X does not have valid feature names, but LGBMClassifier was fitted with feature names
  warnings.warn(
C:\Users\yukik\fx-ai-trading\.venv\Lib\site-packages\sklearn\utils\validation.py:2691: UserWarning: X does not have valid feature names, but LGBMClassifier was fitted with feature names
  warnings.warn(
C:\Users\yukik\fx-ai-trading\.venv\Lib\site-packages\sklearn\utils\validation.py:2691: UserWarning: X does not have valid feature names, but LGBMClassifier was fitted with feature names
  warnings.warn(
C:\Users\yukik\fx-ai-trading\.venv\Lib\site-packages\sklearn\utils\validation.py:2691: UserWarning: X does not have valid feature names, but LGBMClassifier was fitted with feature names
  warnings.warn(
C:\Users\yukik\fx-ai-trading\.venv\Lib\site-packages\sklearn\utils\validation.py:2691: UserWarning: X does not have valid feature names, but LGBMClassifier was fitted with feature names
  warnings.warn(
C:\Users\yukik\fx-ai-trading\.venv\Lib\site-packages\sklearn\utils\validation.py:2691: UserWarning: X does not have valid feature names, but LGBMClassifier was fitted with feature names
  warnings.warn(
C:\Users\yukik\fx-ai-trading\.venv\Lib\site-packages\sklearn\utils\validation.py:2691: UserWarning: X does not have valid feature names, but LGBMClassifier was fitted with feature names
  warnings.warn(
C:\Users\yukik\fx-ai-trading\.venv\Lib\site-packages\sklearn\utils\validation.py:2691: UserWarning: X does not have valid feature names, but LGBMClassifier was fitted with feature names
  warnings.warn(
C:\Users\yukik\fx-ai-trading\.venv\Lib\site-packages\sklearn\utils\validation.py:2691: UserWarning: X does not have valid feature names, but LGBMClassifier was fitted with feature names
  warnings.warn(
C:\Users\yukik\fx-ai-trading\.venv\Lib\site-packages\sklearn\utils\validation.py:2691: UserWarning: X does not have valid feature names, but LGBMClassifier was fitted with feature names
  warnings.warn(
C:\Users\yukik\fx-ai-trading\.venv\Lib\site-packages\sklearn\utils\validation.py:2691: UserWarning: X does not have valid feature names, but LGBMClassifier was fitted with feature names
  warnings.warn(
C:\Users\yukik\fx-ai-trading\.venv\Lib\site-packages\sklearn\utils\validation.py:2691: UserWarning: X does not have valid feature names, but LGBMClassifier was fitted with feature names
  warnings.warn(
C:\Users\yukik\fx-ai-trading\.venv\Lib\site-packages\sklearn\utils\validation.py:2691: UserWarning: X does not have valid feature names, but LGBMClassifier was fitted with feature names
  warnings.warn(
C:\Users\yukik\fx-ai-trading\.venv\Lib\site-packages\sklearn\utils\validation.py:2691: UserWarning: X does not have valid feature names, but LGBMClassifier was fitted with feature names
  warnings.warn(
C:\Users\yukik\fx-ai-trading\.venv\Lib\site-packages\sklearn\utils\validation.py:2691: UserWarning: X does not have valid feature names, but LGBMClassifier was fitted with feature names
  warnings.warn(
C:\Users\yukik\fx-ai-trading\.venv\Lib\site-packages\sklearn\utils\validation.py:2691: UserWarning: X does not have valid feature names, but LGBMClassifier was fitted with feature names
  warnings.warn(
    fold 13/17 done
C:\Users\yukik\fx-ai-trading\.venv\Lib\site-packages\sklearn\utils\validation.py:2691: UserWarning: X does not have valid feature names, but LGBMClassifier was fitted with feature names
  warnings.warn(
C:\Users\yukik\fx-ai-trading\.venv\Lib\site-packages\sklearn\utils\validation.py:2691: UserWarning: X does not have valid feature names, but LGBMClassifier was fitted with feature names
  warnings.warn(
C:\Users\yukik\fx-ai-trading\.venv\Lib\site-packages\sklearn\utils\validation.py:2691: UserWarning: X does not have valid feature names, but LGBMClassifier was fitted with feature names
  warnings.warn(
C:\Users\yukik\fx-ai-trading\.venv\Lib\site-packages\sklearn\utils\validation.py:2691: UserWarning: X does not have valid feature names, but LGBMClassifier was fitted with feature names
  warnings.warn(
C:\Users\yukik\fx-ai-trading\.venv\Lib\site-packages\sklearn\utils\validation.py:2691: UserWarning: X does not have valid feature names, but LGBMClassifier was fitted with feature names
  warnings.warn(
C:\Users\yukik\fx-ai-trading\.venv\Lib\site-packages\sklearn\utils\validation.py:2691: UserWarning: X does not have valid feature names, but LGBMClassifier was fitted with feature names
  warnings.warn(
C:\Users\yukik\fx-ai-trading\.venv\Lib\site-packages\sklearn\utils\validation.py:2691: UserWarning: X does not have valid feature names, but LGBMClassifier was fitted with feature names
  warnings.warn(
C:\Users\yukik\fx-ai-trading\.venv\Lib\site-packages\sklearn\utils\validation.py:2691: UserWarning: X does not have valid feature names, but LGBMClassifier was fitted with feature names
  warnings.warn(
C:\Users\yukik\fx-ai-trading\.venv\Lib\site-packages\sklearn\utils\validation.py:2691: UserWarning: X does not have valid feature names, but LGBMClassifier was fitted with feature names
  warnings.warn(
C:\Users\yukik\fx-ai-trading\.venv\Lib\site-packages\sklearn\utils\validation.py:2691: UserWarning: X does not have valid feature names, but LGBMClassifier was fitted with feature names
  warnings.warn(
C:\Users\yukik\fx-ai-trading\.venv\Lib\site-packages\sklearn\utils\validation.py:2691: UserWarning: X does not have valid feature names, but LGBMClassifier was fitted with feature names
  warnings.warn(
C:\Users\yukik\fx-ai-trading\.venv\Lib\site-packages\sklearn\utils\validation.py:2691: UserWarning: X does not have valid feature names, but LGBMClassifier was fitted with feature names
  warnings.warn(
C:\Users\yukik\fx-ai-trading\.venv\Lib\site-packages\sklearn\utils\validation.py:2691: UserWarning: X does not have valid feature names, but LGBMClassifier was fitted with feature names
  warnings.warn(
C:\Users\yukik\fx-ai-trading\.venv\Lib\site-packages\sklearn\utils\validation.py:2691: UserWarning: X does not have valid feature names, but LGBMClassifier was fitted with feature names
  warnings.warn(
C:\Users\yukik\fx-ai-trading\.venv\Lib\site-packages\sklearn\utils\validation.py:2691: UserWarning: X does not have valid feature names, but LGBMClassifier was fitted with feature names
  warnings.warn(
C:\Users\yukik\fx-ai-trading\.venv\Lib\site-packages\sklearn\utils\validation.py:2691: UserWarning: X does not have valid feature names, but LGBMClassifier was fitted with feature names
  warnings.warn(
C:\Users\yukik\fx-ai-trading\.venv\Lib\site-packages\sklearn\utils\validation.py:2691: UserWarning: X does not have valid feature names, but LGBMClassifier was fitted with feature names
  warnings.warn(
C:\Users\yukik\fx-ai-trading\.venv\Lib\site-packages\sklearn\utils\validation.py:2691: UserWarning: X does not have valid feature names, but LGBMClassifier was fitted with feature names
  warnings.warn(
C:\Users\yukik\fx-ai-trading\.venv\Lib\site-packages\sklearn\utils\validation.py:2691: UserWarning: X does not have valid feature names, but LGBMClassifier was fitted with feature names
  warnings.warn(
C:\Users\yukik\fx-ai-trading\.venv\Lib\site-packages\sklearn\utils\validation.py:2691: UserWarning: X does not have valid feature names, but LGBMClassifier was fitted with feature names
  warnings.warn(
    fold 14/17 done
C:\Users\yukik\fx-ai-trading\.venv\Lib\site-packages\sklearn\utils\validation.py:2691: UserWarning: X does not have valid feature names, but LGBMClassifier was fitted with feature names
  warnings.warn(
C:\Users\yukik\fx-ai-trading\.venv\Lib\site-packages\sklearn\utils\validation.py:2691: UserWarning: X does not have valid feature names, but LGBMClassifier was fitted with feature names
  warnings.warn(
C:\Users\yukik\fx-ai-trading\.venv\Lib\site-packages\sklearn\utils\validation.py:2691: UserWarning: X does not have valid feature names, but LGBMClassifier was fitted with feature names
  warnings.warn(
C:\Users\yukik\fx-ai-trading\.venv\Lib\site-packages\sklearn\utils\validation.py:2691: UserWarning: X does not have valid feature names, but LGBMClassifier was fitted with feature names
  warnings.warn(
C:\Users\yukik\fx-ai-trading\.venv\Lib\site-packages\sklearn\utils\validation.py:2691: UserWarning: X does not have valid feature names, but LGBMClassifier was fitted with feature names
  warnings.warn(
C:\Users\yukik\fx-ai-trading\.venv\Lib\site-packages\sklearn\utils\validation.py:2691: UserWarning: X does not have valid feature names, but LGBMClassifier was fitted with feature names
  warnings.warn(
C:\Users\yukik\fx-ai-trading\.venv\Lib\site-packages\sklearn\utils\validation.py:2691: UserWarning: X does not have valid feature names, but LGBMClassifier was fitted with feature names
  warnings.warn(
C:\Users\yukik\fx-ai-trading\.venv\Lib\site-packages\sklearn\utils\validation.py:2691: UserWarning: X does not have valid feature names, but LGBMClassifier was fitted with feature names
  warnings.warn(
C:\Users\yukik\fx-ai-trading\.venv\Lib\site-packages\sklearn\utils\validation.py:2691: UserWarning: X does not have valid feature names, but LGBMClassifier was fitted with feature names
  warnings.warn(
C:\Users\yukik\fx-ai-trading\.venv\Lib\site-packages\sklearn\utils\validation.py:2691: UserWarning: X does not have valid feature names, but LGBMClassifier was fitted with feature names
  warnings.warn(
C:\Users\yukik\fx-ai-trading\.venv\Lib\site-packages\sklearn\utils\validation.py:2691: UserWarning: X does not have valid feature names, but LGBMClassifier was fitted with feature names
  warnings.warn(
C:\Users\yukik\fx-ai-trading\.venv\Lib\site-packages\sklearn\utils\validation.py:2691: UserWarning: X does not have valid feature names, but LGBMClassifier was fitted with feature names
  warnings.warn(
C:\Users\yukik\fx-ai-trading\.venv\Lib\site-packages\sklearn\utils\validation.py:2691: UserWarning: X does not have valid feature names, but LGBMClassifier was fitted with feature names
  warnings.warn(
C:\Users\yukik\fx-ai-trading\.venv\Lib\site-packages\sklearn\utils\validation.py:2691: UserWarning: X does not have valid feature names, but LGBMClassifier was fitted with feature names
  warnings.warn(
C:\Users\yukik\fx-ai-trading\.venv\Lib\site-packages\sklearn\utils\validation.py:2691: UserWarning: X does not have valid feature names, but LGBMClassifier was fitted with feature names
  warnings.warn(
C:\Users\yukik\fx-ai-trading\.venv\Lib\site-packages\sklearn\utils\validation.py:2691: UserWarning: X does not have valid feature names, but LGBMClassifier was fitted with feature names
  warnings.warn(
C:\Users\yukik\fx-ai-trading\.venv\Lib\site-packages\sklearn\utils\validation.py:2691: UserWarning: X does not have valid feature names, but LGBMClassifier was fitted with feature names
  warnings.warn(
C:\Users\yukik\fx-ai-trading\.venv\Lib\site-packages\sklearn\utils\validation.py:2691: UserWarning: X does not have valid feature names, but LGBMClassifier was fitted with feature names
  warnings.warn(
C:\Users\yukik\fx-ai-trading\.venv\Lib\site-packages\sklearn\utils\validation.py:2691: UserWarning: X does not have valid feature names, but LGBMClassifier was fitted with feature names
  warnings.warn(
C:\Users\yukik\fx-ai-trading\.venv\Lib\site-packages\sklearn\utils\validation.py:2691: UserWarning: X does not have valid feature names, but LGBMClassifier was fitted with feature names
  warnings.warn(
    fold 15/17 done
C:\Users\yukik\fx-ai-trading\.venv\Lib\site-packages\sklearn\utils\validation.py:2691: UserWarning: X does not have valid feature names, but LGBMClassifier was fitted with feature names
  warnings.warn(
C:\Users\yukik\fx-ai-trading\.venv\Lib\site-packages\sklearn\utils\validation.py:2691: UserWarning: X does not have valid feature names, but LGBMClassifier was fitted with feature names
  warnings.warn(
C:\Users\yukik\fx-ai-trading\.venv\Lib\site-packages\sklearn\utils\validation.py:2691: UserWarning: X does not have valid feature names, but LGBMClassifier was fitted with feature names
  warnings.warn(
C:\Users\yukik\fx-ai-trading\.venv\Lib\site-packages\sklearn\utils\validation.py:2691: UserWarning: X does not have valid feature names, but LGBMClassifier was fitted with feature names
  warnings.warn(
C:\Users\yukik\fx-ai-trading\.venv\Lib\site-packages\sklearn\utils\validation.py:2691: UserWarning: X does not have valid feature names, but LGBMClassifier was fitted with feature names
  warnings.warn(
C:\Users\yukik\fx-ai-trading\.venv\Lib\site-packages\sklearn\utils\validation.py:2691: UserWarning: X does not have valid feature names, but LGBMClassifier was fitted with feature names
  warnings.warn(
C:\Users\yukik\fx-ai-trading\.venv\Lib\site-packages\sklearn\utils\validation.py:2691: UserWarning: X does not have valid feature names, but LGBMClassifier was fitted with feature names
  warnings.warn(
C:\Users\yukik\fx-ai-trading\.venv\Lib\site-packages\sklearn\utils\validation.py:2691: UserWarning: X does not have valid feature names, but LGBMClassifier was fitted with feature names
  warnings.warn(
C:\Users\yukik\fx-ai-trading\.venv\Lib\site-packages\sklearn\utils\validation.py:2691: UserWarning: X does not have valid feature names, but LGBMClassifier was fitted with feature names
  warnings.warn(
C:\Users\yukik\fx-ai-trading\.venv\Lib\site-packages\sklearn\utils\validation.py:2691: UserWarning: X does not have valid feature names, but LGBMClassifier was fitted with feature names
  warnings.warn(
C:\Users\yukik\fx-ai-trading\.venv\Lib\site-packages\sklearn\utils\validation.py:2691: UserWarning: X does not have valid feature names, but LGBMClassifier was fitted with feature names
  warnings.warn(
C:\Users\yukik\fx-ai-trading\.venv\Lib\site-packages\sklearn\utils\validation.py:2691: UserWarning: X does not have valid feature names, but LGBMClassifier was fitted with feature names
  warnings.warn(
C:\Users\yukik\fx-ai-trading\.venv\Lib\site-packages\sklearn\utils\validation.py:2691: UserWarning: X does not have valid feature names, but LGBMClassifier was fitted with feature names
  warnings.warn(
C:\Users\yukik\fx-ai-trading\.venv\Lib\site-packages\sklearn\utils\validation.py:2691: UserWarning: X does not have valid feature names, but LGBMClassifier was fitted with feature names
  warnings.warn(
C:\Users\yukik\fx-ai-trading\.venv\Lib\site-packages\sklearn\utils\validation.py:2691: UserWarning: X does not have valid feature names, but LGBMClassifier was fitted with feature names
  warnings.warn(
C:\Users\yukik\fx-ai-trading\.venv\Lib\site-packages\sklearn\utils\validation.py:2691: UserWarning: X does not have valid feature names, but LGBMClassifier was fitted with feature names
  warnings.warn(
C:\Users\yukik\fx-ai-trading\.venv\Lib\site-packages\sklearn\utils\validation.py:2691: UserWarning: X does not have valid feature names, but LGBMClassifier was fitted with feature names
  warnings.warn(
C:\Users\yukik\fx-ai-trading\.venv\Lib\site-packages\sklearn\utils\validation.py:2691: UserWarning: X does not have valid feature names, but LGBMClassifier was fitted with feature names
  warnings.warn(
C:\Users\yukik\fx-ai-trading\.venv\Lib\site-packages\sklearn\utils\validation.py:2691: UserWarning: X does not have valid feature names, but LGBMClassifier was fitted with feature names
  warnings.warn(
C:\Users\yukik\fx-ai-trading\.venv\Lib\site-packages\sklearn\utils\validation.py:2691: UserWarning: X does not have valid feature names, but LGBMClassifier was fitted with feature names
  warnings.warn(
    fold 16/17 done
C:\Users\yukik\fx-ai-trading\.venv\Lib\site-packages\sklearn\utils\validation.py:2691: UserWarning: X does not have valid feature names, but LGBMClassifier was fitted with feature names
  warnings.warn(
C:\Users\yukik\fx-ai-trading\.venv\Lib\site-packages\sklearn\utils\validation.py:2691: UserWarning: X does not have valid feature names, but LGBMClassifier was fitted with feature names
  warnings.warn(
C:\Users\yukik\fx-ai-trading\.venv\Lib\site-packages\sklearn\utils\validation.py:2691: UserWarning: X does not have valid feature names, but LGBMClassifier was fitted with feature names
  warnings.warn(
C:\Users\yukik\fx-ai-trading\.venv\Lib\site-packages\sklearn\utils\validation.py:2691: UserWarning: X does not have valid feature names, but LGBMClassifier was fitted with feature names
  warnings.warn(
C:\Users\yukik\fx-ai-trading\.venv\Lib\site-packages\sklearn\utils\validation.py:2691: UserWarning: X does not have valid feature names, but LGBMClassifier was fitted with feature names
  warnings.warn(
C:\Users\yukik\fx-ai-trading\.venv\Lib\site-packages\sklearn\utils\validation.py:2691: UserWarning: X does not have valid feature names, but LGBMClassifier was fitted with feature names
  warnings.warn(
C:\Users\yukik\fx-ai-trading\.venv\Lib\site-packages\sklearn\utils\validation.py:2691: UserWarning: X does not have valid feature names, but LGBMClassifier was fitted with feature names
  warnings.warn(
C:\Users\yukik\fx-ai-trading\.venv\Lib\site-packages\sklearn\utils\validation.py:2691: UserWarning: X does not have valid feature names, but LGBMClassifier was fitted with feature names
  warnings.warn(
C:\Users\yukik\fx-ai-trading\.venv\Lib\site-packages\sklearn\utils\validation.py:2691: UserWarning: X does not have valid feature names, but LGBMClassifier was fitted with feature names
  warnings.warn(
C:\Users\yukik\fx-ai-trading\.venv\Lib\site-packages\sklearn\utils\validation.py:2691: UserWarning: X does not have valid feature names, but LGBMClassifier was fitted with feature names
  warnings.warn(
C:\Users\yukik\fx-ai-trading\.venv\Lib\site-packages\sklearn\utils\validation.py:2691: UserWarning: X does not have valid feature names, but LGBMClassifier was fitted with feature names
  warnings.warn(
C:\Users\yukik\fx-ai-trading\.venv\Lib\site-packages\sklearn\utils\validation.py:2691: UserWarning: X does not have valid feature names, but LGBMClassifier was fitted with feature names
  warnings.warn(
C:\Users\yukik\fx-ai-trading\.venv\Lib\site-packages\sklearn\utils\validation.py:2691: UserWarning: X does not have valid feature names, but LGBMClassifier was fitted with feature names
  warnings.warn(
C:\Users\yukik\fx-ai-trading\.venv\Lib\site-packages\sklearn\utils\validation.py:2691: UserWarning: X does not have valid feature names, but LGBMClassifier was fitted with feature names
  warnings.warn(
C:\Users\yukik\fx-ai-trading\.venv\Lib\site-packages\sklearn\utils\validation.py:2691: UserWarning: X does not have valid feature names, but LGBMClassifier was fitted with feature names
  warnings.warn(
C:\Users\yukik\fx-ai-trading\.venv\Lib\site-packages\sklearn\utils\validation.py:2691: UserWarning: X does not have valid feature names, but LGBMClassifier was fitted with feature names
  warnings.warn(
C:\Users\yukik\fx-ai-trading\.venv\Lib\site-packages\sklearn\utils\validation.py:2691: UserWarning: X does not have valid feature names, but LGBMClassifier was fitted with feature names
  warnings.warn(
C:\Users\yukik\fx-ai-trading\.venv\Lib\site-packages\sklearn\utils\validation.py:2691: UserWarning: X does not have valid feature names, but LGBMClassifier was fitted with feature names
  warnings.warn(
C:\Users\yukik\fx-ai-trading\.venv\Lib\site-packages\sklearn\utils\validation.py:2691: UserWarning: X does not have valid feature names, but LGBMClassifier was fitted with feature names
  warnings.warn(
C:\Users\yukik\fx-ai-trading\.venv\Lib\site-packages\sklearn\utils\validation.py:2691: UserWarning: X does not have valid feature names, but LGBMClassifier was fitted with feature names
  warnings.warn(
    fold 17/17 done
  a_ref               feat=50  Sharpe=-0.0193  hit= 42.8%  n=   208  PnL=    -77.5  (387s)

  >> b_multi_tf (56 feat, +6)
C:\Users\yukik\fx-ai-trading\.venv\Lib\site-packages\sklearn\utils\validation.py:2691: UserWarning: X does not have valid feature names, but LGBMClassifier was fitted with feature names
  warnings.warn(
C:\Users\yukik\fx-ai-trading\.venv\Lib\site-packages\sklearn\utils\validation.py:2691: UserWarning: X does not have valid feature names, but LGBMClassifier was fitted with feature names
  warnings.warn(
C:\Users\yukik\fx-ai-trading\.venv\Lib\site-packages\sklearn\utils\validation.py:2691: UserWarning: X does not have valid feature names, but LGBMClassifier was fitted with feature names
  warnings.warn(
C:\Users\yukik\fx-ai-trading\.venv\Lib\site-packages\sklearn\utils\validation.py:2691: UserWarning: X does not have valid feature names, but LGBMClassifier was fitted with feature names
  warnings.warn(
C:\Users\yukik\fx-ai-trading\.venv\Lib\site-packages\sklearn\utils\validation.py:2691: UserWarning: X does not have valid feature names, but LGBMClassifier was fitted with feature names
  warnings.warn(
C:\Users\yukik\fx-ai-trading\.venv\Lib\site-packages\sklearn\utils\validation.py:2691: UserWarning: X does not have valid feature names, but LGBMClassifier was fitted with feature names
  warnings.warn(
C:\Users\yukik\fx-ai-trading\.venv\Lib\site-packages\sklearn\utils\validation.py:2691: UserWarning: X does not have valid feature names, but LGBMClassifier was fitted with feature names
  warnings.warn(
C:\Users\yukik\fx-ai-trading\.venv\Lib\site-packages\sklearn\utils\validation.py:2691: UserWarning: X does not have valid feature names, but LGBMClassifier was fitted with feature names
  warnings.warn(
C:\Users\yukik\fx-ai-trading\.venv\Lib\site-packages\sklearn\utils\validation.py:2691: UserWarning: X does not have valid feature names, but LGBMClassifier was fitted with feature names
  warnings.warn(
C:\Users\yukik\fx-ai-trading\.venv\Lib\site-packages\sklearn\utils\validation.py:2691: UserWarning: X does not have valid feature names, but LGBMClassifier was fitted with feature names
  warnings.warn(
C:\Users\yukik\fx-ai-trading\.venv\Lib\site-packages\sklearn\utils\validation.py:2691: UserWarning: X does not have valid feature names, but LGBMClassifier was fitted with feature names
  warnings.warn(
C:\Users\yukik\fx-ai-trading\.venv\Lib\site-packages\sklearn\utils\validation.py:2691: UserWarning: X does not have valid feature names, but LGBMClassifier was fitted with feature names
  warnings.warn(
C:\Users\yukik\fx-ai-trading\.venv\Lib\site-packages\sklearn\utils\validation.py:2691: UserWarning: X does not have valid feature names, but LGBMClassifier was fitted with feature names
  warnings.warn(
C:\Users\yukik\fx-ai-trading\.venv\Lib\site-packages\sklearn\utils\validation.py:2691: UserWarning: X does not have valid feature names, but LGBMClassifier was fitted with feature names
  warnings.warn(
C:\Users\yukik\fx-ai-trading\.venv\Lib\site-packages\sklearn\utils\validation.py:2691: UserWarning: X does not have valid feature names, but LGBMClassifier was fitted with feature names
  warnings.warn(
C:\Users\yukik\fx-ai-trading\.venv\Lib\site-packages\sklearn\utils\validation.py:2691: UserWarning: X does not have valid feature names, but LGBMClassifier was fitted with feature names
  warnings.warn(
C:\Users\yukik\fx-ai-trading\.venv\Lib\site-packages\sklearn\utils\validation.py:2691: UserWarning: X does not have valid feature names, but LGBMClassifier was fitted with feature names
  warnings.warn(
C:\Users\yukik\fx-ai-trading\.venv\Lib\site-packages\sklearn\utils\validation.py:2691: UserWarning: X does not have valid feature names, but LGBMClassifier was fitted with feature names
  warnings.warn(
C:\Users\yukik\fx-ai-trading\.venv\Lib\site-packages\sklearn\utils\validation.py:2691: UserWarning: X does not have valid feature names, but LGBMClassifier was fitted with feature names
  warnings.warn(
C:\Users\yukik\fx-ai-trading\.venv\Lib\site-packages\sklearn\utils\validation.py:2691: UserWarning: X does not have valid feature names, but LGBMClassifier was fitted with feature names
  warnings.warn(
    fold 1/17 done
C:\Users\yukik\fx-ai-trading\.venv\Lib\site-packages\sklearn\utils\validation.py:2691: UserWarning: X does not have valid feature names, but LGBMClassifier was fitted with feature names
  warnings.warn(
C:\Users\yukik\fx-ai-trading\.venv\Lib\site-packages\sklearn\utils\validation.py:2691: UserWarning: X does not have valid feature names, but LGBMClassifier was fitted with feature names
  warnings.warn(
C:\Users\yukik\fx-ai-trading\.venv\Lib\site-packages\sklearn\utils\validation.py:2691: UserWarning: X does not have valid feature names, but LGBMClassifier was fitted with feature names
  warnings.warn(
C:\Users\yukik\fx-ai-trading\.venv\Lib\site-packages\sklearn\utils\validation.py:2691: UserWarning: X does not have valid feature names, but LGBMClassifier was fitted with feature names
  warnings.warn(
C:\Users\yukik\fx-ai-trading\.venv\Lib\site-packages\sklearn\utils\validation.py:2691: UserWarning: X does not have valid feature names, but LGBMClassifier was fitted with feature names
  warnings.warn(
C:\Users\yukik\fx-ai-trading\.venv\Lib\site-packages\sklearn\utils\validation.py:2691: UserWarning: X does not have valid feature names, but LGBMClassifier was fitted with feature names
  warnings.warn(
C:\Users\yukik\fx-ai-trading\.venv\Lib\site-packages\sklearn\utils\validation.py:2691: UserWarning: X does not have valid feature names, but LGBMClassifier was fitted with feature names
  warnings.warn(
C:\Users\yukik\fx-ai-trading\.venv\Lib\site-packages\sklearn\utils\validation.py:2691: UserWarning: X does not have valid feature names, but LGBMClassifier was fitted with feature names
  warnings.warn(
C:\Users\yukik\fx-ai-trading\.venv\Lib\site-packages\sklearn\utils\validation.py:2691: UserWarning: X does not have valid feature names, but LGBMClassifier was fitted with feature names
  warnings.warn(
C:\Users\yukik\fx-ai-trading\.venv\Lib\site-packages\sklearn\utils\validation.py:2691: UserWarning: X does not have valid feature names, but LGBMClassifier was fitted with feature names
  warnings.warn(
C:\Users\yukik\fx-ai-trading\.venv\Lib\site-packages\sklearn\utils\validation.py:2691: UserWarning: X does not have valid feature names, but LGBMClassifier was fitted with feature names
  warnings.warn(
C:\Users\yukik\fx-ai-trading\.venv\Lib\site-packages\sklearn\utils\validation.py:2691: UserWarning: X does not have valid feature names, but LGBMClassifier was fitted with feature names
  warnings.warn(
C:\Users\yukik\fx-ai-trading\.venv\Lib\site-packages\sklearn\utils\validation.py:2691: UserWarning: X does not have valid feature names, but LGBMClassifier was fitted with feature names
  warnings.warn(
C:\Users\yukik\fx-ai-trading\.venv\Lib\site-packages\sklearn\utils\validation.py:2691: UserWarning: X does not have valid feature names, but LGBMClassifier was fitted with feature names
  warnings.warn(
C:\Users\yukik\fx-ai-trading\.venv\Lib\site-packages\sklearn\utils\validation.py:2691: UserWarning: X does not have valid feature names, but LGBMClassifier was fitted with feature names
  warnings.warn(
C:\Users\yukik\fx-ai-trading\.venv\Lib\site-packages\sklearn\utils\validation.py:2691: UserWarning: X does not have valid feature names, but LGBMClassifier was fitted with feature names
  warnings.warn(
C:\Users\yukik\fx-ai-trading\.venv\Lib\site-packages\sklearn\utils\validation.py:2691: UserWarning: X does not have valid feature names, but LGBMClassifier was fitted with feature names
  warnings.warn(
C:\Users\yukik\fx-ai-trading\.venv\Lib\site-packages\sklearn\utils\validation.py:2691: UserWarning: X does not have valid feature names, but LGBMClassifier was fitted with feature names
  warnings.warn(
C:\Users\yukik\fx-ai-trading\.venv\Lib\site-packages\sklearn\utils\validation.py:2691: UserWarning: X does not have valid feature names, but LGBMClassifier was fitted with feature names
  warnings.warn(
C:\Users\yukik\fx-ai-trading\.venv\Lib\site-packages\sklearn\utils\validation.py:2691: UserWarning: X does not have valid feature names, but LGBMClassifier was fitted with feature names
  warnings.warn(
    fold 2/17 done
C:\Users\yukik\fx-ai-trading\.venv\Lib\site-packages\sklearn\utils\validation.py:2691: UserWarning: X does not have valid feature names, but LGBMClassifier was fitted with feature names
  warnings.warn(
C:\Users\yukik\fx-ai-trading\.venv\Lib\site-packages\sklearn\utils\validation.py:2691: UserWarning: X does not have valid feature names, but LGBMClassifier was fitted with feature names
  warnings.warn(
C:\Users\yukik\fx-ai-trading\.venv\Lib\site-packages\sklearn\utils\validation.py:2691: UserWarning: X does not have valid feature names, but LGBMClassifier was fitted with feature names
  warnings.warn(
C:\Users\yukik\fx-ai-trading\.venv\Lib\site-packages\sklearn\utils\validation.py:2691: UserWarning: X does not have valid feature names, but LGBMClassifier was fitted with feature names
  warnings.warn(
C:\Users\yukik\fx-ai-trading\.venv\Lib\site-packages\sklearn\utils\validation.py:2691: UserWarning: X does not have valid feature names, but LGBMClassifier was fitted with feature names
  warnings.warn(
C:\Users\yukik\fx-ai-trading\.venv\Lib\site-packages\sklearn\utils\validation.py:2691: UserWarning: X does not have valid feature names, but LGBMClassifier was fitted with feature names
  warnings.warn(
C:\Users\yukik\fx-ai-trading\.venv\Lib\site-packages\sklearn\utils\validation.py:2691: UserWarning: X does not have valid feature names, but LGBMClassifier was fitted with feature names
  warnings.warn(
C:\Users\yukik\fx-ai-trading\.venv\Lib\site-packages\sklearn\utils\validation.py:2691: UserWarning: X does not have valid feature names, but LGBMClassifier was fitted with feature names
  warnings.warn(
C:\Users\yukik\fx-ai-trading\.venv\Lib\site-packages\sklearn\utils\validation.py:2691: UserWarning: X does not have valid feature names, but LGBMClassifier was fitted with feature names
  warnings.warn(
C:\Users\yukik\fx-ai-trading\.venv\Lib\site-packages\sklearn\utils\validation.py:2691: UserWarning: X does not have valid feature names, but LGBMClassifier was fitted with feature names
  warnings.warn(
C:\Users\yukik\fx-ai-trading\.venv\Lib\site-packages\sklearn\utils\validation.py:2691: UserWarning: X does not have valid feature names, but LGBMClassifier was fitted with feature names
  warnings.warn(
C:\Users\yukik\fx-ai-trading\.venv\Lib\site-packages\sklearn\utils\validation.py:2691: UserWarning: X does not have valid feature names, but LGBMClassifier was fitted with feature names
  warnings.warn(
C:\Users\yukik\fx-ai-trading\.venv\Lib\site-packages\sklearn\utils\validation.py:2691: UserWarning: X does not have valid feature names, but LGBMClassifier was fitted with feature names
  warnings.warn(
C:\Users\yukik\fx-ai-trading\.venv\Lib\site-packages\sklearn\utils\validation.py:2691: UserWarning: X does not have valid feature names, but LGBMClassifier was fitted with feature names
  warnings.warn(
C:\Users\yukik\fx-ai-trading\.venv\Lib\site-packages\sklearn\utils\validation.py:2691: UserWarning: X does not have valid feature names, but LGBMClassifier was fitted with feature names
  warnings.warn(
C:\Users\yukik\fx-ai-trading\.venv\Lib\site-packages\sklearn\utils\validation.py:2691: UserWarning: X does not have valid feature names, but LGBMClassifier was fitted with feature names
  warnings.warn(
C:\Users\yukik\fx-ai-trading\.venv\Lib\site-packages\sklearn\utils\validation.py:2691: UserWarning: X does not have valid feature names, but LGBMClassifier was fitted with feature names
  warnings.warn(
C:\Users\yukik\fx-ai-trading\.venv\Lib\site-packages\sklearn\utils\validation.py:2691: UserWarning: X does not have valid feature names, but LGBMClassifier was fitted with feature names
  warnings.warn(
C:\Users\yukik\fx-ai-trading\.venv\Lib\site-packages\sklearn\utils\validation.py:2691: UserWarning: X does not have valid feature names, but LGBMClassifier was fitted with feature names
  warnings.warn(
C:\Users\yukik\fx-ai-trading\.venv\Lib\site-packages\sklearn\utils\validation.py:2691: UserWarning: X does not have valid feature names, but LGBMClassifier was fitted with feature names
  warnings.warn(
    fold 3/17 done
C:\Users\yukik\fx-ai-trading\.venv\Lib\site-packages\sklearn\utils\validation.py:2691: UserWarning: X does not have valid feature names, but LGBMClassifier was fitted with feature names
  warnings.warn(
C:\Users\yukik\fx-ai-trading\.venv\Lib\site-packages\sklearn\utils\validation.py:2691: UserWarning: X does not have valid feature names, but LGBMClassifier was fitted with feature names
  warnings.warn(
C:\Users\yukik\fx-ai-trading\.venv\Lib\site-packages\sklearn\utils\validation.py:2691: UserWarning: X does not have valid feature names, but LGBMClassifier was fitted with feature names
  warnings.warn(
C:\Users\yukik\fx-ai-trading\.venv\Lib\site-packages\sklearn\utils\validation.py:2691: UserWarning: X does not have valid feature names, but LGBMClassifier was fitted with feature names
  warnings.warn(
C:\Users\yukik\fx-ai-trading\.venv\Lib\site-packages\sklearn\utils\validation.py:2691: UserWarning: X does not have valid feature names, but LGBMClassifier was fitted with feature names
  warnings.warn(
C:\Users\yukik\fx-ai-trading\.venv\Lib\site-packages\sklearn\utils\validation.py:2691: UserWarning: X does not have valid feature names, but LGBMClassifier was fitted with feature names
  warnings.warn(
C:\Users\yukik\fx-ai-trading\.venv\Lib\site-packages\sklearn\utils\validation.py:2691: UserWarning: X does not have valid feature names, but LGBMClassifier was fitted with feature names
  warnings.warn(
C:\Users\yukik\fx-ai-trading\.venv\Lib\site-packages\sklearn\utils\validation.py:2691: UserWarning: X does not have valid feature names, but LGBMClassifier was fitted with feature names
  warnings.warn(
C:\Users\yukik\fx-ai-trading\.venv\Lib\site-packages\sklearn\utils\validation.py:2691: UserWarning: X does not have valid feature names, but LGBMClassifier was fitted with feature names
  warnings.warn(
C:\Users\yukik\fx-ai-trading\.venv\Lib\site-packages\sklearn\utils\validation.py:2691: UserWarning: X does not have valid feature names, but LGBMClassifier was fitted with feature names
  warnings.warn(
C:\Users\yukik\fx-ai-trading\.venv\Lib\site-packages\sklearn\utils\validation.py:2691: UserWarning: X does not have valid feature names, but LGBMClassifier was fitted with feature names
  warnings.warn(
C:\Users\yukik\fx-ai-trading\.venv\Lib\site-packages\sklearn\utils\validation.py:2691: UserWarning: X does not have valid feature names, but LGBMClassifier was fitted with feature names
  warnings.warn(
C:\Users\yukik\fx-ai-trading\.venv\Lib\site-packages\sklearn\utils\validation.py:2691: UserWarning: X does not have valid feature names, but LGBMClassifier was fitted with feature names
  warnings.warn(
C:\Users\yukik\fx-ai-trading\.venv\Lib\site-packages\sklearn\utils\validation.py:2691: UserWarning: X does not have valid feature names, but LGBMClassifier was fitted with feature names
  warnings.warn(
C:\Users\yukik\fx-ai-trading\.venv\Lib\site-packages\sklearn\utils\validation.py:2691: UserWarning: X does not have valid feature names, but LGBMClassifier was fitted with feature names
  warnings.warn(
C:\Users\yukik\fx-ai-trading\.venv\Lib\site-packages\sklearn\utils\validation.py:2691: UserWarning: X does not have valid feature names, but LGBMClassifier was fitted with feature names
  warnings.warn(
C:\Users\yukik\fx-ai-trading\.venv\Lib\site-packages\sklearn\utils\validation.py:2691: UserWarning: X does not have valid feature names, but LGBMClassifier was fitted with feature names
  warnings.warn(
C:\Users\yukik\fx-ai-trading\.venv\Lib\site-packages\sklearn\utils\validation.py:2691: UserWarning: X does not have valid feature names, but LGBMClassifier was fitted with feature names
  warnings.warn(
C:\Users\yukik\fx-ai-trading\.venv\Lib\site-packages\sklearn\utils\validation.py:2691: UserWarning: X does not have valid feature names, but LGBMClassifier was fitted with feature names
  warnings.warn(
C:\Users\yukik\fx-ai-trading\.venv\Lib\site-packages\sklearn\utils\validation.py:2691: UserWarning: X does not have valid feature names, but LGBMClassifier was fitted with feature names
  warnings.warn(
    fold 4/17 done
C:\Users\yukik\fx-ai-trading\.venv\Lib\site-packages\sklearn\utils\validation.py:2691: UserWarning: X does not have valid feature names, but LGBMClassifier was fitted with feature names
  warnings.warn(
C:\Users\yukik\fx-ai-trading\.venv\Lib\site-packages\sklearn\utils\validation.py:2691: UserWarning: X does not have valid feature names, but LGBMClassifier was fitted with feature names
  warnings.warn(
C:\Users\yukik\fx-ai-trading\.venv\Lib\site-packages\sklearn\utils\validation.py:2691: UserWarning: X does not have valid feature names, but LGBMClassifier was fitted with feature names
  warnings.warn(
C:\Users\yukik\fx-ai-trading\.venv\Lib\site-packages\sklearn\utils\validation.py:2691: UserWarning: X does not have valid feature names, but LGBMClassifier was fitted with feature names
  warnings.warn(
C:\Users\yukik\fx-ai-trading\.venv\Lib\site-packages\sklearn\utils\validation.py:2691: UserWarning: X does not have valid feature names, but LGBMClassifier was fitted with feature names
  warnings.warn(
C:\Users\yukik\fx-ai-trading\.venv\Lib\site-packages\sklearn\utils\validation.py:2691: UserWarning: X does not have valid feature names, but LGBMClassifier was fitted with feature names
  warnings.warn(
C:\Users\yukik\fx-ai-trading\.venv\Lib\site-packages\sklearn\utils\validation.py:2691: UserWarning: X does not have valid feature names, but LGBMClassifier was fitted with feature names
  warnings.warn(
C:\Users\yukik\fx-ai-trading\.venv\Lib\site-packages\sklearn\utils\validation.py:2691: UserWarning: X does not have valid feature names, but LGBMClassifier was fitted with feature names
  warnings.warn(
C:\Users\yukik\fx-ai-trading\.venv\Lib\site-packages\sklearn\utils\validation.py:2691: UserWarning: X does not have valid feature names, but LGBMClassifier was fitted with feature names
  warnings.warn(
C:\Users\yukik\fx-ai-trading\.venv\Lib\site-packages\sklearn\utils\validation.py:2691: UserWarning: X does not have valid feature names, but LGBMClassifier was fitted with feature names
  warnings.warn(
C:\Users\yukik\fx-ai-trading\.venv\Lib\site-packages\sklearn\utils\validation.py:2691: UserWarning: X does not have valid feature names, but LGBMClassifier was fitted with feature names
  warnings.warn(
C:\Users\yukik\fx-ai-trading\.venv\Lib\site-packages\sklearn\utils\validation.py:2691: UserWarning: X does not have valid feature names, but LGBMClassifier was fitted with feature names
  warnings.warn(
C:\Users\yukik\fx-ai-trading\.venv\Lib\site-packages\sklearn\utils\validation.py:2691: UserWarning: X does not have valid feature names, but LGBMClassifier was fitted with feature names
  warnings.warn(
C:\Users\yukik\fx-ai-trading\.venv\Lib\site-packages\sklearn\utils\validation.py:2691: UserWarning: X does not have valid feature names, but LGBMClassifier was fitted with feature names
  warnings.warn(
C:\Users\yukik\fx-ai-trading\.venv\Lib\site-packages\sklearn\utils\validation.py:2691: UserWarning: X does not have valid feature names, but LGBMClassifier was fitted with feature names
  warnings.warn(
C:\Users\yukik\fx-ai-trading\.venv\Lib\site-packages\sklearn\utils\validation.py:2691: UserWarning: X does not have valid feature names, but LGBMClassifier was fitted with feature names
  warnings.warn(
C:\Users\yukik\fx-ai-trading\.venv\Lib\site-packages\sklearn\utils\validation.py:2691: UserWarning: X does not have valid feature names, but LGBMClassifier was fitted with feature names
  warnings.warn(
C:\Users\yukik\fx-ai-trading\.venv\Lib\site-packages\sklearn\utils\validation.py:2691: UserWarning: X does not have valid feature names, but LGBMClassifier was fitted with feature names
  warnings.warn(
C:\Users\yukik\fx-ai-trading\.venv\Lib\site-packages\sklearn\utils\validation.py:2691: UserWarning: X does not have valid feature names, but LGBMClassifier was fitted with feature names
  warnings.warn(
C:\Users\yukik\fx-ai-trading\.venv\Lib\site-packages\sklearn\utils\validation.py:2691: UserWarning: X does not have valid feature names, but LGBMClassifier was fitted with feature names
  warnings.warn(
    fold 5/17 done
C:\Users\yukik\fx-ai-trading\.venv\Lib\site-packages\sklearn\utils\validation.py:2691: UserWarning: X does not have valid feature names, but LGBMClassifier was fitted with feature names
  warnings.warn(
C:\Users\yukik\fx-ai-trading\.venv\Lib\site-packages\sklearn\utils\validation.py:2691: UserWarning: X does not have valid feature names, but LGBMClassifier was fitted with feature names
  warnings.warn(
C:\Users\yukik\fx-ai-trading\.venv\Lib\site-packages\sklearn\utils\validation.py:2691: UserWarning: X does not have valid feature names, but LGBMClassifier was fitted with feature names
  warnings.warn(
C:\Users\yukik\fx-ai-trading\.venv\Lib\site-packages\sklearn\utils\validation.py:2691: UserWarning: X does not have valid feature names, but LGBMClassifier was fitted with feature names
  warnings.warn(
C:\Users\yukik\fx-ai-trading\.venv\Lib\site-packages\sklearn\utils\validation.py:2691: UserWarning: X does not have valid feature names, but LGBMClassifier was fitted with feature names
  warnings.warn(
C:\Users\yukik\fx-ai-trading\.venv\Lib\site-packages\sklearn\utils\validation.py:2691: UserWarning: X does not have valid feature names, but LGBMClassifier was fitted with feature names
  warnings.warn(
C:\Users\yukik\fx-ai-trading\.venv\Lib\site-packages\sklearn\utils\validation.py:2691: UserWarning: X does not have valid feature names, but LGBMClassifier was fitted with feature names
  warnings.warn(
C:\Users\yukik\fx-ai-trading\.venv\Lib\site-packages\sklearn\utils\validation.py:2691: UserWarning: X does not have valid feature names, but LGBMClassifier was fitted with feature names
  warnings.warn(
C:\Users\yukik\fx-ai-trading\.venv\Lib\site-packages\sklearn\utils\validation.py:2691: UserWarning: X does not have valid feature names, but LGBMClassifier was fitted with feature names
  warnings.warn(
C:\Users\yukik\fx-ai-trading\.venv\Lib\site-packages\sklearn\utils\validation.py:2691: UserWarning: X does not have valid feature names, but LGBMClassifier was fitted with feature names
  warnings.warn(
C:\Users\yukik\fx-ai-trading\.venv\Lib\site-packages\sklearn\utils\validation.py:2691: UserWarning: X does not have valid feature names, but LGBMClassifier was fitted with feature names
  warnings.warn(
C:\Users\yukik\fx-ai-trading\.venv\Lib\site-packages\sklearn\utils\validation.py:2691: UserWarning: X does not have valid feature names, but LGBMClassifier was fitted with feature names
  warnings.warn(
C:\Users\yukik\fx-ai-trading\.venv\Lib\site-packages\sklearn\utils\validation.py:2691: UserWarning: X does not have valid feature names, but LGBMClassifier was fitted with feature names
  warnings.warn(
C:\Users\yukik\fx-ai-trading\.venv\Lib\site-packages\sklearn\utils\validation.py:2691: UserWarning: X does not have valid feature names, but LGBMClassifier was fitted with feature names
  warnings.warn(
C:\Users\yukik\fx-ai-trading\.venv\Lib\site-packages\sklearn\utils\validation.py:2691: UserWarning: X does not have valid feature names, but LGBMClassifier was fitted with feature names
  warnings.warn(
C:\Users\yukik\fx-ai-trading\.venv\Lib\site-packages\sklearn\utils\validation.py:2691: UserWarning: X does not have valid feature names, but LGBMClassifier was fitted with feature names
  warnings.warn(
C:\Users\yukik\fx-ai-trading\.venv\Lib\site-packages\sklearn\utils\validation.py:2691: UserWarning: X does not have valid feature names, but LGBMClassifier was fitted with feature names
  warnings.warn(
C:\Users\yukik\fx-ai-trading\.venv\Lib\site-packages\sklearn\utils\validation.py:2691: UserWarning: X does not have valid feature names, but LGBMClassifier was fitted with feature names
  warnings.warn(
C:\Users\yukik\fx-ai-trading\.venv\Lib\site-packages\sklearn\utils\validation.py:2691: UserWarning: X does not have valid feature names, but LGBMClassifier was fitted with feature names
  warnings.warn(
C:\Users\yukik\fx-ai-trading\.venv\Lib\site-packages\sklearn\utils\validation.py:2691: UserWarning: X does not have valid feature names, but LGBMClassifier was fitted with feature names
  warnings.warn(
    fold 6/17 done
C:\Users\yukik\fx-ai-trading\.venv\Lib\site-packages\sklearn\utils\validation.py:2691: UserWarning: X does not have valid feature names, but LGBMClassifier was fitted with feature names
  warnings.warn(
C:\Users\yukik\fx-ai-trading\.venv\Lib\site-packages\sklearn\utils\validation.py:2691: UserWarning: X does not have valid feature names, but LGBMClassifier was fitted with feature names
  warnings.warn(
C:\Users\yukik\fx-ai-trading\.venv\Lib\site-packages\sklearn\utils\validation.py:2691: UserWarning: X does not have valid feature names, but LGBMClassifier was fitted with feature names
  warnings.warn(
C:\Users\yukik\fx-ai-trading\.venv\Lib\site-packages\sklearn\utils\validation.py:2691: UserWarning: X does not have valid feature names, but LGBMClassifier was fitted with feature names
  warnings.warn(
C:\Users\yukik\fx-ai-trading\.venv\Lib\site-packages\sklearn\utils\validation.py:2691: UserWarning: X does not have valid feature names, but LGBMClassifier was fitted with feature names
  warnings.warn(
C:\Users\yukik\fx-ai-trading\.venv\Lib\site-packages\sklearn\utils\validation.py:2691: UserWarning: X does not have valid feature names, but LGBMClassifier was fitted with feature names
  warnings.warn(
C:\Users\yukik\fx-ai-trading\.venv\Lib\site-packages\sklearn\utils\validation.py:2691: UserWarning: X does not have valid feature names, but LGBMClassifier was fitted with feature names
  warnings.warn(
C:\Users\yukik\fx-ai-trading\.venv\Lib\site-packages\sklearn\utils\validation.py:2691: UserWarning: X does not have valid feature names, but LGBMClassifier was fitted with feature names
  warnings.warn(
C:\Users\yukik\fx-ai-trading\.venv\Lib\site-packages\sklearn\utils\validation.py:2691: UserWarning: X does not have valid feature names, but LGBMClassifier was fitted with feature names
  warnings.warn(
C:\Users\yukik\fx-ai-trading\.venv\Lib\site-packages\sklearn\utils\validation.py:2691: UserWarning: X does not have valid feature names, but LGBMClassifier was fitted with feature names
  warnings.warn(
C:\Users\yukik\fx-ai-trading\.venv\Lib\site-packages\sklearn\utils\validation.py:2691: UserWarning: X does not have valid feature names, but LGBMClassifier was fitted with feature names
  warnings.warn(
C:\Users\yukik\fx-ai-trading\.venv\Lib\site-packages\sklearn\utils\validation.py:2691: UserWarning: X does not have valid feature names, but LGBMClassifier was fitted with feature names
  warnings.warn(
C:\Users\yukik\fx-ai-trading\.venv\Lib\site-packages\sklearn\utils\validation.py:2691: UserWarning: X does not have valid feature names, but LGBMClassifier was fitted with feature names
  warnings.warn(
C:\Users\yukik\fx-ai-trading\.venv\Lib\site-packages\sklearn\utils\validation.py:2691: UserWarning: X does not have valid feature names, but LGBMClassifier was fitted with feature names
  warnings.warn(
C:\Users\yukik\fx-ai-trading\.venv\Lib\site-packages\sklearn\utils\validation.py:2691: UserWarning: X does not have valid feature names, but LGBMClassifier was fitted with feature names
  warnings.warn(
C:\Users\yukik\fx-ai-trading\.venv\Lib\site-packages\sklearn\utils\validation.py:2691: UserWarning: X does not have valid feature names, but LGBMClassifier was fitted with feature names
  warnings.warn(
C:\Users\yukik\fx-ai-trading\.venv\Lib\site-packages\sklearn\utils\validation.py:2691: UserWarning: X does not have valid feature names, but LGBMClassifier was fitted with feature names
  warnings.warn(
C:\Users\yukik\fx-ai-trading\.venv\Lib\site-packages\sklearn\utils\validation.py:2691: UserWarning: X does not have valid feature names, but LGBMClassifier was fitted with feature names
  warnings.warn(
C:\Users\yukik\fx-ai-trading\.venv\Lib\site-packages\sklearn\utils\validation.py:2691: UserWarning: X does not have valid feature names, but LGBMClassifier was fitted with feature names
  warnings.warn(
C:\Users\yukik\fx-ai-trading\.venv\Lib\site-packages\sklearn\utils\validation.py:2691: UserWarning: X does not have valid feature names, but LGBMClassifier was fitted with feature names
  warnings.warn(
    fold 7/17 done
C:\Users\yukik\fx-ai-trading\.venv\Lib\site-packages\sklearn\utils\validation.py:2691: UserWarning: X does not have valid feature names, but LGBMClassifier was fitted with feature names
  warnings.warn(
C:\Users\yukik\fx-ai-trading\.venv\Lib\site-packages\sklearn\utils\validation.py:2691: UserWarning: X does not have valid feature names, but LGBMClassifier was fitted with feature names
  warnings.warn(
C:\Users\yukik\fx-ai-trading\.venv\Lib\site-packages\sklearn\utils\validation.py:2691: UserWarning: X does not have valid feature names, but LGBMClassifier was fitted with feature names
  warnings.warn(
C:\Users\yukik\fx-ai-trading\.venv\Lib\site-packages\sklearn\utils\validation.py:2691: UserWarning: X does not have valid feature names, but LGBMClassifier was fitted with feature names
  warnings.warn(
C:\Users\yukik\fx-ai-trading\.venv\Lib\site-packages\sklearn\utils\validation.py:2691: UserWarning: X does not have valid feature names, but LGBMClassifier was fitted with feature names
  warnings.warn(
C:\Users\yukik\fx-ai-trading\.venv\Lib\site-packages\sklearn\utils\validation.py:2691: UserWarning: X does not have valid feature names, but LGBMClassifier was fitted with feature names
  warnings.warn(
C:\Users\yukik\fx-ai-trading\.venv\Lib\site-packages\sklearn\utils\validation.py:2691: UserWarning: X does not have valid feature names, but LGBMClassifier was fitted with feature names
  warnings.warn(
C:\Users\yukik\fx-ai-trading\.venv\Lib\site-packages\sklearn\utils\validation.py:2691: UserWarning: X does not have valid feature names, but LGBMClassifier was fitted with feature names
  warnings.warn(
C:\Users\yukik\fx-ai-trading\.venv\Lib\site-packages\sklearn\utils\validation.py:2691: UserWarning: X does not have valid feature names, but LGBMClassifier was fitted with feature names
  warnings.warn(
C:\Users\yukik\fx-ai-trading\.venv\Lib\site-packages\sklearn\utils\validation.py:2691: UserWarning: X does not have valid feature names, but LGBMClassifier was fitted with feature names
  warnings.warn(
C:\Users\yukik\fx-ai-trading\.venv\Lib\site-packages\sklearn\utils\validation.py:2691: UserWarning: X does not have valid feature names, but LGBMClassifier was fitted with feature names
  warnings.warn(
C:\Users\yukik\fx-ai-trading\.venv\Lib\site-packages\sklearn\utils\validation.py:2691: UserWarning: X does not have valid feature names, but LGBMClassifier was fitted with feature names
  warnings.warn(
C:\Users\yukik\fx-ai-trading\.venv\Lib\site-packages\sklearn\utils\validation.py:2691: UserWarning: X does not have valid feature names, but LGBMClassifier was fitted with feature names
  warnings.warn(
C:\Users\yukik\fx-ai-trading\.venv\Lib\site-packages\sklearn\utils\validation.py:2691: UserWarning: X does not have valid feature names, but LGBMClassifier was fitted with feature names
  warnings.warn(
C:\Users\yukik\fx-ai-trading\.venv\Lib\site-packages\sklearn\utils\validation.py:2691: UserWarning: X does not have valid feature names, but LGBMClassifier was fitted with feature names
  warnings.warn(
C:\Users\yukik\fx-ai-trading\.venv\Lib\site-packages\sklearn\utils\validation.py:2691: UserWarning: X does not have valid feature names, but LGBMClassifier was fitted with feature names
  warnings.warn(
C:\Users\yukik\fx-ai-trading\.venv\Lib\site-packages\sklearn\utils\validation.py:2691: UserWarning: X does not have valid feature names, but LGBMClassifier was fitted with feature names
  warnings.warn(
C:\Users\yukik\fx-ai-trading\.venv\Lib\site-packages\sklearn\utils\validation.py:2691: UserWarning: X does not have valid feature names, but LGBMClassifier was fitted with feature names
  warnings.warn(
C:\Users\yukik\fx-ai-trading\.venv\Lib\site-packages\sklearn\utils\validation.py:2691: UserWarning: X does not have valid feature names, but LGBMClassifier was fitted with feature names
  warnings.warn(
C:\Users\yukik\fx-ai-trading\.venv\Lib\site-packages\sklearn\utils\validation.py:2691: UserWarning: X does not have valid feature names, but LGBMClassifier was fitted with feature names
  warnings.warn(
    fold 8/17 done
C:\Users\yukik\fx-ai-trading\.venv\Lib\site-packages\sklearn\utils\validation.py:2691: UserWarning: X does not have valid feature names, but LGBMClassifier was fitted with feature names
  warnings.warn(
C:\Users\yukik\fx-ai-trading\.venv\Lib\site-packages\sklearn\utils\validation.py:2691: UserWarning: X does not have valid feature names, but LGBMClassifier was fitted with feature names
  warnings.warn(
C:\Users\yukik\fx-ai-trading\.venv\Lib\site-packages\sklearn\utils\validation.py:2691: UserWarning: X does not have valid feature names, but LGBMClassifier was fitted with feature names
  warnings.warn(
C:\Users\yukik\fx-ai-trading\.venv\Lib\site-packages\sklearn\utils\validation.py:2691: UserWarning: X does not have valid feature names, but LGBMClassifier was fitted with feature names
  warnings.warn(
C:\Users\yukik\fx-ai-trading\.venv\Lib\site-packages\sklearn\utils\validation.py:2691: UserWarning: X does not have valid feature names, but LGBMClassifier was fitted with feature names
  warnings.warn(
C:\Users\yukik\fx-ai-trading\.venv\Lib\site-packages\sklearn\utils\validation.py:2691: UserWarning: X does not have valid feature names, but LGBMClassifier was fitted with feature names
  warnings.warn(
C:\Users\yukik\fx-ai-trading\.venv\Lib\site-packages\sklearn\utils\validation.py:2691: UserWarning: X does not have valid feature names, but LGBMClassifier was fitted with feature names
  warnings.warn(
C:\Users\yukik\fx-ai-trading\.venv\Lib\site-packages\sklearn\utils\validation.py:2691: UserWarning: X does not have valid feature names, but LGBMClassifier was fitted with feature names
  warnings.warn(
C:\Users\yukik\fx-ai-trading\.venv\Lib\site-packages\sklearn\utils\validation.py:2691: UserWarning: X does not have valid feature names, but LGBMClassifier was fitted with feature names
  warnings.warn(
C:\Users\yukik\fx-ai-trading\.venv\Lib\site-packages\sklearn\utils\validation.py:2691: UserWarning: X does not have valid feature names, but LGBMClassifier was fitted with feature names
  warnings.warn(
C:\Users\yukik\fx-ai-trading\.venv\Lib\site-packages\sklearn\utils\validation.py:2691: UserWarning: X does not have valid feature names, but LGBMClassifier was fitted with feature names
  warnings.warn(
C:\Users\yukik\fx-ai-trading\.venv\Lib\site-packages\sklearn\utils\validation.py:2691: UserWarning: X does not have valid feature names, but LGBMClassifier was fitted with feature names
  warnings.warn(
C:\Users\yukik\fx-ai-trading\.venv\Lib\site-packages\sklearn\utils\validation.py:2691: UserWarning: X does not have valid feature names, but LGBMClassifier was fitted with feature names
  warnings.warn(
C:\Users\yukik\fx-ai-trading\.venv\Lib\site-packages\sklearn\utils\validation.py:2691: UserWarning: X does not have valid feature names, but LGBMClassifier was fitted with feature names
  warnings.warn(
C:\Users\yukik\fx-ai-trading\.venv\Lib\site-packages\sklearn\utils\validation.py:2691: UserWarning: X does not have valid feature names, but LGBMClassifier was fitted with feature names
  warnings.warn(
C:\Users\yukik\fx-ai-trading\.venv\Lib\site-packages\sklearn\utils\validation.py:2691: UserWarning: X does not have valid feature names, but LGBMClassifier was fitted with feature names
  warnings.warn(
C:\Users\yukik\fx-ai-trading\.venv\Lib\site-packages\sklearn\utils\validation.py:2691: UserWarning: X does not have valid feature names, but LGBMClassifier was fitted with feature names
  warnings.warn(
C:\Users\yukik\fx-ai-trading\.venv\Lib\site-packages\sklearn\utils\validation.py:2691: UserWarning: X does not have valid feature names, but LGBMClassifier was fitted with feature names
  warnings.warn(
C:\Users\yukik\fx-ai-trading\.venv\Lib\site-packages\sklearn\utils\validation.py:2691: UserWarning: X does not have valid feature names, but LGBMClassifier was fitted with feature names
  warnings.warn(
C:\Users\yukik\fx-ai-trading\.venv\Lib\site-packages\sklearn\utils\validation.py:2691: UserWarning: X does not have valid feature names, but LGBMClassifier was fitted with feature names
  warnings.warn(
    fold 9/17 done
C:\Users\yukik\fx-ai-trading\.venv\Lib\site-packages\sklearn\utils\validation.py:2691: UserWarning: X does not have valid feature names, but LGBMClassifier was fitted with feature names
  warnings.warn(
C:\Users\yukik\fx-ai-trading\.venv\Lib\site-packages\sklearn\utils\validation.py:2691: UserWarning: X does not have valid feature names, but LGBMClassifier was fitted with feature names
  warnings.warn(
C:\Users\yukik\fx-ai-trading\.venv\Lib\site-packages\sklearn\utils\validation.py:2691: UserWarning: X does not have valid feature names, but LGBMClassifier was fitted with feature names
  warnings.warn(
C:\Users\yukik\fx-ai-trading\.venv\Lib\site-packages\sklearn\utils\validation.py:2691: UserWarning: X does not have valid feature names, but LGBMClassifier was fitted with feature names
  warnings.warn(
C:\Users\yukik\fx-ai-trading\.venv\Lib\site-packages\sklearn\utils\validation.py:2691: UserWarning: X does not have valid feature names, but LGBMClassifier was fitted with feature names
  warnings.warn(
C:\Users\yukik\fx-ai-trading\.venv\Lib\site-packages\sklearn\utils\validation.py:2691: UserWarning: X does not have valid feature names, but LGBMClassifier was fitted with feature names
  warnings.warn(
C:\Users\yukik\fx-ai-trading\.venv\Lib\site-packages\sklearn\utils\validation.py:2691: UserWarning: X does not have valid feature names, but LGBMClassifier was fitted with feature names
  warnings.warn(
C:\Users\yukik\fx-ai-trading\.venv\Lib\site-packages\sklearn\utils\validation.py:2691: UserWarning: X does not have valid feature names, but LGBMClassifier was fitted with feature names
  warnings.warn(
C:\Users\yukik\fx-ai-trading\.venv\Lib\site-packages\sklearn\utils\validation.py:2691: UserWarning: X does not have valid feature names, but LGBMClassifier was fitted with feature names
  warnings.warn(
C:\Users\yukik\fx-ai-trading\.venv\Lib\site-packages\sklearn\utils\validation.py:2691: UserWarning: X does not have valid feature names, but LGBMClassifier was fitted with feature names
  warnings.warn(
C:\Users\yukik\fx-ai-trading\.venv\Lib\site-packages\sklearn\utils\validation.py:2691: UserWarning: X does not have valid feature names, but LGBMClassifier was fitted with feature names
  warnings.warn(
C:\Users\yukik\fx-ai-trading\.venv\Lib\site-packages\sklearn\utils\validation.py:2691: UserWarning: X does not have valid feature names, but LGBMClassifier was fitted with feature names
  warnings.warn(
C:\Users\yukik\fx-ai-trading\.venv\Lib\site-packages\sklearn\utils\validation.py:2691: UserWarning: X does not have valid feature names, but LGBMClassifier was fitted with feature names
  warnings.warn(
C:\Users\yukik\fx-ai-trading\.venv\Lib\site-packages\sklearn\utils\validation.py:2691: UserWarning: X does not have valid feature names, but LGBMClassifier was fitted with feature names
  warnings.warn(
C:\Users\yukik\fx-ai-trading\.venv\Lib\site-packages\sklearn\utils\validation.py:2691: UserWarning: X does not have valid feature names, but LGBMClassifier was fitted with feature names
  warnings.warn(
C:\Users\yukik\fx-ai-trading\.venv\Lib\site-packages\sklearn\utils\validation.py:2691: UserWarning: X does not have valid feature names, but LGBMClassifier was fitted with feature names
  warnings.warn(
C:\Users\yukik\fx-ai-trading\.venv\Lib\site-packages\sklearn\utils\validation.py:2691: UserWarning: X does not have valid feature names, but LGBMClassifier was fitted with feature names
  warnings.warn(
C:\Users\yukik\fx-ai-trading\.venv\Lib\site-packages\sklearn\utils\validation.py:2691: UserWarning: X does not have valid feature names, but LGBMClassifier was fitted with feature names
  warnings.warn(
C:\Users\yukik\fx-ai-trading\.venv\Lib\site-packages\sklearn\utils\validation.py:2691: UserWarning: X does not have valid feature names, but LGBMClassifier was fitted with feature names
  warnings.warn(
C:\Users\yukik\fx-ai-trading\.venv\Lib\site-packages\sklearn\utils\validation.py:2691: UserWarning: X does not have valid feature names, but LGBMClassifier was fitted with feature names
  warnings.warn(
    fold 10/17 done
C:\Users\yukik\fx-ai-trading\.venv\Lib\site-packages\sklearn\utils\validation.py:2691: UserWarning: X does not have valid feature names, but LGBMClassifier was fitted with feature names
  warnings.warn(
C:\Users\yukik\fx-ai-trading\.venv\Lib\site-packages\sklearn\utils\validation.py:2691: UserWarning: X does not have valid feature names, but LGBMClassifier was fitted with feature names
  warnings.warn(
C:\Users\yukik\fx-ai-trading\.venv\Lib\site-packages\sklearn\utils\validation.py:2691: UserWarning: X does not have valid feature names, but LGBMClassifier was fitted with feature names
  warnings.warn(
C:\Users\yukik\fx-ai-trading\.venv\Lib\site-packages\sklearn\utils\validation.py:2691: UserWarning: X does not have valid feature names, but LGBMClassifier was fitted with feature names
  warnings.warn(
C:\Users\yukik\fx-ai-trading\.venv\Lib\site-packages\sklearn\utils\validation.py:2691: UserWarning: X does not have valid feature names, but LGBMClassifier was fitted with feature names
  warnings.warn(
C:\Users\yukik\fx-ai-trading\.venv\Lib\site-packages\sklearn\utils\validation.py:2691: UserWarning: X does not have valid feature names, but LGBMClassifier was fitted with feature names
  warnings.warn(
C:\Users\yukik\fx-ai-trading\.venv\Lib\site-packages\sklearn\utils\validation.py:2691: UserWarning: X does not have valid feature names, but LGBMClassifier was fitted with feature names
  warnings.warn(
C:\Users\yukik\fx-ai-trading\.venv\Lib\site-packages\sklearn\utils\validation.py:2691: UserWarning: X does not have valid feature names, but LGBMClassifier was fitted with feature names
  warnings.warn(
C:\Users\yukik\fx-ai-trading\.venv\Lib\site-packages\sklearn\utils\validation.py:2691: UserWarning: X does not have valid feature names, but LGBMClassifier was fitted with feature names
  warnings.warn(
C:\Users\yukik\fx-ai-trading\.venv\Lib\site-packages\sklearn\utils\validation.py:2691: UserWarning: X does not have valid feature names, but LGBMClassifier was fitted with feature names
  warnings.warn(
C:\Users\yukik\fx-ai-trading\.venv\Lib\site-packages\sklearn\utils\validation.py:2691: UserWarning: X does not have valid feature names, but LGBMClassifier was fitted with feature names
  warnings.warn(
C:\Users\yukik\fx-ai-trading\.venv\Lib\site-packages\sklearn\utils\validation.py:2691: UserWarning: X does not have valid feature names, but LGBMClassifier was fitted with feature names
  warnings.warn(
C:\Users\yukik\fx-ai-trading\.venv\Lib\site-packages\sklearn\utils\validation.py:2691: UserWarning: X does not have valid feature names, but LGBMClassifier was fitted with feature names
  warnings.warn(
C:\Users\yukik\fx-ai-trading\.venv\Lib\site-packages\sklearn\utils\validation.py:2691: UserWarning: X does not have valid feature names, but LGBMClassifier was fitted with feature names
  warnings.warn(
C:\Users\yukik\fx-ai-trading\.venv\Lib\site-packages\sklearn\utils\validation.py:2691: UserWarning: X does not have valid feature names, but LGBMClassifier was fitted with feature names
  warnings.warn(
C:\Users\yukik\fx-ai-trading\.venv\Lib\site-packages\sklearn\utils\validation.py:2691: UserWarning: X does not have valid feature names, but LGBMClassifier was fitted with feature names
  warnings.warn(
C:\Users\yukik\fx-ai-trading\.venv\Lib\site-packages\sklearn\utils\validation.py:2691: UserWarning: X does not have valid feature names, but LGBMClassifier was fitted with feature names
  warnings.warn(
C:\Users\yukik\fx-ai-trading\.venv\Lib\site-packages\sklearn\utils\validation.py:2691: UserWarning: X does not have valid feature names, but LGBMClassifier was fitted with feature names
  warnings.warn(
C:\Users\yukik\fx-ai-trading\.venv\Lib\site-packages\sklearn\utils\validation.py:2691: UserWarning: X does not have valid feature names, but LGBMClassifier was fitted with feature names
  warnings.warn(
C:\Users\yukik\fx-ai-trading\.venv\Lib\site-packages\sklearn\utils\validation.py:2691: UserWarning: X does not have valid feature names, but LGBMClassifier was fitted with feature names
  warnings.warn(
    fold 11/17 done
C:\Users\yukik\fx-ai-trading\.venv\Lib\site-packages\sklearn\utils\validation.py:2691: UserWarning: X does not have valid feature names, but LGBMClassifier was fitted with feature names
  warnings.warn(
C:\Users\yukik\fx-ai-trading\.venv\Lib\site-packages\sklearn\utils\validation.py:2691: UserWarning: X does not have valid feature names, but LGBMClassifier was fitted with feature names
  warnings.warn(
C:\Users\yukik\fx-ai-trading\.venv\Lib\site-packages\sklearn\utils\validation.py:2691: UserWarning: X does not have valid feature names, but LGBMClassifier was fitted with feature names
  warnings.warn(
C:\Users\yukik\fx-ai-trading\.venv\Lib\site-packages\sklearn\utils\validation.py:2691: UserWarning: X does not have valid feature names, but LGBMClassifier was fitted with feature names
  warnings.warn(
C:\Users\yukik\fx-ai-trading\.venv\Lib\site-packages\sklearn\utils\validation.py:2691: UserWarning: X does not have valid feature names, but LGBMClassifier was fitted with feature names
  warnings.warn(
C:\Users\yukik\fx-ai-trading\.venv\Lib\site-packages\sklearn\utils\validation.py:2691: UserWarning: X does not have valid feature names, but LGBMClassifier was fitted with feature names
  warnings.warn(
C:\Users\yukik\fx-ai-trading\.venv\Lib\site-packages\sklearn\utils\validation.py:2691: UserWarning: X does not have valid feature names, but LGBMClassifier was fitted with feature names
  warnings.warn(
C:\Users\yukik\fx-ai-trading\.venv\Lib\site-packages\sklearn\utils\validation.py:2691: UserWarning: X does not have valid feature names, but LGBMClassifier was fitted with feature names
  warnings.warn(
C:\Users\yukik\fx-ai-trading\.venv\Lib\site-packages\sklearn\utils\validation.py:2691: UserWarning: X does not have valid feature names, but LGBMClassifier was fitted with feature names
  warnings.warn(
C:\Users\yukik\fx-ai-trading\.venv\Lib\site-packages\sklearn\utils\validation.py:2691: UserWarning: X does not have valid feature names, but LGBMClassifier was fitted with feature names
  warnings.warn(
C:\Users\yukik\fx-ai-trading\.venv\Lib\site-packages\sklearn\utils\validation.py:2691: UserWarning: X does not have valid feature names, but LGBMClassifier was fitted with feature names
  warnings.warn(
C:\Users\yukik\fx-ai-trading\.venv\Lib\site-packages\sklearn\utils\validation.py:2691: UserWarning: X does not have valid feature names, but LGBMClassifier was fitted with feature names
  warnings.warn(
C:\Users\yukik\fx-ai-trading\.venv\Lib\site-packages\sklearn\utils\validation.py:2691: UserWarning: X does not have valid feature names, but LGBMClassifier was fitted with feature names
  warnings.warn(
C:\Users\yukik\fx-ai-trading\.venv\Lib\site-packages\sklearn\utils\validation.py:2691: UserWarning: X does not have valid feature names, but LGBMClassifier was fitted with feature names
  warnings.warn(
C:\Users\yukik\fx-ai-trading\.venv\Lib\site-packages\sklearn\utils\validation.py:2691: UserWarning: X does not have valid feature names, but LGBMClassifier was fitted with feature names
  warnings.warn(
C:\Users\yukik\fx-ai-trading\.venv\Lib\site-packages\sklearn\utils\validation.py:2691: UserWarning: X does not have valid feature names, but LGBMClassifier was fitted with feature names
  warnings.warn(
C:\Users\yukik\fx-ai-trading\.venv\Lib\site-packages\sklearn\utils\validation.py:2691: UserWarning: X does not have valid feature names, but LGBMClassifier was fitted with feature names
  warnings.warn(
C:\Users\yukik\fx-ai-trading\.venv\Lib\site-packages\sklearn\utils\validation.py:2691: UserWarning: X does not have valid feature names, but LGBMClassifier was fitted with feature names
  warnings.warn(
C:\Users\yukik\fx-ai-trading\.venv\Lib\site-packages\sklearn\utils\validation.py:2691: UserWarning: X does not have valid feature names, but LGBMClassifier was fitted with feature names
  warnings.warn(
C:\Users\yukik\fx-ai-trading\.venv\Lib\site-packages\sklearn\utils\validation.py:2691: UserWarning: X does not have valid feature names, but LGBMClassifier was fitted with feature names
  warnings.warn(
    fold 12/17 done
C:\Users\yukik\fx-ai-trading\.venv\Lib\site-packages\sklearn\utils\validation.py:2691: UserWarning: X does not have valid feature names, but LGBMClassifier was fitted with feature names
  warnings.warn(
C:\Users\yukik\fx-ai-trading\.venv\Lib\site-packages\sklearn\utils\validation.py:2691: UserWarning: X does not have valid feature names, but LGBMClassifier was fitted with feature names
  warnings.warn(
C:\Users\yukik\fx-ai-trading\.venv\Lib\site-packages\sklearn\utils\validation.py:2691: UserWarning: X does not have valid feature names, but LGBMClassifier was fitted with feature names
  warnings.warn(
C:\Users\yukik\fx-ai-trading\.venv\Lib\site-packages\sklearn\utils\validation.py:2691: UserWarning: X does not have valid feature names, but LGBMClassifier was fitted with feature names
  warnings.warn(
C:\Users\yukik\fx-ai-trading\.venv\Lib\site-packages\sklearn\utils\validation.py:2691: UserWarning: X does not have valid feature names, but LGBMClassifier was fitted with feature names
  warnings.warn(
C:\Users\yukik\fx-ai-trading\.venv\Lib\site-packages\sklearn\utils\validation.py:2691: UserWarning: X does not have valid feature names, but LGBMClassifier was fitted with feature names
  warnings.warn(
C:\Users\yukik\fx-ai-trading\.venv\Lib\site-packages\sklearn\utils\validation.py:2691: UserWarning: X does not have valid feature names, but LGBMClassifier was fitted with feature names
  warnings.warn(
C:\Users\yukik\fx-ai-trading\.venv\Lib\site-packages\sklearn\utils\validation.py:2691: UserWarning: X does not have valid feature names, but LGBMClassifier was fitted with feature names
  warnings.warn(
C:\Users\yukik\fx-ai-trading\.venv\Lib\site-packages\sklearn\utils\validation.py:2691: UserWarning: X does not have valid feature names, but LGBMClassifier was fitted with feature names
  warnings.warn(
C:\Users\yukik\fx-ai-trading\.venv\Lib\site-packages\sklearn\utils\validation.py:2691: UserWarning: X does not have valid feature names, but LGBMClassifier was fitted with feature names
  warnings.warn(
C:\Users\yukik\fx-ai-trading\.venv\Lib\site-packages\sklearn\utils\validation.py:2691: UserWarning: X does not have valid feature names, but LGBMClassifier was fitted with feature names
  warnings.warn(
C:\Users\yukik\fx-ai-trading\.venv\Lib\site-packages\sklearn\utils\validation.py:2691: UserWarning: X does not have valid feature names, but LGBMClassifier was fitted with feature names
  warnings.warn(
C:\Users\yukik\fx-ai-trading\.venv\Lib\site-packages\sklearn\utils\validation.py:2691: UserWarning: X does not have valid feature names, but LGBMClassifier was fitted with feature names
  warnings.warn(
C:\Users\yukik\fx-ai-trading\.venv\Lib\site-packages\sklearn\utils\validation.py:2691: UserWarning: X does not have valid feature names, but LGBMClassifier was fitted with feature names
  warnings.warn(
C:\Users\yukik\fx-ai-trading\.venv\Lib\site-packages\sklearn\utils\validation.py:2691: UserWarning: X does not have valid feature names, but LGBMClassifier was fitted with feature names
  warnings.warn(
C:\Users\yukik\fx-ai-trading\.venv\Lib\site-packages\sklearn\utils\validation.py:2691: UserWarning: X does not have valid feature names, but LGBMClassifier was fitted with feature names
  warnings.warn(
C:\Users\yukik\fx-ai-trading\.venv\Lib\site-packages\sklearn\utils\validation.py:2691: UserWarning: X does not have valid feature names, but LGBMClassifier was fitted with feature names
  warnings.warn(
C:\Users\yukik\fx-ai-trading\.venv\Lib\site-packages\sklearn\utils\validation.py:2691: UserWarning: X does not have valid feature names, but LGBMClassifier was fitted with feature names
  warnings.warn(
C:\Users\yukik\fx-ai-trading\.venv\Lib\site-packages\sklearn\utils\validation.py:2691: UserWarning: X does not have valid feature names, but LGBMClassifier was fitted with feature names
  warnings.warn(
C:\Users\yukik\fx-ai-trading\.venv\Lib\site-packages\sklearn\utils\validation.py:2691: UserWarning: X does not have valid feature names, but LGBMClassifier was fitted with feature names
  warnings.warn(
    fold 13/17 done
C:\Users\yukik\fx-ai-trading\.venv\Lib\site-packages\sklearn\utils\validation.py:2691: UserWarning: X does not have valid feature names, but LGBMClassifier was fitted with feature names
  warnings.warn(
C:\Users\yukik\fx-ai-trading\.venv\Lib\site-packages\sklearn\utils\validation.py:2691: UserWarning: X does not have valid feature names, but LGBMClassifier was fitted with feature names
  warnings.warn(
C:\Users\yukik\fx-ai-trading\.venv\Lib\site-packages\sklearn\utils\validation.py:2691: UserWarning: X does not have valid feature names, but LGBMClassifier was fitted with feature names
  warnings.warn(
C:\Users\yukik\fx-ai-trading\.venv\Lib\site-packages\sklearn\utils\validation.py:2691: UserWarning: X does not have valid feature names, but LGBMClassifier was fitted with feature names
  warnings.warn(
C:\Users\yukik\fx-ai-trading\.venv\Lib\site-packages\sklearn\utils\validation.py:2691: UserWarning: X does not have valid feature names, but LGBMClassifier was fitted with feature names
  warnings.warn(
C:\Users\yukik\fx-ai-trading\.venv\Lib\site-packages\sklearn\utils\validation.py:2691: UserWarning: X does not have valid feature names, but LGBMClassifier was fitted with feature names
  warnings.warn(
C:\Users\yukik\fx-ai-trading\.venv\Lib\site-packages\sklearn\utils\validation.py:2691: UserWarning: X does not have valid feature names, but LGBMClassifier was fitted with feature names
  warnings.warn(
C:\Users\yukik\fx-ai-trading\.venv\Lib\site-packages\sklearn\utils\validation.py:2691: UserWarning: X does not have valid feature names, but LGBMClassifier was fitted with feature names
  warnings.warn(
C:\Users\yukik\fx-ai-trading\.venv\Lib\site-packages\sklearn\utils\validation.py:2691: UserWarning: X does not have valid feature names, but LGBMClassifier was fitted with feature names
  warnings.warn(
C:\Users\yukik\fx-ai-trading\.venv\Lib\site-packages\sklearn\utils\validation.py:2691: UserWarning: X does not have valid feature names, but LGBMClassifier was fitted with feature names
  warnings.warn(
C:\Users\yukik\fx-ai-trading\.venv\Lib\site-packages\sklearn\utils\validation.py:2691: UserWarning: X does not have valid feature names, but LGBMClassifier was fitted with feature names
  warnings.warn(
C:\Users\yukik\fx-ai-trading\.venv\Lib\site-packages\sklearn\utils\validation.py:2691: UserWarning: X does not have valid feature names, but LGBMClassifier was fitted with feature names
  warnings.warn(
C:\Users\yukik\fx-ai-trading\.venv\Lib\site-packages\sklearn\utils\validation.py:2691: UserWarning: X does not have valid feature names, but LGBMClassifier was fitted with feature names
  warnings.warn(
C:\Users\yukik\fx-ai-trading\.venv\Lib\site-packages\sklearn\utils\validation.py:2691: UserWarning: X does not have valid feature names, but LGBMClassifier was fitted with feature names
  warnings.warn(
C:\Users\yukik\fx-ai-trading\.venv\Lib\site-packages\sklearn\utils\validation.py:2691: UserWarning: X does not have valid feature names, but LGBMClassifier was fitted with feature names
  warnings.warn(
C:\Users\yukik\fx-ai-trading\.venv\Lib\site-packages\sklearn\utils\validation.py:2691: UserWarning: X does not have valid feature names, but LGBMClassifier was fitted with feature names
  warnings.warn(
C:\Users\yukik\fx-ai-trading\.venv\Lib\site-packages\sklearn\utils\validation.py:2691: UserWarning: X does not have valid feature names, but LGBMClassifier was fitted with feature names
  warnings.warn(
C:\Users\yukik\fx-ai-trading\.venv\Lib\site-packages\sklearn\utils\validation.py:2691: UserWarning: X does not have valid feature names, but LGBMClassifier was fitted with feature names
  warnings.warn(
C:\Users\yukik\fx-ai-trading\.venv\Lib\site-packages\sklearn\utils\validation.py:2691: UserWarning: X does not have valid feature names, but LGBMClassifier was fitted with feature names
  warnings.warn(
C:\Users\yukik\fx-ai-trading\.venv\Lib\site-packages\sklearn\utils\validation.py:2691: UserWarning: X does not have valid feature names, but LGBMClassifier was fitted with feature names
  warnings.warn(
    fold 14/17 done
C:\Users\yukik\fx-ai-trading\.venv\Lib\site-packages\sklearn\utils\validation.py:2691: UserWarning: X does not have valid feature names, but LGBMClassifier was fitted with feature names
  warnings.warn(
C:\Users\yukik\fx-ai-trading\.venv\Lib\site-packages\sklearn\utils\validation.py:2691: UserWarning: X does not have valid feature names, but LGBMClassifier was fitted with feature names
  warnings.warn(
C:\Users\yukik\fx-ai-trading\.venv\Lib\site-packages\sklearn\utils\validation.py:2691: UserWarning: X does not have valid feature names, but LGBMClassifier was fitted with feature names
  warnings.warn(
C:\Users\yukik\fx-ai-trading\.venv\Lib\site-packages\sklearn\utils\validation.py:2691: UserWarning: X does not have valid feature names, but LGBMClassifier was fitted with feature names
  warnings.warn(
C:\Users\yukik\fx-ai-trading\.venv\Lib\site-packages\sklearn\utils\validation.py:2691: UserWarning: X does not have valid feature names, but LGBMClassifier was fitted with feature names
  warnings.warn(
C:\Users\yukik\fx-ai-trading\.venv\Lib\site-packages\sklearn\utils\validation.py:2691: UserWarning: X does not have valid feature names, but LGBMClassifier was fitted with feature names
  warnings.warn(
C:\Users\yukik\fx-ai-trading\.venv\Lib\site-packages\sklearn\utils\validation.py:2691: UserWarning: X does not have valid feature names, but LGBMClassifier was fitted with feature names
  warnings.warn(
C:\Users\yukik\fx-ai-trading\.venv\Lib\site-packages\sklearn\utils\validation.py:2691: UserWarning: X does not have valid feature names, but LGBMClassifier was fitted with feature names
  warnings.warn(
C:\Users\yukik\fx-ai-trading\.venv\Lib\site-packages\sklearn\utils\validation.py:2691: UserWarning: X does not have valid feature names, but LGBMClassifier was fitted with feature names
  warnings.warn(
C:\Users\yukik\fx-ai-trading\.venv\Lib\site-packages\sklearn\utils\validation.py:2691: UserWarning: X does not have valid feature names, but LGBMClassifier was fitted with feature names
  warnings.warn(
C:\Users\yukik\fx-ai-trading\.venv\Lib\site-packages\sklearn\utils\validation.py:2691: UserWarning: X does not have valid feature names, but LGBMClassifier was fitted with feature names
  warnings.warn(
C:\Users\yukik\fx-ai-trading\.venv\Lib\site-packages\sklearn\utils\validation.py:2691: UserWarning: X does not have valid feature names, but LGBMClassifier was fitted with feature names
  warnings.warn(
C:\Users\yukik\fx-ai-trading\.venv\Lib\site-packages\sklearn\utils\validation.py:2691: UserWarning: X does not have valid feature names, but LGBMClassifier was fitted with feature names
  warnings.warn(
C:\Users\yukik\fx-ai-trading\.venv\Lib\site-packages\sklearn\utils\validation.py:2691: UserWarning: X does not have valid feature names, but LGBMClassifier was fitted with feature names
  warnings.warn(
C:\Users\yukik\fx-ai-trading\.venv\Lib\site-packages\sklearn\utils\validation.py:2691: UserWarning: X does not have valid feature names, but LGBMClassifier was fitted with feature names
  warnings.warn(
C:\Users\yukik\fx-ai-trading\.venv\Lib\site-packages\sklearn\utils\validation.py:2691: UserWarning: X does not have valid feature names, but LGBMClassifier was fitted with feature names
  warnings.warn(
C:\Users\yukik\fx-ai-trading\.venv\Lib\site-packages\sklearn\utils\validation.py:2691: UserWarning: X does not have valid feature names, but LGBMClassifier was fitted with feature names
  warnings.warn(
C:\Users\yukik\fx-ai-trading\.venv\Lib\site-packages\sklearn\utils\validation.py:2691: UserWarning: X does not have valid feature names, but LGBMClassifier was fitted with feature names
  warnings.warn(
C:\Users\yukik\fx-ai-trading\.venv\Lib\site-packages\sklearn\utils\validation.py:2691: UserWarning: X does not have valid feature names, but LGBMClassifier was fitted with feature names
  warnings.warn(
C:\Users\yukik\fx-ai-trading\.venv\Lib\site-packages\sklearn\utils\validation.py:2691: UserWarning: X does not have valid feature names, but LGBMClassifier was fitted with feature names
  warnings.warn(
    fold 15/17 done
C:\Users\yukik\fx-ai-trading\.venv\Lib\site-packages\sklearn\utils\validation.py:2691: UserWarning: X does not have valid feature names, but LGBMClassifier was fitted with feature names
  warnings.warn(
C:\Users\yukik\fx-ai-trading\.venv\Lib\site-packages\sklearn\utils\validation.py:2691: UserWarning: X does not have valid feature names, but LGBMClassifier was fitted with feature names
  warnings.warn(
C:\Users\yukik\fx-ai-trading\.venv\Lib\site-packages\sklearn\utils\validation.py:2691: UserWarning: X does not have valid feature names, but LGBMClassifier was fitted with feature names
  warnings.warn(
C:\Users\yukik\fx-ai-trading\.venv\Lib\site-packages\sklearn\utils\validation.py:2691: UserWarning: X does not have valid feature names, but LGBMClassifier was fitted with feature names
  warnings.warn(
C:\Users\yukik\fx-ai-trading\.venv\Lib\site-packages\sklearn\utils\validation.py:2691: UserWarning: X does not have valid feature names, but LGBMClassifier was fitted with feature names
  warnings.warn(
C:\Users\yukik\fx-ai-trading\.venv\Lib\site-packages\sklearn\utils\validation.py:2691: UserWarning: X does not have valid feature names, but LGBMClassifier was fitted with feature names
  warnings.warn(
C:\Users\yukik\fx-ai-trading\.venv\Lib\site-packages\sklearn\utils\validation.py:2691: UserWarning: X does not have valid feature names, but LGBMClassifier was fitted with feature names
  warnings.warn(
C:\Users\yukik\fx-ai-trading\.venv\Lib\site-packages\sklearn\utils\validation.py:2691: UserWarning: X does not have valid feature names, but LGBMClassifier was fitted with feature names
  warnings.warn(
C:\Users\yukik\fx-ai-trading\.venv\Lib\site-packages\sklearn\utils\validation.py:2691: UserWarning: X does not have valid feature names, but LGBMClassifier was fitted with feature names
  warnings.warn(
C:\Users\yukik\fx-ai-trading\.venv\Lib\site-packages\sklearn\utils\validation.py:2691: UserWarning: X does not have valid feature names, but LGBMClassifier was fitted with feature names
  warnings.warn(
C:\Users\yukik\fx-ai-trading\.venv\Lib\site-packages\sklearn\utils\validation.py:2691: UserWarning: X does not have valid feature names, but LGBMClassifier was fitted with feature names
  warnings.warn(
C:\Users\yukik\fx-ai-trading\.venv\Lib\site-packages\sklearn\utils\validation.py:2691: UserWarning: X does not have valid feature names, but LGBMClassifier was fitted with feature names
  warnings.warn(
C:\Users\yukik\fx-ai-trading\.venv\Lib\site-packages\sklearn\utils\validation.py:2691: UserWarning: X does not have valid feature names, but LGBMClassifier was fitted with feature names
  warnings.warn(
C:\Users\yukik\fx-ai-trading\.venv\Lib\site-packages\sklearn\utils\validation.py:2691: UserWarning: X does not have valid feature names, but LGBMClassifier was fitted with feature names
  warnings.warn(
C:\Users\yukik\fx-ai-trading\.venv\Lib\site-packages\sklearn\utils\validation.py:2691: UserWarning: X does not have valid feature names, but LGBMClassifier was fitted with feature names
  warnings.warn(
C:\Users\yukik\fx-ai-trading\.venv\Lib\site-packages\sklearn\utils\validation.py:2691: UserWarning: X does not have valid feature names, but LGBMClassifier was fitted with feature names
  warnings.warn(
C:\Users\yukik\fx-ai-trading\.venv\Lib\site-packages\sklearn\utils\validation.py:2691: UserWarning: X does not have valid feature names, but LGBMClassifier was fitted with feature names
  warnings.warn(
C:\Users\yukik\fx-ai-trading\.venv\Lib\site-packages\sklearn\utils\validation.py:2691: UserWarning: X does not have valid feature names, but LGBMClassifier was fitted with feature names
  warnings.warn(
C:\Users\yukik\fx-ai-trading\.venv\Lib\site-packages\sklearn\utils\validation.py:2691: UserWarning: X does not have valid feature names, but LGBMClassifier was fitted with feature names
  warnings.warn(
C:\Users\yukik\fx-ai-trading\.venv\Lib\site-packages\sklearn\utils\validation.py:2691: UserWarning: X does not have valid feature names, but LGBMClassifier was fitted with feature names
  warnings.warn(
    fold 16/17 done
C:\Users\yukik\fx-ai-trading\.venv\Lib\site-packages\sklearn\utils\validation.py:2691: UserWarning: X does not have valid feature names, but LGBMClassifier was fitted with feature names
  warnings.warn(
C:\Users\yukik\fx-ai-trading\.venv\Lib\site-packages\sklearn\utils\validation.py:2691: UserWarning: X does not have valid feature names, but LGBMClassifier was fitted with feature names
  warnings.warn(
C:\Users\yukik\fx-ai-trading\.venv\Lib\site-packages\sklearn\utils\validation.py:2691: UserWarning: X does not have valid feature names, but LGBMClassifier was fitted with feature names
  warnings.warn(
C:\Users\yukik\fx-ai-trading\.venv\Lib\site-packages\sklearn\utils\validation.py:2691: UserWarning: X does not have valid feature names, but LGBMClassifier was fitted with feature names
  warnings.warn(
C:\Users\yukik\fx-ai-trading\.venv\Lib\site-packages\sklearn\utils\validation.py:2691: UserWarning: X does not have valid feature names, but LGBMClassifier was fitted with feature names
  warnings.warn(
C:\Users\yukik\fx-ai-trading\.venv\Lib\site-packages\sklearn\utils\validation.py:2691: UserWarning: X does not have valid feature names, but LGBMClassifier was fitted with feature names
  warnings.warn(
C:\Users\yukik\fx-ai-trading\.venv\Lib\site-packages\sklearn\utils\validation.py:2691: UserWarning: X does not have valid feature names, but LGBMClassifier was fitted with feature names
  warnings.warn(
C:\Users\yukik\fx-ai-trading\.venv\Lib\site-packages\sklearn\utils\validation.py:2691: UserWarning: X does not have valid feature names, but LGBMClassifier was fitted with feature names
  warnings.warn(
C:\Users\yukik\fx-ai-trading\.venv\Lib\site-packages\sklearn\utils\validation.py:2691: UserWarning: X does not have valid feature names, but LGBMClassifier was fitted with feature names
  warnings.warn(
C:\Users\yukik\fx-ai-trading\.venv\Lib\site-packages\sklearn\utils\validation.py:2691: UserWarning: X does not have valid feature names, but LGBMClassifier was fitted with feature names
  warnings.warn(
C:\Users\yukik\fx-ai-trading\.venv\Lib\site-packages\sklearn\utils\validation.py:2691: UserWarning: X does not have valid feature names, but LGBMClassifier was fitted with feature names
  warnings.warn(
C:\Users\yukik\fx-ai-trading\.venv\Lib\site-packages\sklearn\utils\validation.py:2691: UserWarning: X does not have valid feature names, but LGBMClassifier was fitted with feature names
  warnings.warn(
C:\Users\yukik\fx-ai-trading\.venv\Lib\site-packages\sklearn\utils\validation.py:2691: UserWarning: X does not have valid feature names, but LGBMClassifier was fitted with feature names
  warnings.warn(
C:\Users\yukik\fx-ai-trading\.venv\Lib\site-packages\sklearn\utils\validation.py:2691: UserWarning: X does not have valid feature names, but LGBMClassifier was fitted with feature names
  warnings.warn(
C:\Users\yukik\fx-ai-trading\.venv\Lib\site-packages\sklearn\utils\validation.py:2691: UserWarning: X does not have valid feature names, but LGBMClassifier was fitted with feature names
  warnings.warn(
C:\Users\yukik\fx-ai-trading\.venv\Lib\site-packages\sklearn\utils\validation.py:2691: UserWarning: X does not have valid feature names, but LGBMClassifier was fitted with feature names
  warnings.warn(
C:\Users\yukik\fx-ai-trading\.venv\Lib\site-packages\sklearn\utils\validation.py:2691: UserWarning: X does not have valid feature names, but LGBMClassifier was fitted with feature names
  warnings.warn(
C:\Users\yukik\fx-ai-trading\.venv\Lib\site-packages\sklearn\utils\validation.py:2691: UserWarning: X does not have valid feature names, but LGBMClassifier was fitted with feature names
  warnings.warn(
C:\Users\yukik\fx-ai-trading\.venv\Lib\site-packages\sklearn\utils\validation.py:2691: UserWarning: X does not have valid feature names, but LGBMClassifier was fitted with feature names
  warnings.warn(
C:\Users\yukik\fx-ai-trading\.venv\Lib\site-packages\sklearn\utils\validation.py:2691: UserWarning: X does not have valid feature names, but LGBMClassifier was fitted with feature names
  warnings.warn(
    fold 17/17 done
  b_multi_tf          feat=56  Sharpe=-0.0467  hit= 39.0%  n=   218  PnL=   -202.7  (413s)


====================================================================================================
STAGE 0.8a SUMMARY
====================================================================================================
  Case                          Variant         Feat    Sharpe    Hit%        N         PnL
  --------------------------------------------------------------------------------------------
  M1_V2_Regime_full             a_ref             53   -0.0493    33.1%      121       -76.4
  M1_V2_Regime_full             b_multi_tf        59   -0.1838    30.6%      111      -268.2
  M1_chained_Regime_cont        a_ref             49   -0.0783    37.3%      225      -215.7
  M1_chained_Regime_cont        b_multi_tf        55   -0.0152    36.9%      217       -41.8
  M15_chained_CSI               a_ref             50   -0.0193    42.8%      208       -77.5
  M15_chained_CSI               b_multi_tf        56   -0.0467    39.0%      218      -202.7
====================================================================================================
