================================================================================
Stage 1.3 - Add time + lagged features
  Added: ['hour_sin', 'hour_cos', 'dow_sin', 'dow_cos', 'session_london', 'session_ny', 'ret_lag_1', 'ret_lag_5']
  Bases: ['M1_V2_Regime_full', 'M1_chained_Regime_cont', 'M15_chained_CSI']
================================================================================

################################################################################
# M1_V2_Regime_full
################################################################################
  loaded 20 pairs
  features+labels built (51.1s)

  >> a_ref (53 feat)
C:\Users\yukik\fx-ai-trading\.venv\Lib\site-packages\sklearn\utils\validation.py:2691: UserWarning: X does not have valid feature names, but LGBMClassifier was fitted with feature names
  warnings.warn(
C:\Users\yukik\fx-ai-trading\.venv\Lib\site-packages\sklearn\utils\validation.py:2691: UserWarning: X does not have valid feature names, but LGBMClassifier was fitted with feature names
  warnings.warn(
C:\Users\yukik\fx-ai-trading\.venv\Lib\site-packages\sklearn\utils\validation.py:2691: UserWarning: X does not have valid feature names, but LGBMClassifier was fitted with feature names
  warnings.warn(
C:\Users\yukik\fx-ai-trading\.venv\Lib\site-packages\sklearn\utils\validation.py:2691: UserWarning: X does not have valid feature names, but LGBMClassifier was fitted with feature names
  warnings.warn(
C:\Users\yukik\fx-ai-trading\.venv\Lib\site-packages\sklearn\utils\validation.py:2691: UserWarning: X does not have valid feature names, but LGBMClassifier was fitted with feature names
  warnings.warn(
C:\Users\yukik\fx-ai-trading\.venv\Lib\site-packages\sklearn\utils\validation.py:2691: UserWarning: X does not have valid feature names, but LGBMClassifier was fitted with feature names
  warnings.warn(
C:\Users\yukik\fx-ai-trading\.venv\Lib\site-packages\sklearn\utils\validation.py:2691: UserWarning: X does not have valid feature names, but LGBMClassifier was fitted with feature names
  warnings.warn(
C:\Users\yukik\fx-ai-trading\.venv\Lib\site-packages\sklearn\utils\validation.py:2691: UserWarning: X does not have valid feature names, but LGBMClassifier was fitted with feature names
  warnings.warn(
C:\Users\yukik\fx-ai-trading\.venv\Lib\site-packages\sklearn\utils\validation.py:2691: UserWarning: X does not have valid feature names, but LGBMClassifier was fitted with feature names
  warnings.warn(
C:\Users\yukik\fx-ai-trading\.venv\Lib\site-packages\sklearn\utils\validation.py:2691: UserWarning: X does not have valid feature names, but LGBMClassifier was fitted with feature names
  warnings.warn(
C:\Users\yukik\fx-ai-trading\.venv\Lib\site-packages\sklearn\utils\validation.py:2691: UserWarning: X does not have valid feature names, but LGBMClassifier was fitted with feature names
  warnings.warn(
C:\Users\yukik\fx-ai-trading\.venv\Lib\site-packages\sklearn\utils\validation.py:2691: UserWarning: X does not have valid feature names, but LGBMClassifier was fitted with feature names
  warnings.warn(
C:\Users\yukik\fx-ai-trading\.venv\Lib\site-packages\sklearn\utils\validation.py:2691: UserWarning: X does not have valid feature names, but LGBMClassifier was fitted with feature names
  warnings.warn(
C:\Users\yukik\fx-ai-trading\.venv\Lib\site-packages\sklearn\utils\validation.py:2691: UserWarning: X does not have valid feature names, but LGBMClassifier was fitted with feature names
  warnings.warn(
C:\Users\yukik\fx-ai-trading\.venv\Lib\site-packages\sklearn\utils\validation.py:2691: UserWarning: X does not have valid feature names, but LGBMClassifier was fitted with feature names
  warnings.warn(
C:\Users\yukik\fx-ai-trading\.venv\Lib\site-packages\sklearn\utils\validation.py:2691: UserWarning: X does not have valid feature names, but LGBMClassifier was fitted with feature names
  warnings.warn(
C:\Users\yukik\fx-ai-trading\.venv\Lib\site-packages\sklearn\utils\validation.py:2691: UserWarning: X does not have valid feature names, but LGBMClassifier was fitted with feature names
  warnings.warn(
C:\Users\yukik\fx-ai-trading\.venv\Lib\site-packages\sklearn\utils\validation.py:2691: UserWarning: X does not have valid feature names, but LGBMClassifier was fitted with feature names
  warnings.warn(
C:\Users\yukik\fx-ai-trading\.venv\Lib\site-packages\sklearn\utils\validation.py:2691: UserWarning: X does not have valid feature names, but LGBMClassifier was fitted with feature names
  warnings.warn(
C:\Users\yukik\fx-ai-trading\.venv\Lib\site-packages\sklearn\utils\validation.py:2691: UserWarning: X does not have valid feature names, but LGBMClassifier was fitted with feature names
  warnings.warn(
    fold 1/5 done
C:\Users\yukik\fx-ai-trading\.venv\Lib\site-packages\sklearn\utils\validation.py:2691: UserWarning: X does not have valid feature names, but LGBMClassifier was fitted with feature names
  warnings.warn(
C:\Users\yukik\fx-ai-trading\.venv\Lib\site-packages\sklearn\utils\validation.py:2691: UserWarning: X does not have valid feature names, but LGBMClassifier was fitted with feature names
  warnings.warn(
C:\Users\yukik\fx-ai-trading\.venv\Lib\site-packages\sklearn\utils\validation.py:2691: UserWarning: X does not have valid feature names, but LGBMClassifier was fitted with feature names
  warnings.warn(
C:\Users\yukik\fx-ai-trading\.venv\Lib\site-packages\sklearn\utils\validation.py:2691: UserWarning: X does not have valid feature names, but LGBMClassifier was fitted with feature names
  warnings.warn(
C:\Users\yukik\fx-ai-trading\.venv\Lib\site-packages\sklearn\utils\validation.py:2691: UserWarning: X does not have valid feature names, but LGBMClassifier was fitted with feature names
  warnings.warn(
C:\Users\yukik\fx-ai-trading\.venv\Lib\site-packages\sklearn\utils\validation.py:2691: UserWarning: X does not have valid feature names, but LGBMClassifier was fitted with feature names
  warnings.warn(
C:\Users\yukik\fx-ai-trading\.venv\Lib\site-packages\sklearn\utils\validation.py:2691: UserWarning: X does not have valid feature names, but LGBMClassifier was fitted with feature names
  warnings.warn(
C:\Users\yukik\fx-ai-trading\.venv\Lib\site-packages\sklearn\utils\validation.py:2691: UserWarning: X does not have valid feature names, but LGBMClassifier was fitted with feature names
  warnings.warn(
C:\Users\yukik\fx-ai-trading\.venv\Lib\site-packages\sklearn\utils\validation.py:2691: UserWarning: X does not have valid feature names, but LGBMClassifier was fitted with feature names
  warnings.warn(
C:\Users\yukik\fx-ai-trading\.venv\Lib\site-packages\sklearn\utils\validation.py:2691: UserWarning: X does not have valid feature names, but LGBMClassifier was fitted with feature names
  warnings.warn(
C:\Users\yukik\fx-ai-trading\.venv\Lib\site-packages\sklearn\utils\validation.py:2691: UserWarning: X does not have valid feature names, but LGBMClassifier was fitted with feature names
  warnings.warn(
C:\Users\yukik\fx-ai-trading\.venv\Lib\site-packages\sklearn\utils\validation.py:2691: UserWarning: X does not have valid feature names, but LGBMClassifier was fitted with feature names
  warnings.warn(
C:\Users\yukik\fx-ai-trading\.venv\Lib\site-packages\sklearn\utils\validation.py:2691: UserWarning: X does not have valid feature names, but LGBMClassifier was fitted with feature names
  warnings.warn(
C:\Users\yukik\fx-ai-trading\.venv\Lib\site-packages\sklearn\utils\validation.py:2691: UserWarning: X does not have valid feature names, but LGBMClassifier was fitted with feature names
  warnings.warn(
C:\Users\yukik\fx-ai-trading\.venv\Lib\site-packages\sklearn\utils\validation.py:2691: UserWarning: X does not have valid feature names, but LGBMClassifier was fitted with feature names
  warnings.warn(
C:\Users\yukik\fx-ai-trading\.venv\Lib\site-packages\sklearn\utils\validation.py:2691: UserWarning: X does not have valid feature names, but LGBMClassifier was fitted with feature names
  warnings.warn(
C:\Users\yukik\fx-ai-trading\.venv\Lib\site-packages\sklearn\utils\validation.py:2691: UserWarning: X does not have valid feature names, but LGBMClassifier was fitted with feature names
  warnings.warn(
C:\Users\yukik\fx-ai-trading\.venv\Lib\site-packages\sklearn\utils\validation.py:2691: UserWarning: X does not have valid feature names, but LGBMClassifier was fitted with feature names
  warnings.warn(
C:\Users\yukik\fx-ai-trading\.venv\Lib\site-packages\sklearn\utils\validation.py:2691: UserWarning: X does not have valid feature names, but LGBMClassifier was fitted with feature names
  warnings.warn(
C:\Users\yukik\fx-ai-trading\.venv\Lib\site-packages\sklearn\utils\validation.py:2691: UserWarning: X does not have valid feature names, but LGBMClassifier was fitted with feature names
  warnings.warn(
    fold 2/5 done
C:\Users\yukik\fx-ai-trading\.venv\Lib\site-packages\sklearn\utils\validation.py:2691: UserWarning: X does not have valid feature names, but LGBMClassifier was fitted with feature names
  warnings.warn(
C:\Users\yukik\fx-ai-trading\.venv\Lib\site-packages\sklearn\utils\validation.py:2691: UserWarning: X does not have valid feature names, but LGBMClassifier was fitted with feature names
  warnings.warn(
C:\Users\yukik\fx-ai-trading\.venv\Lib\site-packages\sklearn\utils\validation.py:2691: UserWarning: X does not have valid feature names, but LGBMClassifier was fitted with feature names
  warnings.warn(
C:\Users\yukik\fx-ai-trading\.venv\Lib\site-packages\sklearn\utils\validation.py:2691: UserWarning: X does not have valid feature names, but LGBMClassifier was fitted with feature names
  warnings.warn(
C:\Users\yukik\fx-ai-trading\.venv\Lib\site-packages\sklearn\utils\validation.py:2691: UserWarning: X does not have valid feature names, but LGBMClassifier was fitted with feature names
  warnings.warn(
C:\Users\yukik\fx-ai-trading\.venv\Lib\site-packages\sklearn\utils\validation.py:2691: UserWarning: X does not have valid feature names, but LGBMClassifier was fitted with feature names
  warnings.warn(
C:\Users\yukik\fx-ai-trading\.venv\Lib\site-packages\sklearn\utils\validation.py:2691: UserWarning: X does not have valid feature names, but LGBMClassifier was fitted with feature names
  warnings.warn(
C:\Users\yukik\fx-ai-trading\.venv\Lib\site-packages\sklearn\utils\validation.py:2691: UserWarning: X does not have valid feature names, but LGBMClassifier was fitted with feature names
  warnings.warn(
C:\Users\yukik\fx-ai-trading\.venv\Lib\site-packages\sklearn\utils\validation.py:2691: UserWarning: X does not have valid feature names, but LGBMClassifier was fitted with feature names
  warnings.warn(
C:\Users\yukik\fx-ai-trading\.venv\Lib\site-packages\sklearn\utils\validation.py:2691: UserWarning: X does not have valid feature names, but LGBMClassifier was fitted with feature names
  warnings.warn(
C:\Users\yukik\fx-ai-trading\.venv\Lib\site-packages\sklearn\utils\validation.py:2691: UserWarning: X does not have valid feature names, but LGBMClassifier was fitted with feature names
  warnings.warn(
C:\Users\yukik\fx-ai-trading\.venv\Lib\site-packages\sklearn\utils\validation.py:2691: UserWarning: X does not have valid feature names, but LGBMClassifier was fitted with feature names
  warnings.warn(
C:\Users\yukik\fx-ai-trading\.venv\Lib\site-packages\sklearn\utils\validation.py:2691: UserWarning: X does not have valid feature names, but LGBMClassifier was fitted with feature names
  warnings.warn(
C:\Users\yukik\fx-ai-trading\.venv\Lib\site-packages\sklearn\utils\validation.py:2691: UserWarning: X does not have valid feature names, but LGBMClassifier was fitted with feature names
  warnings.warn(
C:\Users\yukik\fx-ai-trading\.venv\Lib\site-packages\sklearn\utils\validation.py:2691: UserWarning: X does not have valid feature names, but LGBMClassifier was fitted with feature names
  warnings.warn(
C:\Users\yukik\fx-ai-trading\.venv\Lib\site-packages\sklearn\utils\validation.py:2691: UserWarning: X does not have valid feature names, but LGBMClassifier was fitted with feature names
  warnings.warn(
C:\Users\yukik\fx-ai-trading\.venv\Lib\site-packages\sklearn\utils\validation.py:2691: UserWarning: X does not have valid feature names, but LGBMClassifier was fitted with feature names
  warnings.warn(
C:\Users\yukik\fx-ai-trading\.venv\Lib\site-packages\sklearn\utils\validation.py:2691: UserWarning: X does not have valid feature names, but LGBMClassifier was fitted with feature names
  warnings.warn(
C:\Users\yukik\fx-ai-trading\.venv\Lib\site-packages\sklearn\utils\validation.py:2691: UserWarning: X does not have valid feature names, but LGBMClassifier was fitted with feature names
  warnings.warn(
C:\Users\yukik\fx-ai-trading\.venv\Lib\site-packages\sklearn\utils\validation.py:2691: UserWarning: X does not have valid feature names, but LGBMClassifier was fitted with feature names
  warnings.warn(
    fold 3/5 done
C:\Users\yukik\fx-ai-trading\.venv\Lib\site-packages\sklearn\utils\validation.py:2691: UserWarning: X does not have valid feature names, but LGBMClassifier was fitted with feature names
  warnings.warn(
C:\Users\yukik\fx-ai-trading\.venv\Lib\site-packages\sklearn\utils\validation.py:2691: UserWarning: X does not have valid feature names, but LGBMClassifier was fitted with feature names
  warnings.warn(
C:\Users\yukik\fx-ai-trading\.venv\Lib\site-packages\sklearn\utils\validation.py:2691: UserWarning: X does not have valid feature names, but LGBMClassifier was fitted with feature names
  warnings.warn(
C:\Users\yukik\fx-ai-trading\.venv\Lib\site-packages\sklearn\utils\validation.py:2691: UserWarning: X does not have valid feature names, but LGBMClassifier was fitted with feature names
  warnings.warn(
C:\Users\yukik\fx-ai-trading\.venv\Lib\site-packages\sklearn\utils\validation.py:2691: UserWarning: X does not have valid feature names, but LGBMClassifier was fitted with feature names
  warnings.warn(
C:\Users\yukik\fx-ai-trading\.venv\Lib\site-packages\sklearn\utils\validation.py:2691: UserWarning: X does not have valid feature names, but LGBMClassifier was fitted with feature names
  warnings.warn(
C:\Users\yukik\fx-ai-trading\.venv\Lib\site-packages\sklearn\utils\validation.py:2691: UserWarning: X does not have valid feature names, but LGBMClassifier was fitted with feature names
  warnings.warn(
C:\Users\yukik\fx-ai-trading\.venv\Lib\site-packages\sklearn\utils\validation.py:2691: UserWarning: X does not have valid feature names, but LGBMClassifier was fitted with feature names
  warnings.warn(
C:\Users\yukik\fx-ai-trading\.venv\Lib\site-packages\sklearn\utils\validation.py:2691: UserWarning: X does not have valid feature names, but LGBMClassifier was fitted with feature names
  warnings.warn(
C:\Users\yukik\fx-ai-trading\.venv\Lib\site-packages\sklearn\utils\validation.py:2691: UserWarning: X does not have valid feature names, but LGBMClassifier was fitted with feature names
  warnings.warn(
C:\Users\yukik\fx-ai-trading\.venv\Lib\site-packages\sklearn\utils\validation.py:2691: UserWarning: X does not have valid feature names, but LGBMClassifier was fitted with feature names
  warnings.warn(
C:\Users\yukik\fx-ai-trading\.venv\Lib\site-packages\sklearn\utils\validation.py:2691: UserWarning: X does not have valid feature names, but LGBMClassifier was fitted with feature names
  warnings.warn(
C:\Users\yukik\fx-ai-trading\.venv\Lib\site-packages\sklearn\utils\validation.py:2691: UserWarning: X does not have valid feature names, but LGBMClassifier was fitted with feature names
  warnings.warn(
C:\Users\yukik\fx-ai-trading\.venv\Lib\site-packages\sklearn\utils\validation.py:2691: UserWarning: X does not have valid feature names, but LGBMClassifier was fitted with feature names
  warnings.warn(
C:\Users\yukik\fx-ai-trading\.venv\Lib\site-packages\sklearn\utils\validation.py:2691: UserWarning: X does not have valid feature names, but LGBMClassifier was fitted with feature names
  warnings.warn(
C:\Users\yukik\fx-ai-trading\.venv\Lib\site-packages\sklearn\utils\validation.py:2691: UserWarning: X does not have valid feature names, but LGBMClassifier was fitted with feature names
  warnings.warn(
C:\Users\yukik\fx-ai-trading\.venv\Lib\site-packages\sklearn\utils\validation.py:2691: UserWarning: X does not have valid feature names, but LGBMClassifier was fitted with feature names
  warnings.warn(
C:\Users\yukik\fx-ai-trading\.venv\Lib\site-packages\sklearn\utils\validation.py:2691: UserWarning: X does not have valid feature names, but LGBMClassifier was fitted with feature names
  warnings.warn(
C:\Users\yukik\fx-ai-trading\.venv\Lib\site-packages\sklearn\utils\validation.py:2691: UserWarning: X does not have valid feature names, but LGBMClassifier was fitted with feature names
  warnings.warn(
C:\Users\yukik\fx-ai-trading\.venv\Lib\site-packages\sklearn\utils\validation.py:2691: UserWarning: X does not have valid feature names, but LGBMClassifier was fitted with feature names
  warnings.warn(
    fold 4/5 done
C:\Users\yukik\fx-ai-trading\.venv\Lib\site-packages\sklearn\utils\validation.py:2691: UserWarning: X does not have valid feature names, but LGBMClassifier was fitted with feature names
  warnings.warn(
C:\Users\yukik\fx-ai-trading\.venv\Lib\site-packages\sklearn\utils\validation.py:2691: UserWarning: X does not have valid feature names, but LGBMClassifier was fitted with feature names
  warnings.warn(
C:\Users\yukik\fx-ai-trading\.venv\Lib\site-packages\sklearn\utils\validation.py:2691: UserWarning: X does not have valid feature names, but LGBMClassifier was fitted with feature names
  warnings.warn(
C:\Users\yukik\fx-ai-trading\.venv\Lib\site-packages\sklearn\utils\validation.py:2691: UserWarning: X does not have valid feature names, but LGBMClassifier was fitted with feature names
  warnings.warn(
C:\Users\yukik\fx-ai-trading\.venv\Lib\site-packages\sklearn\utils\validation.py:2691: UserWarning: X does not have valid feature names, but LGBMClassifier was fitted with feature names
  warnings.warn(
C:\Users\yukik\fx-ai-trading\.venv\Lib\site-packages\sklearn\utils\validation.py:2691: UserWarning: X does not have valid feature names, but LGBMClassifier was fitted with feature names
  warnings.warn(
C:\Users\yukik\fx-ai-trading\.venv\Lib\site-packages\sklearn\utils\validation.py:2691: UserWarning: X does not have valid feature names, but LGBMClassifier was fitted with feature names
  warnings.warn(
C:\Users\yukik\fx-ai-trading\.venv\Lib\site-packages\sklearn\utils\validation.py:2691: UserWarning: X does not have valid feature names, but LGBMClassifier was fitted with feature names
  warnings.warn(
C:\Users\yukik\fx-ai-trading\.venv\Lib\site-packages\sklearn\utils\validation.py:2691: UserWarning: X does not have valid feature names, but LGBMClassifier was fitted with feature names
  warnings.warn(
C:\Users\yukik\fx-ai-trading\.venv\Lib\site-packages\sklearn\utils\validation.py:2691: UserWarning: X does not have valid feature names, but LGBMClassifier was fitted with feature names
  warnings.warn(
C:\Users\yukik\fx-ai-trading\.venv\Lib\site-packages\sklearn\utils\validation.py:2691: UserWarning: X does not have valid feature names, but LGBMClassifier was fitted with feature names
  warnings.warn(
C:\Users\yukik\fx-ai-trading\.venv\Lib\site-packages\sklearn\utils\validation.py:2691: UserWarning: X does not have valid feature names, but LGBMClassifier was fitted with feature names
  warnings.warn(
C:\Users\yukik\fx-ai-trading\.venv\Lib\site-packages\sklearn\utils\validation.py:2691: UserWarning: X does not have valid feature names, but LGBMClassifier was fitted with feature names
  warnings.warn(
C:\Users\yukik\fx-ai-trading\.venv\Lib\site-packages\sklearn\utils\validation.py:2691: UserWarning: X does not have valid feature names, but LGBMClassifier was fitted with feature names
  warnings.warn(
C:\Users\yukik\fx-ai-trading\.venv\Lib\site-packages\sklearn\utils\validation.py:2691: UserWarning: X does not have valid feature names, but LGBMClassifier was fitted with feature names
  warnings.warn(
C:\Users\yukik\fx-ai-trading\.venv\Lib\site-packages\sklearn\utils\validation.py:2691: UserWarning: X does not have valid feature names, but LGBMClassifier was fitted with feature names
  warnings.warn(
C:\Users\yukik\fx-ai-trading\.venv\Lib\site-packages\sklearn\utils\validation.py:2691: UserWarning: X does not have valid feature names, but LGBMClassifier was fitted with feature names
  warnings.warn(
C:\Users\yukik\fx-ai-trading\.venv\Lib\site-packages\sklearn\utils\validation.py:2691: UserWarning: X does not have valid feature names, but LGBMClassifier was fitted with feature names
  warnings.warn(
C:\Users\yukik\fx-ai-trading\.venv\Lib\site-packages\sklearn\utils\validation.py:2691: UserWarning: X does not have valid feature names, but LGBMClassifier was fitted with feature names
  warnings.warn(
C:\Users\yukik\fx-ai-trading\.venv\Lib\site-packages\sklearn\utils\validation.py:2691: UserWarning: X does not have valid feature names, but LGBMClassifier was fitted with feature names
  warnings.warn(
    fold 5/5 done
  a_ref           feat=53  Sharpe=-0.0493  hit= 33.1%  n=   121  PnL=    -76.4  (165s)

  >> b_with_time_lagged (61 feat, +8)
C:\Users\yukik\fx-ai-trading\.venv\Lib\site-packages\sklearn\utils\validation.py:2691: UserWarning: X does not have valid feature names, but LGBMClassifier was fitted with feature names
  warnings.warn(
C:\Users\yukik\fx-ai-trading\.venv\Lib\site-packages\sklearn\utils\validation.py:2691: UserWarning: X does not have valid feature names, but LGBMClassifier was fitted with feature names
  warnings.warn(
C:\Users\yukik\fx-ai-trading\.venv\Lib\site-packages\sklearn\utils\validation.py:2691: UserWarning: X does not have valid feature names, but LGBMClassifier was fitted with feature names
  warnings.warn(
C:\Users\yukik\fx-ai-trading\.venv\Lib\site-packages\sklearn\utils\validation.py:2691: UserWarning: X does not have valid feature names, but LGBMClassifier was fitted with feature names
  warnings.warn(
C:\Users\yukik\fx-ai-trading\.venv\Lib\site-packages\sklearn\utils\validation.py:2691: UserWarning: X does not have valid feature names, but LGBMClassifier was fitted with feature names
  warnings.warn(
C:\Users\yukik\fx-ai-trading\.venv\Lib\site-packages\sklearn\utils\validation.py:2691: UserWarning: X does not have valid feature names, but LGBMClassifier was fitted with feature names
  warnings.warn(
C:\Users\yukik\fx-ai-trading\.venv\Lib\site-packages\sklearn\utils\validation.py:2691: UserWarning: X does not have valid feature names, but LGBMClassifier was fitted with feature names
  warnings.warn(
C:\Users\yukik\fx-ai-trading\.venv\Lib\site-packages\sklearn\utils\validation.py:2691: UserWarning: X does not have valid feature names, but LGBMClassifier was fitted with feature names
  warnings.warn(
C:\Users\yukik\fx-ai-trading\.venv\Lib\site-packages\sklearn\utils\validation.py:2691: UserWarning: X does not have valid feature names, but LGBMClassifier was fitted with feature names
  warnings.warn(
C:\Users\yukik\fx-ai-trading\.venv\Lib\site-packages\sklearn\utils\validation.py:2691: UserWarning: X does not have valid feature names, but LGBMClassifier was fitted with feature names
  warnings.warn(
C:\Users\yukik\fx-ai-trading\.venv\Lib\site-packages\sklearn\utils\validation.py:2691: UserWarning: X does not have valid feature names, but LGBMClassifier was fitted with feature names
  warnings.warn(
C:\Users\yukik\fx-ai-trading\.venv\Lib\site-packages\sklearn\utils\validation.py:2691: UserWarning: X does not have valid feature names, but LGBMClassifier was fitted with feature names
  warnings.warn(
C:\Users\yukik\fx-ai-trading\.venv\Lib\site-packages\sklearn\utils\validation.py:2691: UserWarning: X does not have valid feature names, but LGBMClassifier was fitted with feature names
  warnings.warn(
C:\Users\yukik\fx-ai-trading\.venv\Lib\site-packages\sklearn\utils\validation.py:2691: UserWarning: X does not have valid feature names, but LGBMClassifier was fitted with feature names
  warnings.warn(
C:\Users\yukik\fx-ai-trading\.venv\Lib\site-packages\sklearn\utils\validation.py:2691: UserWarning: X does not have valid feature names, but LGBMClassifier was fitted with feature names
  warnings.warn(
C:\Users\yukik\fx-ai-trading\.venv\Lib\site-packages\sklearn\utils\validation.py:2691: UserWarning: X does not have valid feature names, but LGBMClassifier was fitted with feature names
  warnings.warn(
C:\Users\yukik\fx-ai-trading\.venv\Lib\site-packages\sklearn\utils\validation.py:2691: UserWarning: X does not have valid feature names, but LGBMClassifier was fitted with feature names
  warnings.warn(
C:\Users\yukik\fx-ai-trading\.venv\Lib\site-packages\sklearn\utils\validation.py:2691: UserWarning: X does not have valid feature names, but LGBMClassifier was fitted with feature names
  warnings.warn(
C:\Users\yukik\fx-ai-trading\.venv\Lib\site-packages\sklearn\utils\validation.py:2691: UserWarning: X does not have valid feature names, but LGBMClassifier was fitted with feature names
  warnings.warn(
C:\Users\yukik\fx-ai-trading\.venv\Lib\site-packages\sklearn\utils\validation.py:2691: UserWarning: X does not have valid feature names, but LGBMClassifier was fitted with feature names
  warnings.warn(
    fold 1/5 done
C:\Users\yukik\fx-ai-trading\.venv\Lib\site-packages\sklearn\utils\validation.py:2691: UserWarning: X does not have valid feature names, but LGBMClassifier was fitted with feature names
  warnings.warn(
C:\Users\yukik\fx-ai-trading\.venv\Lib\site-packages\sklearn\utils\validation.py:2691: UserWarning: X does not have valid feature names, but LGBMClassifier was fitted with feature names
  warnings.warn(
C:\Users\yukik\fx-ai-trading\.venv\Lib\site-packages\sklearn\utils\validation.py:2691: UserWarning: X does not have valid feature names, but LGBMClassifier was fitted with feature names
  warnings.warn(
C:\Users\yukik\fx-ai-trading\.venv\Lib\site-packages\sklearn\utils\validation.py:2691: UserWarning: X does not have valid feature names, but LGBMClassifier was fitted with feature names
  warnings.warn(
C:\Users\yukik\fx-ai-trading\.venv\Lib\site-packages\sklearn\utils\validation.py:2691: UserWarning: X does not have valid feature names, but LGBMClassifier was fitted with feature names
  warnings.warn(
C:\Users\yukik\fx-ai-trading\.venv\Lib\site-packages\sklearn\utils\validation.py:2691: UserWarning: X does not have valid feature names, but LGBMClassifier was fitted with feature names
  warnings.warn(
C:\Users\yukik\fx-ai-trading\.venv\Lib\site-packages\sklearn\utils\validation.py:2691: UserWarning: X does not have valid feature names, but LGBMClassifier was fitted with feature names
  warnings.warn(
C:\Users\yukik\fx-ai-trading\.venv\Lib\site-packages\sklearn\utils\validation.py:2691: UserWarning: X does not have valid feature names, but LGBMClassifier was fitted with feature names
  warnings.warn(
C:\Users\yukik\fx-ai-trading\.venv\Lib\site-packages\sklearn\utils\validation.py:2691: UserWarning: X does not have valid feature names, but LGBMClassifier was fitted with feature names
  warnings.warn(
C:\Users\yukik\fx-ai-trading\.venv\Lib\site-packages\sklearn\utils\validation.py:2691: UserWarning: X does not have valid feature names, but LGBMClassifier was fitted with feature names
  warnings.warn(
C:\Users\yukik\fx-ai-trading\.venv\Lib\site-packages\sklearn\utils\validation.py:2691: UserWarning: X does not have valid feature names, but LGBMClassifier was fitted with feature names
  warnings.warn(
C:\Users\yukik\fx-ai-trading\.venv\Lib\site-packages\sklearn\utils\validation.py:2691: UserWarning: X does not have valid feature names, but LGBMClassifier was fitted with feature names
  warnings.warn(
C:\Users\yukik\fx-ai-trading\.venv\Lib\site-packages\sklearn\utils\validation.py:2691: UserWarning: X does not have valid feature names, but LGBMClassifier was fitted with feature names
  warnings.warn(
C:\Users\yukik\fx-ai-trading\.venv\Lib\site-packages\sklearn\utils\validation.py:2691: UserWarning: X does not have valid feature names, but LGBMClassifier was fitted with feature names
  warnings.warn(
C:\Users\yukik\fx-ai-trading\.venv\Lib\site-packages\sklearn\utils\validation.py:2691: UserWarning: X does not have valid feature names, but LGBMClassifier was fitted with feature names
  warnings.warn(
C:\Users\yukik\fx-ai-trading\.venv\Lib\site-packages\sklearn\utils\validation.py:2691: UserWarning: X does not have valid feature names, but LGBMClassifier was fitted with feature names
  warnings.warn(
C:\Users\yukik\fx-ai-trading\.venv\Lib\site-packages\sklearn\utils\validation.py:2691: UserWarning: X does not have valid feature names, but LGBMClassifier was fitted with feature names
  warnings.warn(
C:\Users\yukik\fx-ai-trading\.venv\Lib\site-packages\sklearn\utils\validation.py:2691: UserWarning: X does not have valid feature names, but LGBMClassifier was fitted with feature names
  warnings.warn(
C:\Users\yukik\fx-ai-trading\.venv\Lib\site-packages\sklearn\utils\validation.py:2691: UserWarning: X does not have valid feature names, but LGBMClassifier was fitted with feature names
  warnings.warn(
C:\Users\yukik\fx-ai-trading\.venv\Lib\site-packages\sklearn\utils\validation.py:2691: UserWarning: X does not have valid feature names, but LGBMClassifier was fitted with feature names
  warnings.warn(
    fold 2/5 done
C:\Users\yukik\fx-ai-trading\.venv\Lib\site-packages\sklearn\utils\validation.py:2691: UserWarning: X does not have valid feature names, but LGBMClassifier was fitted with feature names
  warnings.warn(
C:\Users\yukik\fx-ai-trading\.venv\Lib\site-packages\sklearn\utils\validation.py:2691: UserWarning: X does not have valid feature names, but LGBMClassifier was fitted with feature names
  warnings.warn(
C:\Users\yukik\fx-ai-trading\.venv\Lib\site-packages\sklearn\utils\validation.py:2691: UserWarning: X does not have valid feature names, but LGBMClassifier was fitted with feature names
  warnings.warn(
C:\Users\yukik\fx-ai-trading\.venv\Lib\site-packages\sklearn\utils\validation.py:2691: UserWarning: X does not have valid feature names, but LGBMClassifier was fitted with feature names
  warnings.warn(
C:\Users\yukik\fx-ai-trading\.venv\Lib\site-packages\sklearn\utils\validation.py:2691: UserWarning: X does not have valid feature names, but LGBMClassifier was fitted with feature names
  warnings.warn(
C:\Users\yukik\fx-ai-trading\.venv\Lib\site-packages\sklearn\utils\validation.py:2691: UserWarning: X does not have valid feature names, but LGBMClassifier was fitted with feature names
  warnings.warn(
C:\Users\yukik\fx-ai-trading\.venv\Lib\site-packages\sklearn\utils\validation.py:2691: UserWarning: X does not have valid feature names, but LGBMClassifier was fitted with feature names
  warnings.warn(
C:\Users\yukik\fx-ai-trading\.venv\Lib\site-packages\sklearn\utils\validation.py:2691: UserWarning: X does not have valid feature names, but LGBMClassifier was fitted with feature names
  warnings.warn(
C:\Users\yukik\fx-ai-trading\.venv\Lib\site-packages\sklearn\utils\validation.py:2691: UserWarning: X does not have valid feature names, but LGBMClassifier was fitted with feature names
  warnings.warn(
C:\Users\yukik\fx-ai-trading\.venv\Lib\site-packages\sklearn\utils\validation.py:2691: UserWarning: X does not have valid feature names, but LGBMClassifier was fitted with feature names
  warnings.warn(
C:\Users\yukik\fx-ai-trading\.venv\Lib\site-packages\sklearn\utils\validation.py:2691: UserWarning: X does not have valid feature names, but LGBMClassifier was fitted with feature names
  warnings.warn(
C:\Users\yukik\fx-ai-trading\.venv\Lib\site-packages\sklearn\utils\validation.py:2691: UserWarning: X does not have valid feature names, but LGBMClassifier was fitted with feature names
  warnings.warn(
C:\Users\yukik\fx-ai-trading\.venv\Lib\site-packages\sklearn\utils\validation.py:2691: UserWarning: X does not have valid feature names, but LGBMClassifier was fitted with feature names
  warnings.warn(
C:\Users\yukik\fx-ai-trading\.venv\Lib\site-packages\sklearn\utils\validation.py:2691: UserWarning: X does not have valid feature names, but LGBMClassifier was fitted with feature names
  warnings.warn(
C:\Users\yukik\fx-ai-trading\.venv\Lib\site-packages\sklearn\utils\validation.py:2691: UserWarning: X does not have valid feature names, but LGBMClassifier was fitted with feature names
  warnings.warn(
C:\Users\yukik\fx-ai-trading\.venv\Lib\site-packages\sklearn\utils\validation.py:2691: UserWarning: X does not have valid feature names, but LGBMClassifier was fitted with feature names
  warnings.warn(
C:\Users\yukik\fx-ai-trading\.venv\Lib\site-packages\sklearn\utils\validation.py:2691: UserWarning: X does not have valid feature names, but LGBMClassifier was fitted with feature names
  warnings.warn(
C:\Users\yukik\fx-ai-trading\.venv\Lib\site-packages\sklearn\utils\validation.py:2691: UserWarning: X does not have valid feature names, but LGBMClassifier was fitted with feature names
  warnings.warn(
C:\Users\yukik\fx-ai-trading\.venv\Lib\site-packages\sklearn\utils\validation.py:2691: UserWarning: X does not have valid feature names, but LGBMClassifier was fitted with feature names
  warnings.warn(
C:\Users\yukik\fx-ai-trading\.venv\Lib\site-packages\sklearn\utils\validation.py:2691: UserWarning: X does not have valid feature names, but LGBMClassifier was fitted with feature names
  warnings.warn(
    fold 3/5 done
C:\Users\yukik\fx-ai-trading\.venv\Lib\site-packages\sklearn\utils\validation.py:2691: UserWarning: X does not have valid feature names, but LGBMClassifier was fitted with feature names
  warnings.warn(
C:\Users\yukik\fx-ai-trading\.venv\Lib\site-packages\sklearn\utils\validation.py:2691: UserWarning: X does not have valid feature names, but LGBMClassifier was fitted with feature names
  warnings.warn(
C:\Users\yukik\fx-ai-trading\.venv\Lib\site-packages\sklearn\utils\validation.py:2691: UserWarning: X does not have valid feature names, but LGBMClassifier was fitted with feature names
  warnings.warn(
C:\Users\yukik\fx-ai-trading\.venv\Lib\site-packages\sklearn\utils\validation.py:2691: UserWarning: X does not have valid feature names, but LGBMClassifier was fitted with feature names
  warnings.warn(
C:\Users\yukik\fx-ai-trading\.venv\Lib\site-packages\sklearn\utils\validation.py:2691: UserWarning: X does not have valid feature names, but LGBMClassifier was fitted with feature names
  warnings.warn(
C:\Users\yukik\fx-ai-trading\.venv\Lib\site-packages\sklearn\utils\validation.py:2691: UserWarning: X does not have valid feature names, but LGBMClassifier was fitted with feature names
  warnings.warn(
C:\Users\yukik\fx-ai-trading\.venv\Lib\site-packages\sklearn\utils\validation.py:2691: UserWarning: X does not have valid feature names, but LGBMClassifier was fitted with feature names
  warnings.warn(
C:\Users\yukik\fx-ai-trading\.venv\Lib\site-packages\sklearn\utils\validation.py:2691: UserWarning: X does not have valid feature names, but LGBMClassifier was fitted with feature names
  warnings.warn(
C:\Users\yukik\fx-ai-trading\.venv\Lib\site-packages\sklearn\utils\validation.py:2691: UserWarning: X does not have valid feature names, but LGBMClassifier was fitted with feature names
  warnings.warn(
C:\Users\yukik\fx-ai-trading\.venv\Lib\site-packages\sklearn\utils\validation.py:2691: UserWarning: X does not have valid feature names, but LGBMClassifier was fitted with feature names
  warnings.warn(
C:\Users\yukik\fx-ai-trading\.venv\Lib\site-packages\sklearn\utils\validation.py:2691: UserWarning: X does not have valid feature names, but LGBMClassifier was fitted with feature names
  warnings.warn(
C:\Users\yukik\fx-ai-trading\.venv\Lib\site-packages\sklearn\utils\validation.py:2691: UserWarning: X does not have valid feature names, but LGBMClassifier was fitted with feature names
  warnings.warn(
C:\Users\yukik\fx-ai-trading\.venv\Lib\site-packages\sklearn\utils\validation.py:2691: UserWarning: X does not have valid feature names, but LGBMClassifier was fitted with feature names
  warnings.warn(
C:\Users\yukik\fx-ai-trading\.venv\Lib\site-packages\sklearn\utils\validation.py:2691: UserWarning: X does not have valid feature names, but LGBMClassifier was fitted with feature names
  warnings.warn(
C:\Users\yukik\fx-ai-trading\.venv\Lib\site-packages\sklearn\utils\validation.py:2691: UserWarning: X does not have valid feature names, but LGBMClassifier was fitted with feature names
  warnings.warn(
C:\Users\yukik\fx-ai-trading\.venv\Lib\site-packages\sklearn\utils\validation.py:2691: UserWarning: X does not have valid feature names, but LGBMClassifier was fitted with feature names
  warnings.warn(
C:\Users\yukik\fx-ai-trading\.venv\Lib\site-packages\sklearn\utils\validation.py:2691: UserWarning: X does not have valid feature names, but LGBMClassifier was fitted with feature names
  warnings.warn(
C:\Users\yukik\fx-ai-trading\.venv\Lib\site-packages\sklearn\utils\validation.py:2691: UserWarning: X does not have valid feature names, but LGBMClassifier was fitted with feature names
  warnings.warn(
C:\Users\yukik\fx-ai-trading\.venv\Lib\site-packages\sklearn\utils\validation.py:2691: UserWarning: X does not have valid feature names, but LGBMClassifier was fitted with feature names
  warnings.warn(
C:\Users\yukik\fx-ai-trading\.venv\Lib\site-packages\sklearn\utils\validation.py:2691: UserWarning: X does not have valid feature names, but LGBMClassifier was fitted with feature names
  warnings.warn(
    fold 4/5 done
C:\Users\yukik\fx-ai-trading\.venv\Lib\site-packages\sklearn\utils\validation.py:2691: UserWarning: X does not have valid feature names, but LGBMClassifier was fitted with feature names
  warnings.warn(
C:\Users\yukik\fx-ai-trading\.venv\Lib\site-packages\sklearn\utils\validation.py:2691: UserWarning: X does not have valid feature names, but LGBMClassifier was fitted with feature names
  warnings.warn(
C:\Users\yukik\fx-ai-trading\.venv\Lib\site-packages\sklearn\utils\validation.py:2691: UserWarning: X does not have valid feature names, but LGBMClassifier was fitted with feature names
  warnings.warn(
C:\Users\yukik\fx-ai-trading\.venv\Lib\site-packages\sklearn\utils\validation.py:2691: UserWarning: X does not have valid feature names, but LGBMClassifier was fitted with feature names
  warnings.warn(
C:\Users\yukik\fx-ai-trading\.venv\Lib\site-packages\sklearn\utils\validation.py:2691: UserWarning: X does not have valid feature names, but LGBMClassifier was fitted with feature names
  warnings.warn(
C:\Users\yukik\fx-ai-trading\.venv\Lib\site-packages\sklearn\utils\validation.py:2691: UserWarning: X does not have valid feature names, but LGBMClassifier was fitted with feature names
  warnings.warn(
C:\Users\yukik\fx-ai-trading\.venv\Lib\site-packages\sklearn\utils\validation.py:2691: UserWarning: X does not have valid feature names, but LGBMClassifier was fitted with feature names
  warnings.warn(
C:\Users\yukik\fx-ai-trading\.venv\Lib\site-packages\sklearn\utils\validation.py:2691: UserWarning: X does not have valid feature names, but LGBMClassifier was fitted with feature names
  warnings.warn(
C:\Users\yukik\fx-ai-trading\.venv\Lib\site-packages\sklearn\utils\validation.py:2691: UserWarning: X does not have valid feature names, but LGBMClassifier was fitted with feature names
  warnings.warn(
C:\Users\yukik\fx-ai-trading\.venv\Lib\site-packages\sklearn\utils\validation.py:2691: UserWarning: X does not have valid feature names, but LGBMClassifier was fitted with feature names
  warnings.warn(
C:\Users\yukik\fx-ai-trading\.venv\Lib\site-packages\sklearn\utils\validation.py:2691: UserWarning: X does not have valid feature names, but LGBMClassifier was fitted with feature names
  warnings.warn(
C:\Users\yukik\fx-ai-trading\.venv\Lib\site-packages\sklearn\utils\validation.py:2691: UserWarning: X does not have valid feature names, but LGBMClassifier was fitted with feature names
  warnings.warn(
C:\Users\yukik\fx-ai-trading\.venv\Lib\site-packages\sklearn\utils\validation.py:2691: UserWarning: X does not have valid feature names, but LGBMClassifier was fitted with feature names
  warnings.warn(
C:\Users\yukik\fx-ai-trading\.venv\Lib\site-packages\sklearn\utils\validation.py:2691: UserWarning: X does not have valid feature names, but LGBMClassifier was fitted with feature names
  warnings.warn(
C:\Users\yukik\fx-ai-trading\.venv\Lib\site-packages\sklearn\utils\validation.py:2691: UserWarning: X does not have valid feature names, but LGBMClassifier was fitted with feature names
  warnings.warn(
C:\Users\yukik\fx-ai-trading\.venv\Lib\site-packages\sklearn\utils\validation.py:2691: UserWarning: X does not have valid feature names, but LGBMClassifier was fitted with feature names
  warnings.warn(
C:\Users\yukik\fx-ai-trading\.venv\Lib\site-packages\sklearn\utils\validation.py:2691: UserWarning: X does not have valid feature names, but LGBMClassifier was fitted with feature names
  warnings.warn(
C:\Users\yukik\fx-ai-trading\.venv\Lib\site-packages\sklearn\utils\validation.py:2691: UserWarning: X does not have valid feature names, but LGBMClassifier was fitted with feature names
  warnings.warn(
C:\Users\yukik\fx-ai-trading\.venv\Lib\site-packages\sklearn\utils\validation.py:2691: UserWarning: X does not have valid feature names, but LGBMClassifier was fitted with feature names
  warnings.warn(
C:\Users\yukik\fx-ai-trading\.venv\Lib\site-packages\sklearn\utils\validation.py:2691: UserWarning: X does not have valid feature names, but LGBMClassifier was fitted with feature names
  warnings.warn(
    fold 5/5 done
  b_with_time_lagged  feat=61  Sharpe=-0.1782  hit= 31.4%  n=   118  PnL=   -285.0  (178s)

################################################################################
# M1_chained_Regime_cont
################################################################################
  loaded 20 pairs
  features+labels built (54.3s)

  >> a_ref (49 feat)
C:\Users\yukik\fx-ai-trading\.venv\Lib\site-packages\sklearn\utils\validation.py:2691: UserWarning: X does not have valid feature names, but LGBMClassifier was fitted with feature names
  warnings.warn(
C:\Users\yukik\fx-ai-trading\.venv\Lib\site-packages\sklearn\utils\validation.py:2691: UserWarning: X does not have valid feature names, but LGBMClassifier was fitted with feature names
  warnings.warn(
C:\Users\yukik\fx-ai-trading\.venv\Lib\site-packages\sklearn\utils\validation.py:2691: UserWarning: X does not have valid feature names, but LGBMClassifier was fitted with feature names
  warnings.warn(
C:\Users\yukik\fx-ai-trading\.venv\Lib\site-packages\sklearn\utils\validation.py:2691: UserWarning: X does not have valid feature names, but LGBMClassifier was fitted with feature names
  warnings.warn(
C:\Users\yukik\fx-ai-trading\.venv\Lib\site-packages\sklearn\utils\validation.py:2691: UserWarning: X does not have valid feature names, but LGBMClassifier was fitted with feature names
  warnings.warn(
C:\Users\yukik\fx-ai-trading\.venv\Lib\site-packages\sklearn\utils\validation.py:2691: UserWarning: X does not have valid feature names, but LGBMClassifier was fitted with feature names
  warnings.warn(
C:\Users\yukik\fx-ai-trading\.venv\Lib\site-packages\sklearn\utils\validation.py:2691: UserWarning: X does not have valid feature names, but LGBMClassifier was fitted with feature names
  warnings.warn(
C:\Users\yukik\fx-ai-trading\.venv\Lib\site-packages\sklearn\utils\validation.py:2691: UserWarning: X does not have valid feature names, but LGBMClassifier was fitted with feature names
  warnings.warn(
C:\Users\yukik\fx-ai-trading\.venv\Lib\site-packages\sklearn\utils\validation.py:2691: UserWarning: X does not have valid feature names, but LGBMClassifier was fitted with feature names
  warnings.warn(
C:\Users\yukik\fx-ai-trading\.venv\Lib\site-packages\sklearn\utils\validation.py:2691: UserWarning: X does not have valid feature names, but LGBMClassifier was fitted with feature names
  warnings.warn(
C:\Users\yukik\fx-ai-trading\.venv\Lib\site-packages\sklearn\utils\validation.py:2691: UserWarning: X does not have valid feature names, but LGBMClassifier was fitted with feature names
  warnings.warn(
C:\Users\yukik\fx-ai-trading\.venv\Lib\site-packages\sklearn\utils\validation.py:2691: UserWarning: X does not have valid feature names, but LGBMClassifier was fitted with feature names
  warnings.warn(
C:\Users\yukik\fx-ai-trading\.venv\Lib\site-packages\sklearn\utils\validation.py:2691: UserWarning: X does not have valid feature names, but LGBMClassifier was fitted with feature names
  warnings.warn(
C:\Users\yukik\fx-ai-trading\.venv\Lib\site-packages\sklearn\utils\validation.py:2691: UserWarning: X does not have valid feature names, but LGBMClassifier was fitted with feature names
  warnings.warn(
C:\Users\yukik\fx-ai-trading\.venv\Lib\site-packages\sklearn\utils\validation.py:2691: UserWarning: X does not have valid feature names, but LGBMClassifier was fitted with feature names
  warnings.warn(
C:\Users\yukik\fx-ai-trading\.venv\Lib\site-packages\sklearn\utils\validation.py:2691: UserWarning: X does not have valid feature names, but LGBMClassifier was fitted with feature names
  warnings.warn(
C:\Users\yukik\fx-ai-trading\.venv\Lib\site-packages\sklearn\utils\validation.py:2691: UserWarning: X does not have valid feature names, but LGBMClassifier was fitted with feature names
  warnings.warn(
C:\Users\yukik\fx-ai-trading\.venv\Lib\site-packages\sklearn\utils\validation.py:2691: UserWarning: X does not have valid feature names, but LGBMClassifier was fitted with feature names
  warnings.warn(
C:\Users\yukik\fx-ai-trading\.venv\Lib\site-packages\sklearn\utils\validation.py:2691: UserWarning: X does not have valid feature names, but LGBMClassifier was fitted with feature names
  warnings.warn(
C:\Users\yukik\fx-ai-trading\.venv\Lib\site-packages\sklearn\utils\validation.py:2691: UserWarning: X does not have valid feature names, but LGBMClassifier was fitted with feature names
  warnings.warn(
    fold 1/5 done
C:\Users\yukik\fx-ai-trading\.venv\Lib\site-packages\sklearn\utils\validation.py:2691: UserWarning: X does not have valid feature names, but LGBMClassifier was fitted with feature names
  warnings.warn(
C:\Users\yukik\fx-ai-trading\.venv\Lib\site-packages\sklearn\utils\validation.py:2691: UserWarning: X does not have valid feature names, but LGBMClassifier was fitted with feature names
  warnings.warn(
C:\Users\yukik\fx-ai-trading\.venv\Lib\site-packages\sklearn\utils\validation.py:2691: UserWarning: X does not have valid feature names, but LGBMClassifier was fitted with feature names
  warnings.warn(
C:\Users\yukik\fx-ai-trading\.venv\Lib\site-packages\sklearn\utils\validation.py:2691: UserWarning: X does not have valid feature names, but LGBMClassifier was fitted with feature names
  warnings.warn(
C:\Users\yukik\fx-ai-trading\.venv\Lib\site-packages\sklearn\utils\validation.py:2691: UserWarning: X does not have valid feature names, but LGBMClassifier was fitted with feature names
  warnings.warn(
C:\Users\yukik\fx-ai-trading\.venv\Lib\site-packages\sklearn\utils\validation.py:2691: UserWarning: X does not have valid feature names, but LGBMClassifier was fitted with feature names
  warnings.warn(
C:\Users\yukik\fx-ai-trading\.venv\Lib\site-packages\sklearn\utils\validation.py:2691: UserWarning: X does not have valid feature names, but LGBMClassifier was fitted with feature names
  warnings.warn(
C:\Users\yukik\fx-ai-trading\.venv\Lib\site-packages\sklearn\utils\validation.py:2691: UserWarning: X does not have valid feature names, but LGBMClassifier was fitted with feature names
  warnings.warn(
C:\Users\yukik\fx-ai-trading\.venv\Lib\site-packages\sklearn\utils\validation.py:2691: UserWarning: X does not have valid feature names, but LGBMClassifier was fitted with feature names
  warnings.warn(
C:\Users\yukik\fx-ai-trading\.venv\Lib\site-packages\sklearn\utils\validation.py:2691: UserWarning: X does not have valid feature names, but LGBMClassifier was fitted with feature names
  warnings.warn(
C:\Users\yukik\fx-ai-trading\.venv\Lib\site-packages\sklearn\utils\validation.py:2691: UserWarning: X does not have valid feature names, but LGBMClassifier was fitted with feature names
  warnings.warn(
C:\Users\yukik\fx-ai-trading\.venv\Lib\site-packages\sklearn\utils\validation.py:2691: UserWarning: X does not have valid feature names, but LGBMClassifier was fitted with feature names
  warnings.warn(
C:\Users\yukik\fx-ai-trading\.venv\Lib\site-packages\sklearn\utils\validation.py:2691: UserWarning: X does not have valid feature names, but LGBMClassifier was fitted with feature names
  warnings.warn(
C:\Users\yukik\fx-ai-trading\.venv\Lib\site-packages\sklearn\utils\validation.py:2691: UserWarning: X does not have valid feature names, but LGBMClassifier was fitted with feature names
  warnings.warn(
C:\Users\yukik\fx-ai-trading\.venv\Lib\site-packages\sklearn\utils\validation.py:2691: UserWarning: X does not have valid feature names, but LGBMClassifier was fitted with feature names
  warnings.warn(
C:\Users\yukik\fx-ai-trading\.venv\Lib\site-packages\sklearn\utils\validation.py:2691: UserWarning: X does not have valid feature names, but LGBMClassifier was fitted with feature names
  warnings.warn(
C:\Users\yukik\fx-ai-trading\.venv\Lib\site-packages\sklearn\utils\validation.py:2691: UserWarning: X does not have valid feature names, but LGBMClassifier was fitted with feature names
  warnings.warn(
C:\Users\yukik\fx-ai-trading\.venv\Lib\site-packages\sklearn\utils\validation.py:2691: UserWarning: X does not have valid feature names, but LGBMClassifier was fitted with feature names
  warnings.warn(
C:\Users\yukik\fx-ai-trading\.venv\Lib\site-packages\sklearn\utils\validation.py:2691: UserWarning: X does not have valid feature names, but LGBMClassifier was fitted with feature names
  warnings.warn(
C:\Users\yukik\fx-ai-trading\.venv\Lib\site-packages\sklearn\utils\validation.py:2691: UserWarning: X does not have valid feature names, but LGBMClassifier was fitted with feature names
  warnings.warn(
    fold 2/5 done
C:\Users\yukik\fx-ai-trading\.venv\Lib\site-packages\sklearn\utils\validation.py:2691: UserWarning: X does not have valid feature names, but LGBMClassifier was fitted with feature names
  warnings.warn(
C:\Users\yukik\fx-ai-trading\.venv\Lib\site-packages\sklearn\utils\validation.py:2691: UserWarning: X does not have valid feature names, but LGBMClassifier was fitted with feature names
  warnings.warn(
C:\Users\yukik\fx-ai-trading\.venv\Lib\site-packages\sklearn\utils\validation.py:2691: UserWarning: X does not have valid feature names, but LGBMClassifier was fitted with feature names
  warnings.warn(
C:\Users\yukik\fx-ai-trading\.venv\Lib\site-packages\sklearn\utils\validation.py:2691: UserWarning: X does not have valid feature names, but LGBMClassifier was fitted with feature names
  warnings.warn(
C:\Users\yukik\fx-ai-trading\.venv\Lib\site-packages\sklearn\utils\validation.py:2691: UserWarning: X does not have valid feature names, but LGBMClassifier was fitted with feature names
  warnings.warn(
C:\Users\yukik\fx-ai-trading\.venv\Lib\site-packages\sklearn\utils\validation.py:2691: UserWarning: X does not have valid feature names, but LGBMClassifier was fitted with feature names
  warnings.warn(
C:\Users\yukik\fx-ai-trading\.venv\Lib\site-packages\sklearn\utils\validation.py:2691: UserWarning: X does not have valid feature names, but LGBMClassifier was fitted with feature names
  warnings.warn(
C:\Users\yukik\fx-ai-trading\.venv\Lib\site-packages\sklearn\utils\validation.py:2691: UserWarning: X does not have valid feature names, but LGBMClassifier was fitted with feature names
  warnings.warn(
C:\Users\yukik\fx-ai-trading\.venv\Lib\site-packages\sklearn\utils\validation.py:2691: UserWarning: X does not have valid feature names, but LGBMClassifier was fitted with feature names
  warnings.warn(
C:\Users\yukik\fx-ai-trading\.venv\Lib\site-packages\sklearn\utils\validation.py:2691: UserWarning: X does not have valid feature names, but LGBMClassifier was fitted with feature names
  warnings.warn(
C:\Users\yukik\fx-ai-trading\.venv\Lib\site-packages\sklearn\utils\validation.py:2691: UserWarning: X does not have valid feature names, but LGBMClassifier was fitted with feature names
  warnings.warn(
C:\Users\yukik\fx-ai-trading\.venv\Lib\site-packages\sklearn\utils\validation.py:2691: UserWarning: X does not have valid feature names, but LGBMClassifier was fitted with feature names
  warnings.warn(
C:\Users\yukik\fx-ai-trading\.venv\Lib\site-packages\sklearn\utils\validation.py:2691: UserWarning: X does not have valid feature names, but LGBMClassifier was fitted with feature names
  warnings.warn(
C:\Users\yukik\fx-ai-trading\.venv\Lib\site-packages\sklearn\utils\validation.py:2691: UserWarning: X does not have valid feature names, but LGBMClassifier was fitted with feature names
  warnings.warn(
C:\Users\yukik\fx-ai-trading\.venv\Lib\site-packages\sklearn\utils\validation.py:2691: UserWarning: X does not have valid feature names, but LGBMClassifier was fitted with feature names
  warnings.warn(
C:\Users\yukik\fx-ai-trading\.venv\Lib\site-packages\sklearn\utils\validation.py:2691: UserWarning: X does not have valid feature names, but LGBMClassifier was fitted with feature names
  warnings.warn(
C:\Users\yukik\fx-ai-trading\.venv\Lib\site-packages\sklearn\utils\validation.py:2691: UserWarning: X does not have valid feature names, but LGBMClassifier was fitted with feature names
  warnings.warn(
C:\Users\yukik\fx-ai-trading\.venv\Lib\site-packages\sklearn\utils\validation.py:2691: UserWarning: X does not have valid feature names, but LGBMClassifier was fitted with feature names
  warnings.warn(
C:\Users\yukik\fx-ai-trading\.venv\Lib\site-packages\sklearn\utils\validation.py:2691: UserWarning: X does not have valid feature names, but LGBMClassifier was fitted with feature names
  warnings.warn(
C:\Users\yukik\fx-ai-trading\.venv\Lib\site-packages\sklearn\utils\validation.py:2691: UserWarning: X does not have valid feature names, but LGBMClassifier was fitted with feature names
  warnings.warn(
    fold 3/5 done
C:\Users\yukik\fx-ai-trading\.venv\Lib\site-packages\sklearn\utils\validation.py:2691: UserWarning: X does not have valid feature names, but LGBMClassifier was fitted with feature names
  warnings.warn(
C:\Users\yukik\fx-ai-trading\.venv\Lib\site-packages\sklearn\utils\validation.py:2691: UserWarning: X does not have valid feature names, but LGBMClassifier was fitted with feature names
  warnings.warn(
C:\Users\yukik\fx-ai-trading\.venv\Lib\site-packages\sklearn\utils\validation.py:2691: UserWarning: X does not have valid feature names, but LGBMClassifier was fitted with feature names
  warnings.warn(
C:\Users\yukik\fx-ai-trading\.venv\Lib\site-packages\sklearn\utils\validation.py:2691: UserWarning: X does not have valid feature names, but LGBMClassifier was fitted with feature names
  warnings.warn(
C:\Users\yukik\fx-ai-trading\.venv\Lib\site-packages\sklearn\utils\validation.py:2691: UserWarning: X does not have valid feature names, but LGBMClassifier was fitted with feature names
  warnings.warn(
C:\Users\yukik\fx-ai-trading\.venv\Lib\site-packages\sklearn\utils\validation.py:2691: UserWarning: X does not have valid feature names, but LGBMClassifier was fitted with feature names
  warnings.warn(
C:\Users\yukik\fx-ai-trading\.venv\Lib\site-packages\sklearn\utils\validation.py:2691: UserWarning: X does not have valid feature names, but LGBMClassifier was fitted with feature names
  warnings.warn(
C:\Users\yukik\fx-ai-trading\.venv\Lib\site-packages\sklearn\utils\validation.py:2691: UserWarning: X does not have valid feature names, but LGBMClassifier was fitted with feature names
  warnings.warn(
C:\Users\yukik\fx-ai-trading\.venv\Lib\site-packages\sklearn\utils\validation.py:2691: UserWarning: X does not have valid feature names, but LGBMClassifier was fitted with feature names
  warnings.warn(
C:\Users\yukik\fx-ai-trading\.venv\Lib\site-packages\sklearn\utils\validation.py:2691: UserWarning: X does not have valid feature names, but LGBMClassifier was fitted with feature names
  warnings.warn(
C:\Users\yukik\fx-ai-trading\.venv\Lib\site-packages\sklearn\utils\validation.py:2691: UserWarning: X does not have valid feature names, but LGBMClassifier was fitted with feature names
  warnings.warn(
C:\Users\yukik\fx-ai-trading\.venv\Lib\site-packages\sklearn\utils\validation.py:2691: UserWarning: X does not have valid feature names, but LGBMClassifier was fitted with feature names
  warnings.warn(
C:\Users\yukik\fx-ai-trading\.venv\Lib\site-packages\sklearn\utils\validation.py:2691: UserWarning: X does not have valid feature names, but LGBMClassifier was fitted with feature names
  warnings.warn(
C:\Users\yukik\fx-ai-trading\.venv\Lib\site-packages\sklearn\utils\validation.py:2691: UserWarning: X does not have valid feature names, but LGBMClassifier was fitted with feature names
  warnings.warn(
C:\Users\yukik\fx-ai-trading\.venv\Lib\site-packages\sklearn\utils\validation.py:2691: UserWarning: X does not have valid feature names, but LGBMClassifier was fitted with feature names
  warnings.warn(
C:\Users\yukik\fx-ai-trading\.venv\Lib\site-packages\sklearn\utils\validation.py:2691: UserWarning: X does not have valid feature names, but LGBMClassifier was fitted with feature names
  warnings.warn(
C:\Users\yukik\fx-ai-trading\.venv\Lib\site-packages\sklearn\utils\validation.py:2691: UserWarning: X does not have valid feature names, but LGBMClassifier was fitted with feature names
  warnings.warn(
C:\Users\yukik\fx-ai-trading\.venv\Lib\site-packages\sklearn\utils\validation.py:2691: UserWarning: X does not have valid feature names, but LGBMClassifier was fitted with feature names
  warnings.warn(
C:\Users\yukik\fx-ai-trading\.venv\Lib\site-packages\sklearn\utils\validation.py:2691: UserWarning: X does not have valid feature names, but LGBMClassifier was fitted with feature names
  warnings.warn(
C:\Users\yukik\fx-ai-trading\.venv\Lib\site-packages\sklearn\utils\validation.py:2691: UserWarning: X does not have valid feature names, but LGBMClassifier was fitted with feature names
  warnings.warn(
    fold 4/5 done
C:\Users\yukik\fx-ai-trading\.venv\Lib\site-packages\sklearn\utils\validation.py:2691: UserWarning: X does not have valid feature names, but LGBMClassifier was fitted with feature names
  warnings.warn(
C:\Users\yukik\fx-ai-trading\.venv\Lib\site-packages\sklearn\utils\validation.py:2691: UserWarning: X does not have valid feature names, but LGBMClassifier was fitted with feature names
  warnings.warn(
C:\Users\yukik\fx-ai-trading\.venv\Lib\site-packages\sklearn\utils\validation.py:2691: UserWarning: X does not have valid feature names, but LGBMClassifier was fitted with feature names
  warnings.warn(
C:\Users\yukik\fx-ai-trading\.venv\Lib\site-packages\sklearn\utils\validation.py:2691: UserWarning: X does not have valid feature names, but LGBMClassifier was fitted with feature names
  warnings.warn(
C:\Users\yukik\fx-ai-trading\.venv\Lib\site-packages\sklearn\utils\validation.py:2691: UserWarning: X does not have valid feature names, but LGBMClassifier was fitted with feature names
  warnings.warn(
C:\Users\yukik\fx-ai-trading\.venv\Lib\site-packages\sklearn\utils\validation.py:2691: UserWarning: X does not have valid feature names, but LGBMClassifier was fitted with feature names
  warnings.warn(
C:\Users\yukik\fx-ai-trading\.venv\Lib\site-packages\sklearn\utils\validation.py:2691: UserWarning: X does not have valid feature names, but LGBMClassifier was fitted with feature names
  warnings.warn(
C:\Users\yukik\fx-ai-trading\.venv\Lib\site-packages\sklearn\utils\validation.py:2691: UserWarning: X does not have valid feature names, but LGBMClassifier was fitted with feature names
  warnings.warn(
C:\Users\yukik\fx-ai-trading\.venv\Lib\site-packages\sklearn\utils\validation.py:2691: UserWarning: X does not have valid feature names, but LGBMClassifier was fitted with feature names
  warnings.warn(
C:\Users\yukik\fx-ai-trading\.venv\Lib\site-packages\sklearn\utils\validation.py:2691: UserWarning: X does not have valid feature names, but LGBMClassifier was fitted with feature names
  warnings.warn(
C:\Users\yukik\fx-ai-trading\.venv\Lib\site-packages\sklearn\utils\validation.py:2691: UserWarning: X does not have valid feature names, but LGBMClassifier was fitted with feature names
  warnings.warn(
C:\Users\yukik\fx-ai-trading\.venv\Lib\site-packages\sklearn\utils\validation.py:2691: UserWarning: X does not have valid feature names, but LGBMClassifier was fitted with feature names
  warnings.warn(
C:\Users\yukik\fx-ai-trading\.venv\Lib\site-packages\sklearn\utils\validation.py:2691: UserWarning: X does not have valid feature names, but LGBMClassifier was fitted with feature names
  warnings.warn(
C:\Users\yukik\fx-ai-trading\.venv\Lib\site-packages\sklearn\utils\validation.py:2691: UserWarning: X does not have valid feature names, but LGBMClassifier was fitted with feature names
  warnings.warn(
C:\Users\yukik\fx-ai-trading\.venv\Lib\site-packages\sklearn\utils\validation.py:2691: UserWarning: X does not have valid feature names, but LGBMClassifier was fitted with feature names
  warnings.warn(
C:\Users\yukik\fx-ai-trading\.venv\Lib\site-packages\sklearn\utils\validation.py:2691: UserWarning: X does not have valid feature names, but LGBMClassifier was fitted with feature names
  warnings.warn(
C:\Users\yukik\fx-ai-trading\.venv\Lib\site-packages\sklearn\utils\validation.py:2691: UserWarning: X does not have valid feature names, but LGBMClassifier was fitted with feature names
  warnings.warn(
C:\Users\yukik\fx-ai-trading\.venv\Lib\site-packages\sklearn\utils\validation.py:2691: UserWarning: X does not have valid feature names, but LGBMClassifier was fitted with feature names
  warnings.warn(
C:\Users\yukik\fx-ai-trading\.venv\Lib\site-packages\sklearn\utils\validation.py:2691: UserWarning: X does not have valid feature names, but LGBMClassifier was fitted with feature names
  warnings.warn(
C:\Users\yukik\fx-ai-trading\.venv\Lib\site-packages\sklearn\utils\validation.py:2691: UserWarning: X does not have valid feature names, but LGBMClassifier was fitted with feature names
  warnings.warn(
    fold 5/5 done
  a_ref           feat=49  Sharpe=-0.0783  hit= 37.3%  n=   225  PnL=   -215.7  (158s)

  >> b_with_time_lagged (57 feat, +8)
C:\Users\yukik\fx-ai-trading\.venv\Lib\site-packages\sklearn\utils\validation.py:2691: UserWarning: X does not have valid feature names, but LGBMClassifier was fitted with feature names
  warnings.warn(
C:\Users\yukik\fx-ai-trading\.venv\Lib\site-packages\sklearn\utils\validation.py:2691: UserWarning: X does not have valid feature names, but LGBMClassifier was fitted with feature names
  warnings.warn(
C:\Users\yukik\fx-ai-trading\.venv\Lib\site-packages\sklearn\utils\validation.py:2691: UserWarning: X does not have valid feature names, but LGBMClassifier was fitted with feature names
  warnings.warn(
C:\Users\yukik\fx-ai-trading\.venv\Lib\site-packages\sklearn\utils\validation.py:2691: UserWarning: X does not have valid feature names, but LGBMClassifier was fitted with feature names
  warnings.warn(
C:\Users\yukik\fx-ai-trading\.venv\Lib\site-packages\sklearn\utils\validation.py:2691: UserWarning: X does not have valid feature names, but LGBMClassifier was fitted with feature names
  warnings.warn(
C:\Users\yukik\fx-ai-trading\.venv\Lib\site-packages\sklearn\utils\validation.py:2691: UserWarning: X does not have valid feature names, but LGBMClassifier was fitted with feature names
  warnings.warn(
C:\Users\yukik\fx-ai-trading\.venv\Lib\site-packages\sklearn\utils\validation.py:2691: UserWarning: X does not have valid feature names, but LGBMClassifier was fitted with feature names
  warnings.warn(
C:\Users\yukik\fx-ai-trading\.venv\Lib\site-packages\sklearn\utils\validation.py:2691: UserWarning: X does not have valid feature names, but LGBMClassifier was fitted with feature names
  warnings.warn(
C:\Users\yukik\fx-ai-trading\.venv\Lib\site-packages\sklearn\utils\validation.py:2691: UserWarning: X does not have valid feature names, but LGBMClassifier was fitted with feature names
  warnings.warn(
C:\Users\yukik\fx-ai-trading\.venv\Lib\site-packages\sklearn\utils\validation.py:2691: UserWarning: X does not have valid feature names, but LGBMClassifier was fitted with feature names
  warnings.warn(
C:\Users\yukik\fx-ai-trading\.venv\Lib\site-packages\sklearn\utils\validation.py:2691: UserWarning: X does not have valid feature names, but LGBMClassifier was fitted with feature names
  warnings.warn(
C:\Users\yukik\fx-ai-trading\.venv\Lib\site-packages\sklearn\utils\validation.py:2691: UserWarning: X does not have valid feature names, but LGBMClassifier was fitted with feature names
  warnings.warn(
C:\Users\yukik\fx-ai-trading\.venv\Lib\site-packages\sklearn\utils\validation.py:2691: UserWarning: X does not have valid feature names, but LGBMClassifier was fitted with feature names
  warnings.warn(
C:\Users\yukik\fx-ai-trading\.venv\Lib\site-packages\sklearn\utils\validation.py:2691: UserWarning: X does not have valid feature names, but LGBMClassifier was fitted with feature names
  warnings.warn(
C:\Users\yukik\fx-ai-trading\.venv\Lib\site-packages\sklearn\utils\validation.py:2691: UserWarning: X does not have valid feature names, but LGBMClassifier was fitted with feature names
  warnings.warn(
C:\Users\yukik\fx-ai-trading\.venv\Lib\site-packages\sklearn\utils\validation.py:2691: UserWarning: X does not have valid feature names, but LGBMClassifier was fitted with feature names
  warnings.warn(
C:\Users\yukik\fx-ai-trading\.venv\Lib\site-packages\sklearn\utils\validation.py:2691: UserWarning: X does not have valid feature names, but LGBMClassifier was fitted with feature names
  warnings.warn(
C:\Users\yukik\fx-ai-trading\.venv\Lib\site-packages\sklearn\utils\validation.py:2691: UserWarning: X does not have valid feature names, but LGBMClassifier was fitted with feature names
  warnings.warn(
C:\Users\yukik\fx-ai-trading\.venv\Lib\site-packages\sklearn\utils\validation.py:2691: UserWarning: X does not have valid feature names, but LGBMClassifier was fitted with feature names
  warnings.warn(
C:\Users\yukik\fx-ai-trading\.venv\Lib\site-packages\sklearn\utils\validation.py:2691: UserWarning: X does not have valid feature names, but LGBMClassifier was fitted with feature names
  warnings.warn(
    fold 1/5 done
C:\Users\yukik\fx-ai-trading\.venv\Lib\site-packages\sklearn\utils\validation.py:2691: UserWarning: X does not have valid feature names, but LGBMClassifier was fitted with feature names
  warnings.warn(
C:\Users\yukik\fx-ai-trading\.venv\Lib\site-packages\sklearn\utils\validation.py:2691: UserWarning: X does not have valid feature names, but LGBMClassifier was fitted with feature names
  warnings.warn(
C:\Users\yukik\fx-ai-trading\.venv\Lib\site-packages\sklearn\utils\validation.py:2691: UserWarning: X does not have valid feature names, but LGBMClassifier was fitted with feature names
  warnings.warn(
C:\Users\yukik\fx-ai-trading\.venv\Lib\site-packages\sklearn\utils\validation.py:2691: UserWarning: X does not have valid feature names, but LGBMClassifier was fitted with feature names
  warnings.warn(
C:\Users\yukik\fx-ai-trading\.venv\Lib\site-packages\sklearn\utils\validation.py:2691: UserWarning: X does not have valid feature names, but LGBMClassifier was fitted with feature names
  warnings.warn(
C:\Users\yukik\fx-ai-trading\.venv\Lib\site-packages\sklearn\utils\validation.py:2691: UserWarning: X does not have valid feature names, but LGBMClassifier was fitted with feature names
  warnings.warn(
C:\Users\yukik\fx-ai-trading\.venv\Lib\site-packages\sklearn\utils\validation.py:2691: UserWarning: X does not have valid feature names, but LGBMClassifier was fitted with feature names
  warnings.warn(
C:\Users\yukik\fx-ai-trading\.venv\Lib\site-packages\sklearn\utils\validation.py:2691: UserWarning: X does not have valid feature names, but LGBMClassifier was fitted with feature names
  warnings.warn(
C:\Users\yukik\fx-ai-trading\.venv\Lib\site-packages\sklearn\utils\validation.py:2691: UserWarning: X does not have valid feature names, but LGBMClassifier was fitted with feature names
  warnings.warn(
C:\Users\yukik\fx-ai-trading\.venv\Lib\site-packages\sklearn\utils\validation.py:2691: UserWarning: X does not have valid feature names, but LGBMClassifier was fitted with feature names
  warnings.warn(
C:\Users\yukik\fx-ai-trading\.venv\Lib\site-packages\sklearn\utils\validation.py:2691: UserWarning: X does not have valid feature names, but LGBMClassifier was fitted with feature names
  warnings.warn(
C:\Users\yukik\fx-ai-trading\.venv\Lib\site-packages\sklearn\utils\validation.py:2691: UserWarning: X does not have valid feature names, but LGBMClassifier was fitted with feature names
  warnings.warn(
C:\Users\yukik\fx-ai-trading\.venv\Lib\site-packages\sklearn\utils\validation.py:2691: UserWarning: X does not have valid feature names, but LGBMClassifier was fitted with feature names
  warnings.warn(
C:\Users\yukik\fx-ai-trading\.venv\Lib\site-packages\sklearn\utils\validation.py:2691: UserWarning: X does not have valid feature names, but LGBMClassifier was fitted with feature names
  warnings.warn(
C:\Users\yukik\fx-ai-trading\.venv\Lib\site-packages\sklearn\utils\validation.py:2691: UserWarning: X does not have valid feature names, but LGBMClassifier was fitted with feature names
  warnings.warn(
C:\Users\yukik\fx-ai-trading\.venv\Lib\site-packages\sklearn\utils\validation.py:2691: UserWarning: X does not have valid feature names, but LGBMClassifier was fitted with feature names
  warnings.warn(
C:\Users\yukik\fx-ai-trading\.venv\Lib\site-packages\sklearn\utils\validation.py:2691: UserWarning: X does not have valid feature names, but LGBMClassifier was fitted with feature names
  warnings.warn(
C:\Users\yukik\fx-ai-trading\.venv\Lib\site-packages\sklearn\utils\validation.py:2691: UserWarning: X does not have valid feature names, but LGBMClassifier was fitted with feature names
  warnings.warn(
C:\Users\yukik\fx-ai-trading\.venv\Lib\site-packages\sklearn\utils\validation.py:2691: UserWarning: X does not have valid feature names, but LGBMClassifier was fitted with feature names
  warnings.warn(
C:\Users\yukik\fx-ai-trading\.venv\Lib\site-packages\sklearn\utils\validation.py:2691: UserWarning: X does not have valid feature names, but LGBMClassifier was fitted with feature names
  warnings.warn(
    fold 2/5 done
C:\Users\yukik\fx-ai-trading\.venv\Lib\site-packages\sklearn\utils\validation.py:2691: UserWarning: X does not have valid feature names, but LGBMClassifier was fitted with feature names
  warnings.warn(
C:\Users\yukik\fx-ai-trading\.venv\Lib\site-packages\sklearn\utils\validation.py:2691: UserWarning: X does not have valid feature names, but LGBMClassifier was fitted with feature names
  warnings.warn(
C:\Users\yukik\fx-ai-trading\.venv\Lib\site-packages\sklearn\utils\validation.py:2691: UserWarning: X does not have valid feature names, but LGBMClassifier was fitted with feature names
  warnings.warn(
C:\Users\yukik\fx-ai-trading\.venv\Lib\site-packages\sklearn\utils\validation.py:2691: UserWarning: X does not have valid feature names, but LGBMClassifier was fitted with feature names
  warnings.warn(
C:\Users\yukik\fx-ai-trading\.venv\Lib\site-packages\sklearn\utils\validation.py:2691: UserWarning: X does not have valid feature names, but LGBMClassifier was fitted with feature names
  warnings.warn(
C:\Users\yukik\fx-ai-trading\.venv\Lib\site-packages\sklearn\utils\validation.py:2691: UserWarning: X does not have valid feature names, but LGBMClassifier was fitted with feature names
  warnings.warn(
C:\Users\yukik\fx-ai-trading\.venv\Lib\site-packages\sklearn\utils\validation.py:2691: UserWarning: X does not have valid feature names, but LGBMClassifier was fitted with feature names
  warnings.warn(
C:\Users\yukik\fx-ai-trading\.venv\Lib\site-packages\sklearn\utils\validation.py:2691: UserWarning: X does not have valid feature names, but LGBMClassifier was fitted with feature names
  warnings.warn(
C:\Users\yukik\fx-ai-trading\.venv\Lib\site-packages\sklearn\utils\validation.py:2691: UserWarning: X does not have valid feature names, but LGBMClassifier was fitted with feature names
  warnings.warn(
C:\Users\yukik\fx-ai-trading\.venv\Lib\site-packages\sklearn\utils\validation.py:2691: UserWarning: X does not have valid feature names, but LGBMClassifier was fitted with feature names
  warnings.warn(
C:\Users\yukik\fx-ai-trading\.venv\Lib\site-packages\sklearn\utils\validation.py:2691: UserWarning: X does not have valid feature names, but LGBMClassifier was fitted with feature names
  warnings.warn(
C:\Users\yukik\fx-ai-trading\.venv\Lib\site-packages\sklearn\utils\validation.py:2691: UserWarning: X does not have valid feature names, but LGBMClassifier was fitted with feature names
  warnings.warn(
C:\Users\yukik\fx-ai-trading\.venv\Lib\site-packages\sklearn\utils\validation.py:2691: UserWarning: X does not have valid feature names, but LGBMClassifier was fitted with feature names
  warnings.warn(
C:\Users\yukik\fx-ai-trading\.venv\Lib\site-packages\sklearn\utils\validation.py:2691: UserWarning: X does not have valid feature names, but LGBMClassifier was fitted with feature names
  warnings.warn(
C:\Users\yukik\fx-ai-trading\.venv\Lib\site-packages\sklearn\utils\validation.py:2691: UserWarning: X does not have valid feature names, but LGBMClassifier was fitted with feature names
  warnings.warn(
C:\Users\yukik\fx-ai-trading\.venv\Lib\site-packages\sklearn\utils\validation.py:2691: UserWarning: X does not have valid feature names, but LGBMClassifier was fitted with feature names
  warnings.warn(
C:\Users\yukik\fx-ai-trading\.venv\Lib\site-packages\sklearn\utils\validation.py:2691: UserWarning: X does not have valid feature names, but LGBMClassifier was fitted with feature names
  warnings.warn(
C:\Users\yukik\fx-ai-trading\.venv\Lib\site-packages\sklearn\utils\validation.py:2691: UserWarning: X does not have valid feature names, but LGBMClassifier was fitted with feature names
  warnings.warn(
C:\Users\yukik\fx-ai-trading\.venv\Lib\site-packages\sklearn\utils\validation.py:2691: UserWarning: X does not have valid feature names, but LGBMClassifier was fitted with feature names
  warnings.warn(
C:\Users\yukik\fx-ai-trading\.venv\Lib\site-packages\sklearn\utils\validation.py:2691: UserWarning: X does not have valid feature names, but LGBMClassifier was fitted with feature names
  warnings.warn(
    fold 3/5 done
C:\Users\yukik\fx-ai-trading\.venv\Lib\site-packages\sklearn\utils\validation.py:2691: UserWarning: X does not have valid feature names, but LGBMClassifier was fitted with feature names
  warnings.warn(
C:\Users\yukik\fx-ai-trading\.venv\Lib\site-packages\sklearn\utils\validation.py:2691: UserWarning: X does not have valid feature names, but LGBMClassifier was fitted with feature names
  warnings.warn(
C:\Users\yukik\fx-ai-trading\.venv\Lib\site-packages\sklearn\utils\validation.py:2691: UserWarning: X does not have valid feature names, but LGBMClassifier was fitted with feature names
  warnings.warn(
C:\Users\yukik\fx-ai-trading\.venv\Lib\site-packages\sklearn\utils\validation.py:2691: UserWarning: X does not have valid feature names, but LGBMClassifier was fitted with feature names
  warnings.warn(
C:\Users\yukik\fx-ai-trading\.venv\Lib\site-packages\sklearn\utils\validation.py:2691: UserWarning: X does not have valid feature names, but LGBMClassifier was fitted with feature names
  warnings.warn(
C:\Users\yukik\fx-ai-trading\.venv\Lib\site-packages\sklearn\utils\validation.py:2691: UserWarning: X does not have valid feature names, but LGBMClassifier was fitted with feature names
  warnings.warn(
C:\Users\yukik\fx-ai-trading\.venv\Lib\site-packages\sklearn\utils\validation.py:2691: UserWarning: X does not have valid feature names, but LGBMClassifier was fitted with feature names
  warnings.warn(
C:\Users\yukik\fx-ai-trading\.venv\Lib\site-packages\sklearn\utils\validation.py:2691: UserWarning: X does not have valid feature names, but LGBMClassifier was fitted with feature names
  warnings.warn(
C:\Users\yukik\fx-ai-trading\.venv\Lib\site-packages\sklearn\utils\validation.py:2691: UserWarning: X does not have valid feature names, but LGBMClassifier was fitted with feature names
  warnings.warn(
C:\Users\yukik\fx-ai-trading\.venv\Lib\site-packages\sklearn\utils\validation.py:2691: UserWarning: X does not have valid feature names, but LGBMClassifier was fitted with feature names
  warnings.warn(
C:\Users\yukik\fx-ai-trading\.venv\Lib\site-packages\sklearn\utils\validation.py:2691: UserWarning: X does not have valid feature names, but LGBMClassifier was fitted with feature names
  warnings.warn(
C:\Users\yukik\fx-ai-trading\.venv\Lib\site-packages\sklearn\utils\validation.py:2691: UserWarning: X does not have valid feature names, but LGBMClassifier was fitted with feature names
  warnings.warn(
C:\Users\yukik\fx-ai-trading\.venv\Lib\site-packages\sklearn\utils\validation.py:2691: UserWarning: X does not have valid feature names, but LGBMClassifier was fitted with feature names
  warnings.warn(
C:\Users\yukik\fx-ai-trading\.venv\Lib\site-packages\sklearn\utils\validation.py:2691: UserWarning: X does not have valid feature names, but LGBMClassifier was fitted with feature names
  warnings.warn(
C:\Users\yukik\fx-ai-trading\.venv\Lib\site-packages\sklearn\utils\validation.py:2691: UserWarning: X does not have valid feature names, but LGBMClassifier was fitted with feature names
  warnings.warn(
C:\Users\yukik\fx-ai-trading\.venv\Lib\site-packages\sklearn\utils\validation.py:2691: UserWarning: X does not have valid feature names, but LGBMClassifier was fitted with feature names
  warnings.warn(
C:\Users\yukik\fx-ai-trading\.venv\Lib\site-packages\sklearn\utils\validation.py:2691: UserWarning: X does not have valid feature names, but LGBMClassifier was fitted with feature names
  warnings.warn(
C:\Users\yukik\fx-ai-trading\.venv\Lib\site-packages\sklearn\utils\validation.py:2691: UserWarning: X does not have valid feature names, but LGBMClassifier was fitted with feature names
  warnings.warn(
C:\Users\yukik\fx-ai-trading\.venv\Lib\site-packages\sklearn\utils\validation.py:2691: UserWarning: X does not have valid feature names, but LGBMClassifier was fitted with feature names
  warnings.warn(
C:\Users\yukik\fx-ai-trading\.venv\Lib\site-packages\sklearn\utils\validation.py:2691: UserWarning: X does not have valid feature names, but LGBMClassifier was fitted with feature names
  warnings.warn(
    fold 4/5 done
C:\Users\yukik\fx-ai-trading\.venv\Lib\site-packages\sklearn\utils\validation.py:2691: UserWarning: X does not have valid feature names, but LGBMClassifier was fitted with feature names
  warnings.warn(
C:\Users\yukik\fx-ai-trading\.venv\Lib\site-packages\sklearn\utils\validation.py:2691: UserWarning: X does not have valid feature names, but LGBMClassifier was fitted with feature names
  warnings.warn(
C:\Users\yukik\fx-ai-trading\.venv\Lib\site-packages\sklearn\utils\validation.py:2691: UserWarning: X does not have valid feature names, but LGBMClassifier was fitted with feature names
  warnings.warn(
C:\Users\yukik\fx-ai-trading\.venv\Lib\site-packages\sklearn\utils\validation.py:2691: UserWarning: X does not have valid feature names, but LGBMClassifier was fitted with feature names
  warnings.warn(
C:\Users\yukik\fx-ai-trading\.venv\Lib\site-packages\sklearn\utils\validation.py:2691: UserWarning: X does not have valid feature names, but LGBMClassifier was fitted with feature names
  warnings.warn(
C:\Users\yukik\fx-ai-trading\.venv\Lib\site-packages\sklearn\utils\validation.py:2691: UserWarning: X does not have valid feature names, but LGBMClassifier was fitted with feature names
  warnings.warn(
C:\Users\yukik\fx-ai-trading\.venv\Lib\site-packages\sklearn\utils\validation.py:2691: UserWarning: X does not have valid feature names, but LGBMClassifier was fitted with feature names
  warnings.warn(
C:\Users\yukik\fx-ai-trading\.venv\Lib\site-packages\sklearn\utils\validation.py:2691: UserWarning: X does not have valid feature names, but LGBMClassifier was fitted with feature names
  warnings.warn(
C:\Users\yukik\fx-ai-trading\.venv\Lib\site-packages\sklearn\utils\validation.py:2691: UserWarning: X does not have valid feature names, but LGBMClassifier was fitted with feature names
  warnings.warn(
C:\Users\yukik\fx-ai-trading\.venv\Lib\site-packages\sklearn\utils\validation.py:2691: UserWarning: X does not have valid feature names, but LGBMClassifier was fitted with feature names
  warnings.warn(
C:\Users\yukik\fx-ai-trading\.venv\Lib\site-packages\sklearn\utils\validation.py:2691: UserWarning: X does not have valid feature names, but LGBMClassifier was fitted with feature names
  warnings.warn(
C:\Users\yukik\fx-ai-trading\.venv\Lib\site-packages\sklearn\utils\validation.py:2691: UserWarning: X does not have valid feature names, but LGBMClassifier was fitted with feature names
  warnings.warn(
C:\Users\yukik\fx-ai-trading\.venv\Lib\site-packages\sklearn\utils\validation.py:2691: UserWarning: X does not have valid feature names, but LGBMClassifier was fitted with feature names
  warnings.warn(
C:\Users\yukik\fx-ai-trading\.venv\Lib\site-packages\sklearn\utils\validation.py:2691: UserWarning: X does not have valid feature names, but LGBMClassifier was fitted with feature names
  warnings.warn(
C:\Users\yukik\fx-ai-trading\.venv\Lib\site-packages\sklearn\utils\validation.py:2691: UserWarning: X does not have valid feature names, but LGBMClassifier was fitted with feature names
  warnings.warn(
C:\Users\yukik\fx-ai-trading\.venv\Lib\site-packages\sklearn\utils\validation.py:2691: UserWarning: X does not have valid feature names, but LGBMClassifier was fitted with feature names
  warnings.warn(
C:\Users\yukik\fx-ai-trading\.venv\Lib\site-packages\sklearn\utils\validation.py:2691: UserWarning: X does not have valid feature names, but LGBMClassifier was fitted with feature names
  warnings.warn(
C:\Users\yukik\fx-ai-trading\.venv\Lib\site-packages\sklearn\utils\validation.py:2691: UserWarning: X does not have valid feature names, but LGBMClassifier was fitted with feature names
  warnings.warn(
C:\Users\yukik\fx-ai-trading\.venv\Lib\site-packages\sklearn\utils\validation.py:2691: UserWarning: X does not have valid feature names, but LGBMClassifier was fitted with feature names
  warnings.warn(
C:\Users\yukik\fx-ai-trading\.venv\Lib\site-packages\sklearn\utils\validation.py:2691: UserWarning: X does not have valid feature names, but LGBMClassifier was fitted with feature names
  warnings.warn(
    fold 5/5 done
  b_with_time_lagged  feat=57  Sharpe=-0.1673  hit= 33.2%  n=   208  PnL=   -429.1  (177s)

################################################################################
# M15_chained_CSI
################################################################################
  loaded 20 pairs
  features+labels built (11.7s)

  >> a_ref (50 feat)
C:\Users\yukik\fx-ai-trading\.venv\Lib\site-packages\sklearn\utils\validation.py:2691: UserWarning: X does not have valid feature names, but LGBMClassifier was fitted with feature names
  warnings.warn(
C:\Users\yukik\fx-ai-trading\.venv\Lib\site-packages\sklearn\utils\validation.py:2691: UserWarning: X does not have valid feature names, but LGBMClassifier was fitted with feature names
  warnings.warn(
C:\Users\yukik\fx-ai-trading\.venv\Lib\site-packages\sklearn\utils\validation.py:2691: UserWarning: X does not have valid feature names, but LGBMClassifier was fitted with feature names
  warnings.warn(
C:\Users\yukik\fx-ai-trading\.venv\Lib\site-packages\sklearn\utils\validation.py:2691: UserWarning: X does not have valid feature names, but LGBMClassifier was fitted with feature names
  warnings.warn(
C:\Users\yukik\fx-ai-trading\.venv\Lib\site-packages\sklearn\utils\validation.py:2691: UserWarning: X does not have valid feature names, but LGBMClassifier was fitted with feature names
  warnings.warn(
C:\Users\yukik\fx-ai-trading\.venv\Lib\site-packages\sklearn\utils\validation.py:2691: UserWarning: X does not have valid feature names, but LGBMClassifier was fitted with feature names
  warnings.warn(
C:\Users\yukik\fx-ai-trading\.venv\Lib\site-packages\sklearn\utils\validation.py:2691: UserWarning: X does not have valid feature names, but LGBMClassifier was fitted with feature names
  warnings.warn(
C:\Users\yukik\fx-ai-trading\.venv\Lib\site-packages\sklearn\utils\validation.py:2691: UserWarning: X does not have valid feature names, but LGBMClassifier was fitted with feature names
  warnings.warn(
C:\Users\yukik\fx-ai-trading\.venv\Lib\site-packages\sklearn\utils\validation.py:2691: UserWarning: X does not have valid feature names, but LGBMClassifier was fitted with feature names
  warnings.warn(
C:\Users\yukik\fx-ai-trading\.venv\Lib\site-packages\sklearn\utils\validation.py:2691: UserWarning: X does not have valid feature names, but LGBMClassifier was fitted with feature names
  warnings.warn(
C:\Users\yukik\fx-ai-trading\.venv\Lib\site-packages\sklearn\utils\validation.py:2691: UserWarning: X does not have valid feature names, but LGBMClassifier was fitted with feature names
  warnings.warn(
C:\Users\yukik\fx-ai-trading\.venv\Lib\site-packages\sklearn\utils\validation.py:2691: UserWarning: X does not have valid feature names, but LGBMClassifier was fitted with feature names
  warnings.warn(
C:\Users\yukik\fx-ai-trading\.venv\Lib\site-packages\sklearn\utils\validation.py:2691: UserWarning: X does not have valid feature names, but LGBMClassifier was fitted with feature names
  warnings.warn(
C:\Users\yukik\fx-ai-trading\.venv\Lib\site-packages\sklearn\utils\validation.py:2691: UserWarning: X does not have valid feature names, but LGBMClassifier was fitted with feature names
  warnings.warn(
C:\Users\yukik\fx-ai-trading\.venv\Lib\site-packages\sklearn\utils\validation.py:2691: UserWarning: X does not have valid feature names, but LGBMClassifier was fitted with feature names
  warnings.warn(
C:\Users\yukik\fx-ai-trading\.venv\Lib\site-packages\sklearn\utils\validation.py:2691: UserWarning: X does not have valid feature names, but LGBMClassifier was fitted with feature names
  warnings.warn(
C:\Users\yukik\fx-ai-trading\.venv\Lib\site-packages\sklearn\utils\validation.py:2691: UserWarning: X does not have valid feature names, but LGBMClassifier was fitted with feature names
  warnings.warn(
C:\Users\yukik\fx-ai-trading\.venv\Lib\site-packages\sklearn\utils\validation.py:2691: UserWarning: X does not have valid feature names, but LGBMClassifier was fitted with feature names
  warnings.warn(
C:\Users\yukik\fx-ai-trading\.venv\Lib\site-packages\sklearn\utils\validation.py:2691: UserWarning: X does not have valid feature names, but LGBMClassifier was fitted with feature names
  warnings.warn(
C:\Users\yukik\fx-ai-trading\.venv\Lib\site-packages\sklearn\utils\validation.py:2691: UserWarning: X does not have valid feature names, but LGBMClassifier was fitted with feature names
  warnings.warn(
    fold 1/17 done
C:\Users\yukik\fx-ai-trading\.venv\Lib\site-packages\sklearn\utils\validation.py:2691: UserWarning: X does not have valid feature names, but LGBMClassifier was fitted with feature names
  warnings.warn(
C:\Users\yukik\fx-ai-trading\.venv\Lib\site-packages\sklearn\utils\validation.py:2691: UserWarning: X does not have valid feature names, but LGBMClassifier was fitted with feature names
  warnings.warn(
C:\Users\yukik\fx-ai-trading\.venv\Lib\site-packages\sklearn\utils\validation.py:2691: UserWarning: X does not have valid feature names, but LGBMClassifier was fitted with feature names
  warnings.warn(
C:\Users\yukik\fx-ai-trading\.venv\Lib\site-packages\sklearn\utils\validation.py:2691: UserWarning: X does not have valid feature names, but LGBMClassifier was fitted with feature names
  warnings.warn(
C:\Users\yukik\fx-ai-trading\.venv\Lib\site-packages\sklearn\utils\validation.py:2691: UserWarning: X does not have valid feature names, but LGBMClassifier was fitted with feature names
  warnings.warn(
C:\Users\yukik\fx-ai-trading\.venv\Lib\site-packages\sklearn\utils\validation.py:2691: UserWarning: X does not have valid feature names, but LGBMClassifier was fitted with feature names
  warnings.warn(
C:\Users\yukik\fx-ai-trading\.venv\Lib\site-packages\sklearn\utils\validation.py:2691: UserWarning: X does not have valid feature names, but LGBMClassifier was fitted with feature names
  warnings.warn(
C:\Users\yukik\fx-ai-trading\.venv\Lib\site-packages\sklearn\utils\validation.py:2691: UserWarning: X does not have valid feature names, but LGBMClassifier was fitted with feature names
  warnings.warn(
C:\Users\yukik\fx-ai-trading\.venv\Lib\site-packages\sklearn\utils\validation.py:2691: UserWarning: X does not have valid feature names, but LGBMClassifier was fitted with feature names
  warnings.warn(
C:\Users\yukik\fx-ai-trading\.venv\Lib\site-packages\sklearn\utils\validation.py:2691: UserWarning: X does not have valid feature names, but LGBMClassifier was fitted with feature names
  warnings.warn(
C:\Users\yukik\fx-ai-trading\.venv\Lib\site-packages\sklearn\utils\validation.py:2691: UserWarning: X does not have valid feature names, but LGBMClassifier was fitted with feature names
  warnings.warn(
C:\Users\yukik\fx-ai-trading\.venv\Lib\site-packages\sklearn\utils\validation.py:2691: UserWarning: X does not have valid feature names, but LGBMClassifier was fitted with feature names
  warnings.warn(
C:\Users\yukik\fx-ai-trading\.venv\Lib\site-packages\sklearn\utils\validation.py:2691: UserWarning: X does not have valid feature names, but LGBMClassifier was fitted with feature names
  warnings.warn(
C:\Users\yukik\fx-ai-trading\.venv\Lib\site-packages\sklearn\utils\validation.py:2691: UserWarning: X does not have valid feature names, but LGBMClassifier was fitted with feature names
  warnings.warn(
C:\Users\yukik\fx-ai-trading\.venv\Lib\site-packages\sklearn\utils\validation.py:2691: UserWarning: X does not have valid feature names, but LGBMClassifier was fitted with feature names
  warnings.warn(
C:\Users\yukik\fx-ai-trading\.venv\Lib\site-packages\sklearn\utils\validation.py:2691: UserWarning: X does not have valid feature names, but LGBMClassifier was fitted with feature names
  warnings.warn(
C:\Users\yukik\fx-ai-trading\.venv\Lib\site-packages\sklearn\utils\validation.py:2691: UserWarning: X does not have valid feature names, but LGBMClassifier was fitted with feature names
  warnings.warn(
C:\Users\yukik\fx-ai-trading\.venv\Lib\site-packages\sklearn\utils\validation.py:2691: UserWarning: X does not have valid feature names, but LGBMClassifier was fitted with feature names
  warnings.warn(
C:\Users\yukik\fx-ai-trading\.venv\Lib\site-packages\sklearn\utils\validation.py:2691: UserWarning: X does not have valid feature names, but LGBMClassifier was fitted with feature names
  warnings.warn(
C:\Users\yukik\fx-ai-trading\.venv\Lib\site-packages\sklearn\utils\validation.py:2691: UserWarning: X does not have valid feature names, but LGBMClassifier was fitted with feature names
  warnings.warn(
    fold 2/17 done
C:\Users\yukik\fx-ai-trading\.venv\Lib\site-packages\sklearn\utils\validation.py:2691: UserWarning: X does not have valid feature names, but LGBMClassifier was fitted with feature names
  warnings.warn(
C:\Users\yukik\fx-ai-trading\.venv\Lib\site-packages\sklearn\utils\validation.py:2691: UserWarning: X does not have valid feature names, but LGBMClassifier was fitted with feature names
  warnings.warn(
C:\Users\yukik\fx-ai-trading\.venv\Lib\site-packages\sklearn\utils\validation.py:2691: UserWarning: X does not have valid feature names, but LGBMClassifier was fitted with feature names
  warnings.warn(
C:\Users\yukik\fx-ai-trading\.venv\Lib\site-packages\sklearn\utils\validation.py:2691: UserWarning: X does not have valid feature names, but LGBMClassifier was fitted with feature names
  warnings.warn(
C:\Users\yukik\fx-ai-trading\.venv\Lib\site-packages\sklearn\utils\validation.py:2691: UserWarning: X does not have valid feature names, but LGBMClassifier was fitted with feature names
  warnings.warn(
C:\Users\yukik\fx-ai-trading\.venv\Lib\site-packages\sklearn\utils\validation.py:2691: UserWarning: X does not have valid feature names, but LGBMClassifier was fitted with feature names
  warnings.warn(
C:\Users\yukik\fx-ai-trading\.venv\Lib\site-packages\sklearn\utils\validation.py:2691: UserWarning: X does not have valid feature names, but LGBMClassifier was fitted with feature names
  warnings.warn(
C:\Users\yukik\fx-ai-trading\.venv\Lib\site-packages\sklearn\utils\validation.py:2691: UserWarning: X does not have valid feature names, but LGBMClassifier was fitted with feature names
  warnings.warn(
C:\Users\yukik\fx-ai-trading\.venv\Lib\site-packages\sklearn\utils\validation.py:2691: UserWarning: X does not have valid feature names, but LGBMClassifier was fitted with feature names
  warnings.warn(
C:\Users\yukik\fx-ai-trading\.venv\Lib\site-packages\sklearn\utils\validation.py:2691: UserWarning: X does not have valid feature names, but LGBMClassifier was fitted with feature names
  warnings.warn(
C:\Users\yukik\fx-ai-trading\.venv\Lib\site-packages\sklearn\utils\validation.py:2691: UserWarning: X does not have valid feature names, but LGBMClassifier was fitted with feature names
  warnings.warn(
C:\Users\yukik\fx-ai-trading\.venv\Lib\site-packages\sklearn\utils\validation.py:2691: UserWarning: X does not have valid feature names, but LGBMClassifier was fitted with feature names
  warnings.warn(
C:\Users\yukik\fx-ai-trading\.venv\Lib\site-packages\sklearn\utils\validation.py:2691: UserWarning: X does not have valid feature names, but LGBMClassifier was fitted with feature names
  warnings.warn(
C:\Users\yukik\fx-ai-trading\.venv\Lib\site-packages\sklearn\utils\validation.py:2691: UserWarning: X does not have valid feature names, but LGBMClassifier was fitted with feature names
  warnings.warn(
C:\Users\yukik\fx-ai-trading\.venv\Lib\site-packages\sklearn\utils\validation.py:2691: UserWarning: X does not have valid feature names, but LGBMClassifier was fitted with feature names
  warnings.warn(
C:\Users\yukik\fx-ai-trading\.venv\Lib\site-packages\sklearn\utils\validation.py:2691: UserWarning: X does not have valid feature names, but LGBMClassifier was fitted with feature names
  warnings.warn(
C:\Users\yukik\fx-ai-trading\.venv\Lib\site-packages\sklearn\utils\validation.py:2691: UserWarning: X does not have valid feature names, but LGBMClassifier was fitted with feature names
  warnings.warn(
C:\Users\yukik\fx-ai-trading\.venv\Lib\site-packages\sklearn\utils\validation.py:2691: UserWarning: X does not have valid feature names, but LGBMClassifier was fitted with feature names
  warnings.warn(
C:\Users\yukik\fx-ai-trading\.venv\Lib\site-packages\sklearn\utils\validation.py:2691: UserWarning: X does not have valid feature names, but LGBMClassifier was fitted with feature names
  warnings.warn(
C:\Users\yukik\fx-ai-trading\.venv\Lib\site-packages\sklearn\utils\validation.py:2691: UserWarning: X does not have valid feature names, but LGBMClassifier was fitted with feature names
  warnings.warn(
    fold 3/17 done
C:\Users\yukik\fx-ai-trading\.venv\Lib\site-packages\sklearn\utils\validation.py:2691: UserWarning: X does not have valid feature names, but LGBMClassifier was fitted with feature names
  warnings.warn(
C:\Users\yukik\fx-ai-trading\.venv\Lib\site-packages\sklearn\utils\validation.py:2691: UserWarning: X does not have valid feature names, but LGBMClassifier was fitted with feature names
  warnings.warn(
C:\Users\yukik\fx-ai-trading\.venv\Lib\site-packages\sklearn\utils\validation.py:2691: UserWarning: X does not have valid feature names, but LGBMClassifier was fitted with feature names
  warnings.warn(
C:\Users\yukik\fx-ai-trading\.venv\Lib\site-packages\sklearn\utils\validation.py:2691: UserWarning: X does not have valid feature names, but LGBMClassifier was fitted with feature names
  warnings.warn(
C:\Users\yukik\fx-ai-trading\.venv\Lib\site-packages\sklearn\utils\validation.py:2691: UserWarning: X does not have valid feature names, but LGBMClassifier was fitted with feature names
  warnings.warn(
C:\Users\yukik\fx-ai-trading\.venv\Lib\site-packages\sklearn\utils\validation.py:2691: UserWarning: X does not have valid feature names, but LGBMClassifier was fitted with feature names
  warnings.warn(
C:\Users\yukik\fx-ai-trading\.venv\Lib\site-packages\sklearn\utils\validation.py:2691: UserWarning: X does not have valid feature names, but LGBMClassifier was fitted with feature names
  warnings.warn(
C:\Users\yukik\fx-ai-trading\.venv\Lib\site-packages\sklearn\utils\validation.py:2691: UserWarning: X does not have valid feature names, but LGBMClassifier was fitted with feature names
  warnings.warn(
C:\Users\yukik\fx-ai-trading\.venv\Lib\site-packages\sklearn\utils\validation.py:2691: UserWarning: X does not have valid feature names, but LGBMClassifier was fitted with feature names
  warnings.warn(
C:\Users\yukik\fx-ai-trading\.venv\Lib\site-packages\sklearn\utils\validation.py:2691: UserWarning: X does not have valid feature names, but LGBMClassifier was fitted with feature names
  warnings.warn(
C:\Users\yukik\fx-ai-trading\.venv\Lib\site-packages\sklearn\utils\validation.py:2691: UserWarning: X does not have valid feature names, but LGBMClassifier was fitted with feature names
  warnings.warn(
C:\Users\yukik\fx-ai-trading\.venv\Lib\site-packages\sklearn\utils\validation.py:2691: UserWarning: X does not have valid feature names, but LGBMClassifier was fitted with feature names
  warnings.warn(
C:\Users\yukik\fx-ai-trading\.venv\Lib\site-packages\sklearn\utils\validation.py:2691: UserWarning: X does not have valid feature names, but LGBMClassifier was fitted with feature names
  warnings.warn(
C:\Users\yukik\fx-ai-trading\.venv\Lib\site-packages\sklearn\utils\validation.py:2691: UserWarning: X does not have valid feature names, but LGBMClassifier was fitted with feature names
  warnings.warn(
C:\Users\yukik\fx-ai-trading\.venv\Lib\site-packages\sklearn\utils\validation.py:2691: UserWarning: X does not have valid feature names, but LGBMClassifier was fitted with feature names
  warnings.warn(
C:\Users\yukik\fx-ai-trading\.venv\Lib\site-packages\sklearn\utils\validation.py:2691: UserWarning: X does not have valid feature names, but LGBMClassifier was fitted with feature names
  warnings.warn(
C:\Users\yukik\fx-ai-trading\.venv\Lib\site-packages\sklearn\utils\validation.py:2691: UserWarning: X does not have valid feature names, but LGBMClassifier was fitted with feature names
  warnings.warn(
C:\Users\yukik\fx-ai-trading\.venv\Lib\site-packages\sklearn\utils\validation.py:2691: UserWarning: X does not have valid feature names, but LGBMClassifier was fitted with feature names
  warnings.warn(
C:\Users\yukik\fx-ai-trading\.venv\Lib\site-packages\sklearn\utils\validation.py:2691: UserWarning: X does not have valid feature names, but LGBMClassifier was fitted with feature names
  warnings.warn(
C:\Users\yukik\fx-ai-trading\.venv\Lib\site-packages\sklearn\utils\validation.py:2691: UserWarning: X does not have valid feature names, but LGBMClassifier was fitted with feature names
  warnings.warn(
    fold 4/17 done
C:\Users\yukik\fx-ai-trading\.venv\Lib\site-packages\sklearn\utils\validation.py:2691: UserWarning: X does not have valid feature names, but LGBMClassifier was fitted with feature names
  warnings.warn(
C:\Users\yukik\fx-ai-trading\.venv\Lib\site-packages\sklearn\utils\validation.py:2691: UserWarning: X does not have valid feature names, but LGBMClassifier was fitted with feature names
  warnings.warn(
C:\Users\yukik\fx-ai-trading\.venv\Lib\site-packages\sklearn\utils\validation.py:2691: UserWarning: X does not have valid feature names, but LGBMClassifier was fitted with feature names
  warnings.warn(
C:\Users\yukik\fx-ai-trading\.venv\Lib\site-packages\sklearn\utils\validation.py:2691: UserWarning: X does not have valid feature names, but LGBMClassifier was fitted with feature names
  warnings.warn(
C:\Users\yukik\fx-ai-trading\.venv\Lib\site-packages\sklearn\utils\validation.py:2691: UserWarning: X does not have valid feature names, but LGBMClassifier was fitted with feature names
  warnings.warn(
C:\Users\yukik\fx-ai-trading\.venv\Lib\site-packages\sklearn\utils\validation.py:2691: UserWarning: X does not have valid feature names, but LGBMClassifier was fitted with feature names
  warnings.warn(
C:\Users\yukik\fx-ai-trading\.venv\Lib\site-packages\sklearn\utils\validation.py:2691: UserWarning: X does not have valid feature names, but LGBMClassifier was fitted with feature names
  warnings.warn(
C:\Users\yukik\fx-ai-trading\.venv\Lib\site-packages\sklearn\utils\validation.py:2691: UserWarning: X does not have valid feature names, but LGBMClassifier was fitted with feature names
  warnings.warn(
C:\Users\yukik\fx-ai-trading\.venv\Lib\site-packages\sklearn\utils\validation.py:2691: UserWarning: X does not have valid feature names, but LGBMClassifier was fitted with feature names
  warnings.warn(
C:\Users\yukik\fx-ai-trading\.venv\Lib\site-packages\sklearn\utils\validation.py:2691: UserWarning: X does not have valid feature names, but LGBMClassifier was fitted with feature names
  warnings.warn(
C:\Users\yukik\fx-ai-trading\.venv\Lib\site-packages\sklearn\utils\validation.py:2691: UserWarning: X does not have valid feature names, but LGBMClassifier was fitted with feature names
  warnings.warn(
C:\Users\yukik\fx-ai-trading\.venv\Lib\site-packages\sklearn\utils\validation.py:2691: UserWarning: X does not have valid feature names, but LGBMClassifier was fitted with feature names
  warnings.warn(
C:\Users\yukik\fx-ai-trading\.venv\Lib\site-packages\sklearn\utils\validation.py:2691: UserWarning: X does not have valid feature names, but LGBMClassifier was fitted with feature names
  warnings.warn(
C:\Users\yukik\fx-ai-trading\.venv\Lib\site-packages\sklearn\utils\validation.py:2691: UserWarning: X does not have valid feature names, but LGBMClassifier was fitted with feature names
  warnings.warn(
C:\Users\yukik\fx-ai-trading\.venv\Lib\site-packages\sklearn\utils\validation.py:2691: UserWarning: X does not have valid feature names, but LGBMClassifier was fitted with feature names
  warnings.warn(
C:\Users\yukik\fx-ai-trading\.venv\Lib\site-packages\sklearn\utils\validation.py:2691: UserWarning: X does not have valid feature names, but LGBMClassifier was fitted with feature names
  warnings.warn(
C:\Users\yukik\fx-ai-trading\.venv\Lib\site-packages\sklearn\utils\validation.py:2691: UserWarning: X does not have valid feature names, but LGBMClassifier was fitted with feature names
  warnings.warn(
C:\Users\yukik\fx-ai-trading\.venv\Lib\site-packages\sklearn\utils\validation.py:2691: UserWarning: X does not have valid feature names, but LGBMClassifier was fitted with feature names
  warnings.warn(
C:\Users\yukik\fx-ai-trading\.venv\Lib\site-packages\sklearn\utils\validation.py:2691: UserWarning: X does not have valid feature names, but LGBMClassifier was fitted with feature names
  warnings.warn(
C:\Users\yukik\fx-ai-trading\.venv\Lib\site-packages\sklearn\utils\validation.py:2691: UserWarning: X does not have valid feature names, but LGBMClassifier was fitted with feature names
  warnings.warn(
    fold 5/17 done
C:\Users\yukik\fx-ai-trading\.venv\Lib\site-packages\sklearn\utils\validation.py:2691: UserWarning: X does not have valid feature names, but LGBMClassifier was fitted with feature names
  warnings.warn(
C:\Users\yukik\fx-ai-trading\.venv\Lib\site-packages\sklearn\utils\validation.py:2691: UserWarning: X does not have valid feature names, but LGBMClassifier was fitted with feature names
  warnings.warn(
C:\Users\yukik\fx-ai-trading\.venv\Lib\site-packages\sklearn\utils\validation.py:2691: UserWarning: X does not have valid feature names, but LGBMClassifier was fitted with feature names
  warnings.warn(
C:\Users\yukik\fx-ai-trading\.venv\Lib\site-packages\sklearn\utils\validation.py:2691: UserWarning: X does not have valid feature names, but LGBMClassifier was fitted with feature names
  warnings.warn(
C:\Users\yukik\fx-ai-trading\.venv\Lib\site-packages\sklearn\utils\validation.py:2691: UserWarning: X does not have valid feature names, but LGBMClassifier was fitted with feature names
  warnings.warn(
C:\Users\yukik\fx-ai-trading\.venv\Lib\site-packages\sklearn\utils\validation.py:2691: UserWarning: X does not have valid feature names, but LGBMClassifier was fitted with feature names
  warnings.warn(
C:\Users\yukik\fx-ai-trading\.venv\Lib\site-packages\sklearn\utils\validation.py:2691: UserWarning: X does not have valid feature names, but LGBMClassifier was fitted with feature names
  warnings.warn(
C:\Users\yukik\fx-ai-trading\.venv\Lib\site-packages\sklearn\utils\validation.py:2691: UserWarning: X does not have valid feature names, but LGBMClassifier was fitted with feature names
  warnings.warn(
C:\Users\yukik\fx-ai-trading\.venv\Lib\site-packages\sklearn\utils\validation.py:2691: UserWarning: X does not have valid feature names, but LGBMClassifier was fitted with feature names
  warnings.warn(
C:\Users\yukik\fx-ai-trading\.venv\Lib\site-packages\sklearn\utils\validation.py:2691: UserWarning: X does not have valid feature names, but LGBMClassifier was fitted with feature names
  warnings.warn(
C:\Users\yukik\fx-ai-trading\.venv\Lib\site-packages\sklearn\utils\validation.py:2691: UserWarning: X does not have valid feature names, but LGBMClassifier was fitted with feature names
  warnings.warn(
C:\Users\yukik\fx-ai-trading\.venv\Lib\site-packages\sklearn\utils\validation.py:2691: UserWarning: X does not have valid feature names, but LGBMClassifier was fitted with feature names
  warnings.warn(
C:\Users\yukik\fx-ai-trading\.venv\Lib\site-packages\sklearn\utils\validation.py:2691: UserWarning: X does not have valid feature names, but LGBMClassifier was fitted with feature names
  warnings.warn(
C:\Users\yukik\fx-ai-trading\.venv\Lib\site-packages\sklearn\utils\validation.py:2691: UserWarning: X does not have valid feature names, but LGBMClassifier was fitted with feature names
  warnings.warn(
C:\Users\yukik\fx-ai-trading\.venv\Lib\site-packages\sklearn\utils\validation.py:2691: UserWarning: X does not have valid feature names, but LGBMClassifier was fitted with feature names
  warnings.warn(
C:\Users\yukik\fx-ai-trading\.venv\Lib\site-packages\sklearn\utils\validation.py:2691: UserWarning: X does not have valid feature names, but LGBMClassifier was fitted with feature names
  warnings.warn(
C:\Users\yukik\fx-ai-trading\.venv\Lib\site-packages\sklearn\utils\validation.py:2691: UserWarning: X does not have valid feature names, but LGBMClassifier was fitted with feature names
  warnings.warn(
C:\Users\yukik\fx-ai-trading\.venv\Lib\site-packages\sklearn\utils\validation.py:2691: UserWarning: X does not have valid feature names, but LGBMClassifier was fitted with feature names
  warnings.warn(
C:\Users\yukik\fx-ai-trading\.venv\Lib\site-packages\sklearn\utils\validation.py:2691: UserWarning: X does not have valid feature names, but LGBMClassifier was fitted with feature names
  warnings.warn(
C:\Users\yukik\fx-ai-trading\.venv\Lib\site-packages\sklearn\utils\validation.py:2691: UserWarning: X does not have valid feature names, but LGBMClassifier was fitted with feature names
  warnings.warn(
    fold 6/17 done
C:\Users\yukik\fx-ai-trading\.venv\Lib\site-packages\sklearn\utils\validation.py:2691: UserWarning: X does not have valid feature names, but LGBMClassifier was fitted with feature names
  warnings.warn(
C:\Users\yukik\fx-ai-trading\.venv\Lib\site-packages\sklearn\utils\validation.py:2691: UserWarning: X does not have valid feature names, but LGBMClassifier was fitted with feature names
  warnings.warn(
C:\Users\yukik\fx-ai-trading\.venv\Lib\site-packages\sklearn\utils\validation.py:2691: UserWarning: X does not have valid feature names, but LGBMClassifier was fitted with feature names
  warnings.warn(
C:\Users\yukik\fx-ai-trading\.venv\Lib\site-packages\sklearn\utils\validation.py:2691: UserWarning: X does not have valid feature names, but LGBMClassifier was fitted with feature names
  warnings.warn(
C:\Users\yukik\fx-ai-trading\.venv\Lib\site-packages\sklearn\utils\validation.py:2691: UserWarning: X does not have valid feature names, but LGBMClassifier was fitted with feature names
  warnings.warn(
C:\Users\yukik\fx-ai-trading\.venv\Lib\site-packages\sklearn\utils\validation.py:2691: UserWarning: X does not have valid feature names, but LGBMClassifier was fitted with feature names
  warnings.warn(
C:\Users\yukik\fx-ai-trading\.venv\Lib\site-packages\sklearn\utils\validation.py:2691: UserWarning: X does not have valid feature names, but LGBMClassifier was fitted with feature names
  warnings.warn(
C:\Users\yukik\fx-ai-trading\.venv\Lib\site-packages\sklearn\utils\validation.py:2691: UserWarning: X does not have valid feature names, but LGBMClassifier was fitted with feature names
  warnings.warn(
C:\Users\yukik\fx-ai-trading\.venv\Lib\site-packages\sklearn\utils\validation.py:2691: UserWarning: X does not have valid feature names, but LGBMClassifier was fitted with feature names
  warnings.warn(
C:\Users\yukik\fx-ai-trading\.venv\Lib\site-packages\sklearn\utils\validation.py:2691: UserWarning: X does not have valid feature names, but LGBMClassifier was fitted with feature names
  warnings.warn(
C:\Users\yukik\fx-ai-trading\.venv\Lib\site-packages\sklearn\utils\validation.py:2691: UserWarning: X does not have valid feature names, but LGBMClassifier was fitted with feature names
  warnings.warn(
C:\Users\yukik\fx-ai-trading\.venv\Lib\site-packages\sklearn\utils\validation.py:2691: UserWarning: X does not have valid feature names, but LGBMClassifier was fitted with feature names
  warnings.warn(
C:\Users\yukik\fx-ai-trading\.venv\Lib\site-packages\sklearn\utils\validation.py:2691: UserWarning: X does not have valid feature names, but LGBMClassifier was fitted with feature names
  warnings.warn(
C:\Users\yukik\fx-ai-trading\.venv\Lib\site-packages\sklearn\utils\validation.py:2691: UserWarning: X does not have valid feature names, but LGBMClassifier was fitted with feature names
  warnings.warn(
C:\Users\yukik\fx-ai-trading\.venv\Lib\site-packages\sklearn\utils\validation.py:2691: UserWarning: X does not have valid feature names, but LGBMClassifier was fitted with feature names
  warnings.warn(
C:\Users\yukik\fx-ai-trading\.venv\Lib\site-packages\sklearn\utils\validation.py:2691: UserWarning: X does not have valid feature names, but LGBMClassifier was fitted with feature names
  warnings.warn(
C:\Users\yukik\fx-ai-trading\.venv\Lib\site-packages\sklearn\utils\validation.py:2691: UserWarning: X does not have valid feature names, but LGBMClassifier was fitted with feature names
  warnings.warn(
C:\Users\yukik\fx-ai-trading\.venv\Lib\site-packages\sklearn\utils\validation.py:2691: UserWarning: X does not have valid feature names, but LGBMClassifier was fitted with feature names
  warnings.warn(
C:\Users\yukik\fx-ai-trading\.venv\Lib\site-packages\sklearn\utils\validation.py:2691: UserWarning: X does not have valid feature names, but LGBMClassifier was fitted with feature names
  warnings.warn(
C:\Users\yukik\fx-ai-trading\.venv\Lib\site-packages\sklearn\utils\validation.py:2691: UserWarning: X does not have valid feature names, but LGBMClassifier was fitted with feature names
  warnings.warn(
    fold 7/17 done
C:\Users\yukik\fx-ai-trading\.venv\Lib\site-packages\sklearn\utils\validation.py:2691: UserWarning: X does not have valid feature names, but LGBMClassifier was fitted with feature names
  warnings.warn(
C:\Users\yukik\fx-ai-trading\.venv\Lib\site-packages\sklearn\utils\validation.py:2691: UserWarning: X does not have valid feature names, but LGBMClassifier was fitted with feature names
  warnings.warn(
C:\Users\yukik\fx-ai-trading\.venv\Lib\site-packages\sklearn\utils\validation.py:2691: UserWarning: X does not have valid feature names, but LGBMClassifier was fitted with feature names
  warnings.warn(
C:\Users\yukik\fx-ai-trading\.venv\Lib\site-packages\sklearn\utils\validation.py:2691: UserWarning: X does not have valid feature names, but LGBMClassifier was fitted with feature names
  warnings.warn(
C:\Users\yukik\fx-ai-trading\.venv\Lib\site-packages\sklearn\utils\validation.py:2691: UserWarning: X does not have valid feature names, but LGBMClassifier was fitted with feature names
  warnings.warn(
C:\Users\yukik\fx-ai-trading\.venv\Lib\site-packages\sklearn\utils\validation.py:2691: UserWarning: X does not have valid feature names, but LGBMClassifier was fitted with feature names
  warnings.warn(
C:\Users\yukik\fx-ai-trading\.venv\Lib\site-packages\sklearn\utils\validation.py:2691: UserWarning: X does not have valid feature names, but LGBMClassifier was fitted with feature names
  warnings.warn(
C:\Users\yukik\fx-ai-trading\.venv\Lib\site-packages\sklearn\utils\validation.py:2691: UserWarning: X does not have valid feature names, but LGBMClassifier was fitted with feature names
  warnings.warn(
C:\Users\yukik\fx-ai-trading\.venv\Lib\site-packages\sklearn\utils\validation.py:2691: UserWarning: X does not have valid feature names, but LGBMClassifier was fitted with feature names
  warnings.warn(
C:\Users\yukik\fx-ai-trading\.venv\Lib\site-packages\sklearn\utils\validation.py:2691: UserWarning: X does not have valid feature names, but LGBMClassifier was fitted with feature names
  warnings.warn(
C:\Users\yukik\fx-ai-trading\.venv\Lib\site-packages\sklearn\utils\validation.py:2691: UserWarning: X does not have valid feature names, but LGBMClassifier was fitted with feature names
  warnings.warn(
C:\Users\yukik\fx-ai-trading\.venv\Lib\site-packages\sklearn\utils\validation.py:2691: UserWarning: X does not have valid feature names, but LGBMClassifier was fitted with feature names
  warnings.warn(
C:\Users\yukik\fx-ai-trading\.venv\Lib\site-packages\sklearn\utils\validation.py:2691: UserWarning: X does not have valid feature names, but LGBMClassifier was fitted with feature names
  warnings.warn(
C:\Users\yukik\fx-ai-trading\.venv\Lib\site-packages\sklearn\utils\validation.py:2691: UserWarning: X does not have valid feature names, but LGBMClassifier was fitted with feature names
  warnings.warn(
C:\Users\yukik\fx-ai-trading\.venv\Lib\site-packages\sklearn\utils\validation.py:2691: UserWarning: X does not have valid feature names, but LGBMClassifier was fitted with feature names
  warnings.warn(
C:\Users\yukik\fx-ai-trading\.venv\Lib\site-packages\sklearn\utils\validation.py:2691: UserWarning: X does not have valid feature names, but LGBMClassifier was fitted with feature names
  warnings.warn(
C:\Users\yukik\fx-ai-trading\.venv\Lib\site-packages\sklearn\utils\validation.py:2691: UserWarning: X does not have valid feature names, but LGBMClassifier was fitted with feature names
  warnings.warn(
C:\Users\yukik\fx-ai-trading\.venv\Lib\site-packages\sklearn\utils\validation.py:2691: UserWarning: X does not have valid feature names, but LGBMClassifier was fitted with feature names
  warnings.warn(
C:\Users\yukik\fx-ai-trading\.venv\Lib\site-packages\sklearn\utils\validation.py:2691: UserWarning: X does not have valid feature names, but LGBMClassifier was fitted with feature names
  warnings.warn(
C:\Users\yukik\fx-ai-trading\.venv\Lib\site-packages\sklearn\utils\validation.py:2691: UserWarning: X does not have valid feature names, but LGBMClassifier was fitted with feature names
  warnings.warn(
    fold 8/17 done
C:\Users\yukik\fx-ai-trading\.venv\Lib\site-packages\sklearn\utils\validation.py:2691: UserWarning: X does not have valid feature names, but LGBMClassifier was fitted with feature names
  warnings.warn(
C:\Users\yukik\fx-ai-trading\.venv\Lib\site-packages\sklearn\utils\validation.py:2691: UserWarning: X does not have valid feature names, but LGBMClassifier was fitted with feature names
  warnings.warn(
C:\Users\yukik\fx-ai-trading\.venv\Lib\site-packages\sklearn\utils\validation.py:2691: UserWarning: X does not have valid feature names, but LGBMClassifier was fitted with feature names
  warnings.warn(
C:\Users\yukik\fx-ai-trading\.venv\Lib\site-packages\sklearn\utils\validation.py:2691: UserWarning: X does not have valid feature names, but LGBMClassifier was fitted with feature names
  warnings.warn(
C:\Users\yukik\fx-ai-trading\.venv\Lib\site-packages\sklearn\utils\validation.py:2691: UserWarning: X does not have valid feature names, but LGBMClassifier was fitted with feature names
  warnings.warn(
C:\Users\yukik\fx-ai-trading\.venv\Lib\site-packages\sklearn\utils\validation.py:2691: UserWarning: X does not have valid feature names, but LGBMClassifier was fitted with feature names
  warnings.warn(
C:\Users\yukik\fx-ai-trading\.venv\Lib\site-packages\sklearn\utils\validation.py:2691: UserWarning: X does not have valid feature names, but LGBMClassifier was fitted with feature names
  warnings.warn(
C:\Users\yukik\fx-ai-trading\.venv\Lib\site-packages\sklearn\utils\validation.py:2691: UserWarning: X does not have valid feature names, but LGBMClassifier was fitted with feature names
  warnings.warn(
C:\Users\yukik\fx-ai-trading\.venv\Lib\site-packages\sklearn\utils\validation.py:2691: UserWarning: X does not have valid feature names, but LGBMClassifier was fitted with feature names
  warnings.warn(
C:\Users\yukik\fx-ai-trading\.venv\Lib\site-packages\sklearn\utils\validation.py:2691: UserWarning: X does not have valid feature names, but LGBMClassifier was fitted with feature names
  warnings.warn(
C:\Users\yukik\fx-ai-trading\.venv\Lib\site-packages\sklearn\utils\validation.py:2691: UserWarning: X does not have valid feature names, but LGBMClassifier was fitted with feature names
  warnings.warn(
C:\Users\yukik\fx-ai-trading\.venv\Lib\site-packages\sklearn\utils\validation.py:2691: UserWarning: X does not have valid feature names, but LGBMClassifier was fitted with feature names
  warnings.warn(
C:\Users\yukik\fx-ai-trading\.venv\Lib\site-packages\sklearn\utils\validation.py:2691: UserWarning: X does not have valid feature names, but LGBMClassifier was fitted with feature names
  warnings.warn(
C:\Users\yukik\fx-ai-trading\.venv\Lib\site-packages\sklearn\utils\validation.py:2691: UserWarning: X does not have valid feature names, but LGBMClassifier was fitted with feature names
  warnings.warn(
C:\Users\yukik\fx-ai-trading\.venv\Lib\site-packages\sklearn\utils\validation.py:2691: UserWarning: X does not have valid feature names, but LGBMClassifier was fitted with feature names
  warnings.warn(
C:\Users\yukik\fx-ai-trading\.venv\Lib\site-packages\sklearn\utils\validation.py:2691: UserWarning: X does not have valid feature names, but LGBMClassifier was fitted with feature names
  warnings.warn(
C:\Users\yukik\fx-ai-trading\.venv\Lib\site-packages\sklearn\utils\validation.py:2691: UserWarning: X does not have valid feature names, but LGBMClassifier was fitted with feature names
  warnings.warn(
C:\Users\yukik\fx-ai-trading\.venv\Lib\site-packages\sklearn\utils\validation.py:2691: UserWarning: X does not have valid feature names, but LGBMClassifier was fitted with feature names
  warnings.warn(
C:\Users\yukik\fx-ai-trading\.venv\Lib\site-packages\sklearn\utils\validation.py:2691: UserWarning: X does not have valid feature names, but LGBMClassifier was fitted with feature names
  warnings.warn(
C:\Users\yukik\fx-ai-trading\.venv\Lib\site-packages\sklearn\utils\validation.py:2691: UserWarning: X does not have valid feature names, but LGBMClassifier was fitted with feature names
  warnings.warn(
    fold 9/17 done
C:\Users\yukik\fx-ai-trading\.venv\Lib\site-packages\sklearn\utils\validation.py:2691: UserWarning: X does not have valid feature names, but LGBMClassifier was fitted with feature names
  warnings.warn(
C:\Users\yukik\fx-ai-trading\.venv\Lib\site-packages\sklearn\utils\validation.py:2691: UserWarning: X does not have valid feature names, but LGBMClassifier was fitted with feature names
  warnings.warn(
C:\Users\yukik\fx-ai-trading\.venv\Lib\site-packages\sklearn\utils\validation.py:2691: UserWarning: X does not have valid feature names, but LGBMClassifier was fitted with feature names
  warnings.warn(
C:\Users\yukik\fx-ai-trading\.venv\Lib\site-packages\sklearn\utils\validation.py:2691: UserWarning: X does not have valid feature names, but LGBMClassifier was fitted with feature names
  warnings.warn(
C:\Users\yukik\fx-ai-trading\.venv\Lib\site-packages\sklearn\utils\validation.py:2691: UserWarning: X does not have valid feature names, but LGBMClassifier was fitted with feature names
  warnings.warn(
C:\Users\yukik\fx-ai-trading\.venv\Lib\site-packages\sklearn\utils\validation.py:2691: UserWarning: X does not have valid feature names, but LGBMClassifier was fitted with feature names
  warnings.warn(
C:\Users\yukik\fx-ai-trading\.venv\Lib\site-packages\sklearn\utils\validation.py:2691: UserWarning: X does not have valid feature names, but LGBMClassifier was fitted with feature names
  warnings.warn(
C:\Users\yukik\fx-ai-trading\.venv\Lib\site-packages\sklearn\utils\validation.py:2691: UserWarning: X does not have valid feature names, but LGBMClassifier was fitted with feature names
  warnings.warn(
C:\Users\yukik\fx-ai-trading\.venv\Lib\site-packages\sklearn\utils\validation.py:2691: UserWarning: X does not have valid feature names, but LGBMClassifier was fitted with feature names
  warnings.warn(
C:\Users\yukik\fx-ai-trading\.venv\Lib\site-packages\sklearn\utils\validation.py:2691: UserWarning: X does not have valid feature names, but LGBMClassifier was fitted with feature names
  warnings.warn(
C:\Users\yukik\fx-ai-trading\.venv\Lib\site-packages\sklearn\utils\validation.py:2691: UserWarning: X does not have valid feature names, but LGBMClassifier was fitted with feature names
  warnings.warn(
C:\Users\yukik\fx-ai-trading\.venv\Lib\site-packages\sklearn\utils\validation.py:2691: UserWarning: X does not have valid feature names, but LGBMClassifier was fitted with feature names
  warnings.warn(
C:\Users\yukik\fx-ai-trading\.venv\Lib\site-packages\sklearn\utils\validation.py:2691: UserWarning: X does not have valid feature names, but LGBMClassifier was fitted with feature names
  warnings.warn(
C:\Users\yukik\fx-ai-trading\.venv\Lib\site-packages\sklearn\utils\validation.py:2691: UserWarning: X does not have valid feature names, but LGBMClassifier was fitted with feature names
  warnings.warn(
C:\Users\yukik\fx-ai-trading\.venv\Lib\site-packages\sklearn\utils\validation.py:2691: UserWarning: X does not have valid feature names, but LGBMClassifier was fitted with feature names
  warnings.warn(
C:\Users\yukik\fx-ai-trading\.venv\Lib\site-packages\sklearn\utils\validation.py:2691: UserWarning: X does not have valid feature names, but LGBMClassifier was fitted with feature names
  warnings.warn(
C:\Users\yukik\fx-ai-trading\.venv\Lib\site-packages\sklearn\utils\validation.py:2691: UserWarning: X does not have valid feature names, but LGBMClassifier was fitted with feature names
  warnings.warn(
C:\Users\yukik\fx-ai-trading\.venv\Lib\site-packages\sklearn\utils\validation.py:2691: UserWarning: X does not have valid feature names, but LGBMClassifier was fitted with feature names
  warnings.warn(
C:\Users\yukik\fx-ai-trading\.venv\Lib\site-packages\sklearn\utils\validation.py:2691: UserWarning: X does not have valid feature names, but LGBMClassifier was fitted with feature names
  warnings.warn(
C:\Users\yukik\fx-ai-trading\.venv\Lib\site-packages\sklearn\utils\validation.py:2691: UserWarning: X does not have valid feature names, but LGBMClassifier was fitted with feature names
  warnings.warn(
    fold 10/17 done
C:\Users\yukik\fx-ai-trading\.venv\Lib\site-packages\sklearn\utils\validation.py:2691: UserWarning: X does not have valid feature names, but LGBMClassifier was fitted with feature names
  warnings.warn(
C:\Users\yukik\fx-ai-trading\.venv\Lib\site-packages\sklearn\utils\validation.py:2691: UserWarning: X does not have valid feature names, but LGBMClassifier was fitted with feature names
  warnings.warn(
C:\Users\yukik\fx-ai-trading\.venv\Lib\site-packages\sklearn\utils\validation.py:2691: UserWarning: X does not have valid feature names, but LGBMClassifier was fitted with feature names
  warnings.warn(
C:\Users\yukik\fx-ai-trading\.venv\Lib\site-packages\sklearn\utils\validation.py:2691: UserWarning: X does not have valid feature names, but LGBMClassifier was fitted with feature names
  warnings.warn(
C:\Users\yukik\fx-ai-trading\.venv\Lib\site-packages\sklearn\utils\validation.py:2691: UserWarning: X does not have valid feature names, but LGBMClassifier was fitted with feature names
  warnings.warn(
C:\Users\yukik\fx-ai-trading\.venv\Lib\site-packages\sklearn\utils\validation.py:2691: UserWarning: X does not have valid feature names, but LGBMClassifier was fitted with feature names
  warnings.warn(
C:\Users\yukik\fx-ai-trading\.venv\Lib\site-packages\sklearn\utils\validation.py:2691: UserWarning: X does not have valid feature names, but LGBMClassifier was fitted with feature names
  warnings.warn(
C:\Users\yukik\fx-ai-trading\.venv\Lib\site-packages\sklearn\utils\validation.py:2691: UserWarning: X does not have valid feature names, but LGBMClassifier was fitted with feature names
  warnings.warn(
C:\Users\yukik\fx-ai-trading\.venv\Lib\site-packages\sklearn\utils\validation.py:2691: UserWarning: X does not have valid feature names, but LGBMClassifier was fitted with feature names
  warnings.warn(
C:\Users\yukik\fx-ai-trading\.venv\Lib\site-packages\sklearn\utils\validation.py:2691: UserWarning: X does not have valid feature names, but LGBMClassifier was fitted with feature names
  warnings.warn(
C:\Users\yukik\fx-ai-trading\.venv\Lib\site-packages\sklearn\utils\validation.py:2691: UserWarning: X does not have valid feature names, but LGBMClassifier was fitted with feature names
  warnings.warn(
C:\Users\yukik\fx-ai-trading\.venv\Lib\site-packages\sklearn\utils\validation.py:2691: UserWarning: X does not have valid feature names, but LGBMClassifier was fitted with feature names
  warnings.warn(
C:\Users\yukik\fx-ai-trading\.venv\Lib\site-packages\sklearn\utils\validation.py:2691: UserWarning: X does not have valid feature names, but LGBMClassifier was fitted with feature names
  warnings.warn(
C:\Users\yukik\fx-ai-trading\.venv\Lib\site-packages\sklearn\utils\validation.py:2691: UserWarning: X does not have valid feature names, but LGBMClassifier was fitted with feature names
  warnings.warn(
C:\Users\yukik\fx-ai-trading\.venv\Lib\site-packages\sklearn\utils\validation.py:2691: UserWarning: X does not have valid feature names, but LGBMClassifier was fitted with feature names
  warnings.warn(
C:\Users\yukik\fx-ai-trading\.venv\Lib\site-packages\sklearn\utils\validation.py:2691: UserWarning: X does not have valid feature names, but LGBMClassifier was fitted with feature names
  warnings.warn(
C:\Users\yukik\fx-ai-trading\.venv\Lib\site-packages\sklearn\utils\validation.py:2691: UserWarning: X does not have valid feature names, but LGBMClassifier was fitted with feature names
  warnings.warn(
C:\Users\yukik\fx-ai-trading\.venv\Lib\site-packages\sklearn\utils\validation.py:2691: UserWarning: X does not have valid feature names, but LGBMClassifier was fitted with feature names
  warnings.warn(
C:\Users\yukik\fx-ai-trading\.venv\Lib\site-packages\sklearn\utils\validation.py:2691: UserWarning: X does not have valid feature names, but LGBMClassifier was fitted with feature names
  warnings.warn(
C:\Users\yukik\fx-ai-trading\.venv\Lib\site-packages\sklearn\utils\validation.py:2691: UserWarning: X does not have valid feature names, but LGBMClassifier was fitted with feature names
  warnings.warn(
    fold 11/17 done
C:\Users\yukik\fx-ai-trading\.venv\Lib\site-packages\sklearn\utils\validation.py:2691: UserWarning: X does not have valid feature names, but LGBMClassifier was fitted with feature names
  warnings.warn(
C:\Users\yukik\fx-ai-trading\.venv\Lib\site-packages\sklearn\utils\validation.py:2691: UserWarning: X does not have valid feature names, but LGBMClassifier was fitted with feature names
  warnings.warn(
C:\Users\yukik\fx-ai-trading\.venv\Lib\site-packages\sklearn\utils\validation.py:2691: UserWarning: X does not have valid feature names, but LGBMClassifier was fitted with feature names
  warnings.warn(
C:\Users\yukik\fx-ai-trading\.venv\Lib\site-packages\sklearn\utils\validation.py:2691: UserWarning: X does not have valid feature names, but LGBMClassifier was fitted with feature names
  warnings.warn(
C:\Users\yukik\fx-ai-trading\.venv\Lib\site-packages\sklearn\utils\validation.py:2691: UserWarning: X does not have valid feature names, but LGBMClassifier was fitted with feature names
  warnings.warn(
C:\Users\yukik\fx-ai-trading\.venv\Lib\site-packages\sklearn\utils\validation.py:2691: UserWarning: X does not have valid feature names, but LGBMClassifier was fitted with feature names
  warnings.warn(
C:\Users\yukik\fx-ai-trading\.venv\Lib\site-packages\sklearn\utils\validation.py:2691: UserWarning: X does not have valid feature names, but LGBMClassifier was fitted with feature names
  warnings.warn(
C:\Users\yukik\fx-ai-trading\.venv\Lib\site-packages\sklearn\utils\validation.py:2691: UserWarning: X does not have valid feature names, but LGBMClassifier was fitted with feature names
  warnings.warn(
C:\Users\yukik\fx-ai-trading\.venv\Lib\site-packages\sklearn\utils\validation.py:2691: UserWarning: X does not have valid feature names, but LGBMClassifier was fitted with feature names
  warnings.warn(
C:\Users\yukik\fx-ai-trading\.venv\Lib\site-packages\sklearn\utils\validation.py:2691: UserWarning: X does not have valid feature names, but LGBMClassifier was fitted with feature names
  warnings.warn(
C:\Users\yukik\fx-ai-trading\.venv\Lib\site-packages\sklearn\utils\validation.py:2691: UserWarning: X does not have valid feature names, but LGBMClassifier was fitted with feature names
  warnings.warn(
C:\Users\yukik\fx-ai-trading\.venv\Lib\site-packages\sklearn\utils\validation.py:2691: UserWarning: X does not have valid feature names, but LGBMClassifier was fitted with feature names
  warnings.warn(
C:\Users\yukik\fx-ai-trading\.venv\Lib\site-packages\sklearn\utils\validation.py:2691: UserWarning: X does not have valid feature names, but LGBMClassifier was fitted with feature names
  warnings.warn(
C:\Users\yukik\fx-ai-trading\.venv\Lib\site-packages\sklearn\utils\validation.py:2691: UserWarning: X does not have valid feature names, but LGBMClassifier was fitted with feature names
  warnings.warn(
C:\Users\yukik\fx-ai-trading\.venv\Lib\site-packages\sklearn\utils\validation.py:2691: UserWarning: X does not have valid feature names, but LGBMClassifier was fitted with feature names
  warnings.warn(
C:\Users\yukik\fx-ai-trading\.venv\Lib\site-packages\sklearn\utils\validation.py:2691: UserWarning: X does not have valid feature names, but LGBMClassifier was fitted with feature names
  warnings.warn(
C:\Users\yukik\fx-ai-trading\.venv\Lib\site-packages\sklearn\utils\validation.py:2691: UserWarning: X does not have valid feature names, but LGBMClassifier was fitted with feature names
  warnings.warn(
C:\Users\yukik\fx-ai-trading\.venv\Lib\site-packages\sklearn\utils\validation.py:2691: UserWarning: X does not have valid feature names, but LGBMClassifier was fitted with feature names
  warnings.warn(
C:\Users\yukik\fx-ai-trading\.venv\Lib\site-packages\sklearn\utils\validation.py:2691: UserWarning: X does not have valid feature names, but LGBMClassifier was fitted with feature names
  warnings.warn(
C:\Users\yukik\fx-ai-trading\.venv\Lib\site-packages\sklearn\utils\validation.py:2691: UserWarning: X does not have valid feature names, but LGBMClassifier was fitted with feature names
  warnings.warn(
    fold 12/17 done
C:\Users\yukik\fx-ai-trading\.venv\Lib\site-packages\sklearn\utils\validation.py:2691: UserWarning: X does not have valid feature names, but LGBMClassifier was fitted with feature names
  warnings.warn(
C:\Users\yukik\fx-ai-trading\.venv\Lib\site-packages\sklearn\utils\validation.py:2691: UserWarning: X does not have valid feature names, but LGBMClassifier was fitted with feature names
  warnings.warn(
C:\Users\yukik\fx-ai-trading\.venv\Lib\site-packages\sklearn\utils\validation.py:2691: UserWarning: X does not have valid feature names, but LGBMClassifier was fitted with feature names
  warnings.warn(
C:\Users\yukik\fx-ai-trading\.venv\Lib\site-packages\sklearn\utils\validation.py:2691: UserWarning: X does not have valid feature names, but LGBMClassifier was fitted with feature names
  warnings.warn(
C:\Users\yukik\fx-ai-trading\.venv\Lib\site-packages\sklearn\utils\validation.py:2691: UserWarning: X does not have valid feature names, but LGBMClassifier was fitted with feature names
  warnings.warn(
C:\Users\yukik\fx-ai-trading\.venv\Lib\site-packages\sklearn\utils\validation.py:2691: UserWarning: X does not have valid feature names, but LGBMClassifier was fitted with feature names
  warnings.warn(
C:\Users\yukik\fx-ai-trading\.venv\Lib\site-packages\sklearn\utils\validation.py:2691: UserWarning: X does not have valid feature names, but LGBMClassifier was fitted with feature names
  warnings.warn(
C:\Users\yukik\fx-ai-trading\.venv\Lib\site-packages\sklearn\utils\validation.py:2691: UserWarning: X does not have valid feature names, but LGBMClassifier was fitted with feature names
  warnings.warn(
C:\Users\yukik\fx-ai-trading\.venv\Lib\site-packages\sklearn\utils\validation.py:2691: UserWarning: X does not have valid feature names, but LGBMClassifier was fitted with feature names
  warnings.warn(
C:\Users\yukik\fx-ai-trading\.venv\Lib\site-packages\sklearn\utils\validation.py:2691: UserWarning: X does not have valid feature names, but LGBMClassifier was fitted with feature names
  warnings.warn(
C:\Users\yukik\fx-ai-trading\.venv\Lib\site-packages\sklearn\utils\validation.py:2691: UserWarning: X does not have valid feature names, but LGBMClassifier was fitted with feature names
  warnings.warn(
C:\Users\yukik\fx-ai-trading\.venv\Lib\site-packages\sklearn\utils\validation.py:2691: UserWarning: X does not have valid feature names, but LGBMClassifier was fitted with feature names
  warnings.warn(
C:\Users\yukik\fx-ai-trading\.venv\Lib\site-packages\sklearn\utils\validation.py:2691: UserWarning: X does not have valid feature names, but LGBMClassifier was fitted with feature names
  warnings.warn(
C:\Users\yukik\fx-ai-trading\.venv\Lib\site-packages\sklearn\utils\validation.py:2691: UserWarning: X does not have valid feature names, but LGBMClassifier was fitted with feature names
  warnings.warn(
C:\Users\yukik\fx-ai-trading\.venv\Lib\site-packages\sklearn\utils\validation.py:2691: UserWarning: X does not have valid feature names, but LGBMClassifier was fitted with feature names
  warnings.warn(
C:\Users\yukik\fx-ai-trading\.venv\Lib\site-packages\sklearn\utils\validation.py:2691: UserWarning: X does not have valid feature names, but LGBMClassifier was fitted with feature names
  warnings.warn(
C:\Users\yukik\fx-ai-trading\.venv\Lib\site-packages\sklearn\utils\validation.py:2691: UserWarning: X does not have valid feature names, but LGBMClassifier was fitted with feature names
  warnings.warn(
C:\Users\yukik\fx-ai-trading\.venv\Lib\site-packages\sklearn\utils\validation.py:2691: UserWarning: X does not have valid feature names, but LGBMClassifier was fitted with feature names
  warnings.warn(
C:\Users\yukik\fx-ai-trading\.venv\Lib\site-packages\sklearn\utils\validation.py:2691: UserWarning: X does not have valid feature names, but LGBMClassifier was fitted with feature names
  warnings.warn(
C:\Users\yukik\fx-ai-trading\.venv\Lib\site-packages\sklearn\utils\validation.py:2691: UserWarning: X does not have valid feature names, but LGBMClassifier was fitted with feature names
  warnings.warn(
    fold 13/17 done
C:\Users\yukik\fx-ai-trading\.venv\Lib\site-packages\sklearn\utils\validation.py:2691: UserWarning: X does not have valid feature names, but LGBMClassifier was fitted with feature names
  warnings.warn(
C:\Users\yukik\fx-ai-trading\.venv\Lib\site-packages\sklearn\utils\validation.py:2691: UserWarning: X does not have valid feature names, but LGBMClassifier was fitted with feature names
  warnings.warn(
C:\Users\yukik\fx-ai-trading\.venv\Lib\site-packages\sklearn\utils\validation.py:2691: UserWarning: X does not have valid feature names, but LGBMClassifier was fitted with feature names
  warnings.warn(
C:\Users\yukik\fx-ai-trading\.venv\Lib\site-packages\sklearn\utils\validation.py:2691: UserWarning: X does not have valid feature names, but LGBMClassifier was fitted with feature names
  warnings.warn(
C:\Users\yukik\fx-ai-trading\.venv\Lib\site-packages\sklearn\utils\validation.py:2691: UserWarning: X does not have valid feature names, but LGBMClassifier was fitted with feature names
  warnings.warn(
C:\Users\yukik\fx-ai-trading\.venv\Lib\site-packages\sklearn\utils\validation.py:2691: UserWarning: X does not have valid feature names, but LGBMClassifier was fitted with feature names
  warnings.warn(
C:\Users\yukik\fx-ai-trading\.venv\Lib\site-packages\sklearn\utils\validation.py:2691: UserWarning: X does not have valid feature names, but LGBMClassifier was fitted with feature names
  warnings.warn(
C:\Users\yukik\fx-ai-trading\.venv\Lib\site-packages\sklearn\utils\validation.py:2691: UserWarning: X does not have valid feature names, but LGBMClassifier was fitted with feature names
  warnings.warn(
C:\Users\yukik\fx-ai-trading\.venv\Lib\site-packages\sklearn\utils\validation.py:2691: UserWarning: X does not have valid feature names, but LGBMClassifier was fitted with feature names
  warnings.warn(
C:\Users\yukik\fx-ai-trading\.venv\Lib\site-packages\sklearn\utils\validation.py:2691: UserWarning: X does not have valid feature names, but LGBMClassifier was fitted with feature names
  warnings.warn(
C:\Users\yukik\fx-ai-trading\.venv\Lib\site-packages\sklearn\utils\validation.py:2691: UserWarning: X does not have valid feature names, but LGBMClassifier was fitted with feature names
  warnings.warn(
C:\Users\yukik\fx-ai-trading\.venv\Lib\site-packages\sklearn\utils\validation.py:2691: UserWarning: X does not have valid feature names, but LGBMClassifier was fitted with feature names
  warnings.warn(
C:\Users\yukik\fx-ai-trading\.venv\Lib\site-packages\sklearn\utils\validation.py:2691: UserWarning: X does not have valid feature names, but LGBMClassifier was fitted with feature names
  warnings.warn(
C:\Users\yukik\fx-ai-trading\.venv\Lib\site-packages\sklearn\utils\validation.py:2691: UserWarning: X does not have valid feature names, but LGBMClassifier was fitted with feature names
  warnings.warn(
C:\Users\yukik\fx-ai-trading\.venv\Lib\site-packages\sklearn\utils\validation.py:2691: UserWarning: X does not have valid feature names, but LGBMClassifier was fitted with feature names
  warnings.warn(
C:\Users\yukik\fx-ai-trading\.venv\Lib\site-packages\sklearn\utils\validation.py:2691: UserWarning: X does not have valid feature names, but LGBMClassifier was fitted with feature names
  warnings.warn(
C:\Users\yukik\fx-ai-trading\.venv\Lib\site-packages\sklearn\utils\validation.py:2691: UserWarning: X does not have valid feature names, but LGBMClassifier was fitted with feature names
  warnings.warn(
C:\Users\yukik\fx-ai-trading\.venv\Lib\site-packages\sklearn\utils\validation.py:2691: UserWarning: X does not have valid feature names, but LGBMClassifier was fitted with feature names
  warnings.warn(
C:\Users\yukik\fx-ai-trading\.venv\Lib\site-packages\sklearn\utils\validation.py:2691: UserWarning: X does not have valid feature names, but LGBMClassifier was fitted with feature names
  warnings.warn(
C:\Users\yukik\fx-ai-trading\.venv\Lib\site-packages\sklearn\utils\validation.py:2691: UserWarning: X does not have valid feature names, but LGBMClassifier was fitted with feature names
  warnings.warn(
    fold 14/17 done
C:\Users\yukik\fx-ai-trading\.venv\Lib\site-packages\sklearn\utils\validation.py:2691: UserWarning: X does not have valid feature names, but LGBMClassifier was fitted with feature names
  warnings.warn(
C:\Users\yukik\fx-ai-trading\.venv\Lib\site-packages\sklearn\utils\validation.py:2691: UserWarning: X does not have valid feature names, but LGBMClassifier was fitted with feature names
  warnings.warn(
C:\Users\yukik\fx-ai-trading\.venv\Lib\site-packages\sklearn\utils\validation.py:2691: UserWarning: X does not have valid feature names, but LGBMClassifier was fitted with feature names
  warnings.warn(
C:\Users\yukik\fx-ai-trading\.venv\Lib\site-packages\sklearn\utils\validation.py:2691: UserWarning: X does not have valid feature names, but LGBMClassifier was fitted with feature names
  warnings.warn(
C:\Users\yukik\fx-ai-trading\.venv\Lib\site-packages\sklearn\utils\validation.py:2691: UserWarning: X does not have valid feature names, but LGBMClassifier was fitted with feature names
  warnings.warn(
C:\Users\yukik\fx-ai-trading\.venv\Lib\site-packages\sklearn\utils\validation.py:2691: UserWarning: X does not have valid feature names, but LGBMClassifier was fitted with feature names
  warnings.warn(
C:\Users\yukik\fx-ai-trading\.venv\Lib\site-packages\sklearn\utils\validation.py:2691: UserWarning: X does not have valid feature names, but LGBMClassifier was fitted with feature names
  warnings.warn(
C:\Users\yukik\fx-ai-trading\.venv\Lib\site-packages\sklearn\utils\validation.py:2691: UserWarning: X does not have valid feature names, but LGBMClassifier was fitted with feature names
  warnings.warn(
C:\Users\yukik\fx-ai-trading\.venv\Lib\site-packages\sklearn\utils\validation.py:2691: UserWarning: X does not have valid feature names, but LGBMClassifier was fitted with feature names
  warnings.warn(
C:\Users\yukik\fx-ai-trading\.venv\Lib\site-packages\sklearn\utils\validation.py:2691: UserWarning: X does not have valid feature names, but LGBMClassifier was fitted with feature names
  warnings.warn(
C:\Users\yukik\fx-ai-trading\.venv\Lib\site-packages\sklearn\utils\validation.py:2691: UserWarning: X does not have valid feature names, but LGBMClassifier was fitted with feature names
  warnings.warn(
C:\Users\yukik\fx-ai-trading\.venv\Lib\site-packages\sklearn\utils\validation.py:2691: UserWarning: X does not have valid feature names, but LGBMClassifier was fitted with feature names
  warnings.warn(
C:\Users\yukik\fx-ai-trading\.venv\Lib\site-packages\sklearn\utils\validation.py:2691: UserWarning: X does not have valid feature names, but LGBMClassifier was fitted with feature names
  warnings.warn(
C:\Users\yukik\fx-ai-trading\.venv\Lib\site-packages\sklearn\utils\validation.py:2691: UserWarning: X does not have valid feature names, but LGBMClassifier was fitted with feature names
  warnings.warn(
C:\Users\yukik\fx-ai-trading\.venv\Lib\site-packages\sklearn\utils\validation.py:2691: UserWarning: X does not have valid feature names, but LGBMClassifier was fitted with feature names
  warnings.warn(
C:\Users\yukik\fx-ai-trading\.venv\Lib\site-packages\sklearn\utils\validation.py:2691: UserWarning: X does not have valid feature names, but LGBMClassifier was fitted with feature names
  warnings.warn(
C:\Users\yukik\fx-ai-trading\.venv\Lib\site-packages\sklearn\utils\validation.py:2691: UserWarning: X does not have valid feature names, but LGBMClassifier was fitted with feature names
  warnings.warn(
C:\Users\yukik\fx-ai-trading\.venv\Lib\site-packages\sklearn\utils\validation.py:2691: UserWarning: X does not have valid feature names, but LGBMClassifier was fitted with feature names
  warnings.warn(
C:\Users\yukik\fx-ai-trading\.venv\Lib\site-packages\sklearn\utils\validation.py:2691: UserWarning: X does not have valid feature names, but LGBMClassifier was fitted with feature names
  warnings.warn(
C:\Users\yukik\fx-ai-trading\.venv\Lib\site-packages\sklearn\utils\validation.py:2691: UserWarning: X does not have valid feature names, but LGBMClassifier was fitted with feature names
  warnings.warn(
    fold 15/17 done
C:\Users\yukik\fx-ai-trading\.venv\Lib\site-packages\sklearn\utils\validation.py:2691: UserWarning: X does not have valid feature names, but LGBMClassifier was fitted with feature names
  warnings.warn(
C:\Users\yukik\fx-ai-trading\.venv\Lib\site-packages\sklearn\utils\validation.py:2691: UserWarning: X does not have valid feature names, but LGBMClassifier was fitted with feature names
  warnings.warn(
C:\Users\yukik\fx-ai-trading\.venv\Lib\site-packages\sklearn\utils\validation.py:2691: UserWarning: X does not have valid feature names, but LGBMClassifier was fitted with feature names
  warnings.warn(
C:\Users\yukik\fx-ai-trading\.venv\Lib\site-packages\sklearn\utils\validation.py:2691: UserWarning: X does not have valid feature names, but LGBMClassifier was fitted with feature names
  warnings.warn(
C:\Users\yukik\fx-ai-trading\.venv\Lib\site-packages\sklearn\utils\validation.py:2691: UserWarning: X does not have valid feature names, but LGBMClassifier was fitted with feature names
  warnings.warn(
C:\Users\yukik\fx-ai-trading\.venv\Lib\site-packages\sklearn\utils\validation.py:2691: UserWarning: X does not have valid feature names, but LGBMClassifier was fitted with feature names
  warnings.warn(
C:\Users\yukik\fx-ai-trading\.venv\Lib\site-packages\sklearn\utils\validation.py:2691: UserWarning: X does not have valid feature names, but LGBMClassifier was fitted with feature names
  warnings.warn(
C:\Users\yukik\fx-ai-trading\.venv\Lib\site-packages\sklearn\utils\validation.py:2691: UserWarning: X does not have valid feature names, but LGBMClassifier was fitted with feature names
  warnings.warn(
C:\Users\yukik\fx-ai-trading\.venv\Lib\site-packages\sklearn\utils\validation.py:2691: UserWarning: X does not have valid feature names, but LGBMClassifier was fitted with feature names
  warnings.warn(
C:\Users\yukik\fx-ai-trading\.venv\Lib\site-packages\sklearn\utils\validation.py:2691: UserWarning: X does not have valid feature names, but LGBMClassifier was fitted with feature names
  warnings.warn(
C:\Users\yukik\fx-ai-trading\.venv\Lib\site-packages\sklearn\utils\validation.py:2691: UserWarning: X does not have valid feature names, but LGBMClassifier was fitted with feature names
  warnings.warn(
C:\Users\yukik\fx-ai-trading\.venv\Lib\site-packages\sklearn\utils\validation.py:2691: UserWarning: X does not have valid feature names, but LGBMClassifier was fitted with feature names
  warnings.warn(
C:\Users\yukik\fx-ai-trading\.venv\Lib\site-packages\sklearn\utils\validation.py:2691: UserWarning: X does not have valid feature names, but LGBMClassifier was fitted with feature names
  warnings.warn(
C:\Users\yukik\fx-ai-trading\.venv\Lib\site-packages\sklearn\utils\validation.py:2691: UserWarning: X does not have valid feature names, but LGBMClassifier was fitted with feature names
  warnings.warn(
C:\Users\yukik\fx-ai-trading\.venv\Lib\site-packages\sklearn\utils\validation.py:2691: UserWarning: X does not have valid feature names, but LGBMClassifier was fitted with feature names
  warnings.warn(
C:\Users\yukik\fx-ai-trading\.venv\Lib\site-packages\sklearn\utils\validation.py:2691: UserWarning: X does not have valid feature names, but LGBMClassifier was fitted with feature names
  warnings.warn(
C:\Users\yukik\fx-ai-trading\.venv\Lib\site-packages\sklearn\utils\validation.py:2691: UserWarning: X does not have valid feature names, but LGBMClassifier was fitted with feature names
  warnings.warn(
C:\Users\yukik\fx-ai-trading\.venv\Lib\site-packages\sklearn\utils\validation.py:2691: UserWarning: X does not have valid feature names, but LGBMClassifier was fitted with feature names
  warnings.warn(
C:\Users\yukik\fx-ai-trading\.venv\Lib\site-packages\sklearn\utils\validation.py:2691: UserWarning: X does not have valid feature names, but LGBMClassifier was fitted with feature names
  warnings.warn(
C:\Users\yukik\fx-ai-trading\.venv\Lib\site-packages\sklearn\utils\validation.py:2691: UserWarning: X does not have valid feature names, but LGBMClassifier was fitted with feature names
  warnings.warn(
    fold 16/17 done
C:\Users\yukik\fx-ai-trading\.venv\Lib\site-packages\sklearn\utils\validation.py:2691: UserWarning: X does not have valid feature names, but LGBMClassifier was fitted with feature names
  warnings.warn(
C:\Users\yukik\fx-ai-trading\.venv\Lib\site-packages\sklearn\utils\validation.py:2691: UserWarning: X does not have valid feature names, but LGBMClassifier was fitted with feature names
  warnings.warn(
C:\Users\yukik\fx-ai-trading\.venv\Lib\site-packages\sklearn\utils\validation.py:2691: UserWarning: X does not have valid feature names, but LGBMClassifier was fitted with feature names
  warnings.warn(
C:\Users\yukik\fx-ai-trading\.venv\Lib\site-packages\sklearn\utils\validation.py:2691: UserWarning: X does not have valid feature names, but LGBMClassifier was fitted with feature names
  warnings.warn(
C:\Users\yukik\fx-ai-trading\.venv\Lib\site-packages\sklearn\utils\validation.py:2691: UserWarning: X does not have valid feature names, but LGBMClassifier was fitted with feature names
  warnings.warn(
C:\Users\yukik\fx-ai-trading\.venv\Lib\site-packages\sklearn\utils\validation.py:2691: UserWarning: X does not have valid feature names, but LGBMClassifier was fitted with feature names
  warnings.warn(
C:\Users\yukik\fx-ai-trading\.venv\Lib\site-packages\sklearn\utils\validation.py:2691: UserWarning: X does not have valid feature names, but LGBMClassifier was fitted with feature names
  warnings.warn(
C:\Users\yukik\fx-ai-trading\.venv\Lib\site-packages\sklearn\utils\validation.py:2691: UserWarning: X does not have valid feature names, but LGBMClassifier was fitted with feature names
  warnings.warn(
C:\Users\yukik\fx-ai-trading\.venv\Lib\site-packages\sklearn\utils\validation.py:2691: UserWarning: X does not have valid feature names, but LGBMClassifier was fitted with feature names
  warnings.warn(
C:\Users\yukik\fx-ai-trading\.venv\Lib\site-packages\sklearn\utils\validation.py:2691: UserWarning: X does not have valid feature names, but LGBMClassifier was fitted with feature names
  warnings.warn(
C:\Users\yukik\fx-ai-trading\.venv\Lib\site-packages\sklearn\utils\validation.py:2691: UserWarning: X does not have valid feature names, but LGBMClassifier was fitted with feature names
  warnings.warn(
C:\Users\yukik\fx-ai-trading\.venv\Lib\site-packages\sklearn\utils\validation.py:2691: UserWarning: X does not have valid feature names, but LGBMClassifier was fitted with feature names
  warnings.warn(
C:\Users\yukik\fx-ai-trading\.venv\Lib\site-packages\sklearn\utils\validation.py:2691: UserWarning: X does not have valid feature names, but LGBMClassifier was fitted with feature names
  warnings.warn(
C:\Users\yukik\fx-ai-trading\.venv\Lib\site-packages\sklearn\utils\validation.py:2691: UserWarning: X does not have valid feature names, but LGBMClassifier was fitted with feature names
  warnings.warn(
C:\Users\yukik\fx-ai-trading\.venv\Lib\site-packages\sklearn\utils\validation.py:2691: UserWarning: X does not have valid feature names, but LGBMClassifier was fitted with feature names
  warnings.warn(
C:\Users\yukik\fx-ai-trading\.venv\Lib\site-packages\sklearn\utils\validation.py:2691: UserWarning: X does not have valid feature names, but LGBMClassifier was fitted with feature names
  warnings.warn(
C:\Users\yukik\fx-ai-trading\.venv\Lib\site-packages\sklearn\utils\validation.py:2691: UserWarning: X does not have valid feature names, but LGBMClassifier was fitted with feature names
  warnings.warn(
C:\Users\yukik\fx-ai-trading\.venv\Lib\site-packages\sklearn\utils\validation.py:2691: UserWarning: X does not have valid feature names, but LGBMClassifier was fitted with feature names
  warnings.warn(
C:\Users\yukik\fx-ai-trading\.venv\Lib\site-packages\sklearn\utils\validation.py:2691: UserWarning: X does not have valid feature names, but LGBMClassifier was fitted with feature names
  warnings.warn(
C:\Users\yukik\fx-ai-trading\.venv\Lib\site-packages\sklearn\utils\validation.py:2691: UserWarning: X does not have valid feature names, but LGBMClassifier was fitted with feature names
  warnings.warn(
    fold 17/17 done
  a_ref           feat=50  Sharpe=-0.0193  hit= 42.8%  n=   208  PnL=    -77.5  (364s)

  >> b_with_time_lagged (58 feat, +8)
C:\Users\yukik\fx-ai-trading\.venv\Lib\site-packages\sklearn\utils\validation.py:2691: UserWarning: X does not have valid feature names, but LGBMClassifier was fitted with feature names
  warnings.warn(
C:\Users\yukik\fx-ai-trading\.venv\Lib\site-packages\sklearn\utils\validation.py:2691: UserWarning: X does not have valid feature names, but LGBMClassifier was fitted with feature names
  warnings.warn(
C:\Users\yukik\fx-ai-trading\.venv\Lib\site-packages\sklearn\utils\validation.py:2691: UserWarning: X does not have valid feature names, but LGBMClassifier was fitted with feature names
  warnings.warn(
C:\Users\yukik\fx-ai-trading\.venv\Lib\site-packages\sklearn\utils\validation.py:2691: UserWarning: X does not have valid feature names, but LGBMClassifier was fitted with feature names
  warnings.warn(
C:\Users\yukik\fx-ai-trading\.venv\Lib\site-packages\sklearn\utils\validation.py:2691: UserWarning: X does not have valid feature names, but LGBMClassifier was fitted with feature names
  warnings.warn(
C:\Users\yukik\fx-ai-trading\.venv\Lib\site-packages\sklearn\utils\validation.py:2691: UserWarning: X does not have valid feature names, but LGBMClassifier was fitted with feature names
  warnings.warn(
C:\Users\yukik\fx-ai-trading\.venv\Lib\site-packages\sklearn\utils\validation.py:2691: UserWarning: X does not have valid feature names, but LGBMClassifier was fitted with feature names
  warnings.warn(
C:\Users\yukik\fx-ai-trading\.venv\Lib\site-packages\sklearn\utils\validation.py:2691: UserWarning: X does not have valid feature names, but LGBMClassifier was fitted with feature names
  warnings.warn(
C:\Users\yukik\fx-ai-trading\.venv\Lib\site-packages\sklearn\utils\validation.py:2691: UserWarning: X does not have valid feature names, but LGBMClassifier was fitted with feature names
  warnings.warn(
C:\Users\yukik\fx-ai-trading\.venv\Lib\site-packages\sklearn\utils\validation.py:2691: UserWarning: X does not have valid feature names, but LGBMClassifier was fitted with feature names
  warnings.warn(
C:\Users\yukik\fx-ai-trading\.venv\Lib\site-packages\sklearn\utils\validation.py:2691: UserWarning: X does not have valid feature names, but LGBMClassifier was fitted with feature names
  warnings.warn(
C:\Users\yukik\fx-ai-trading\.venv\Lib\site-packages\sklearn\utils\validation.py:2691: UserWarning: X does not have valid feature names, but LGBMClassifier was fitted with feature names
  warnings.warn(
C:\Users\yukik\fx-ai-trading\.venv\Lib\site-packages\sklearn\utils\validation.py:2691: UserWarning: X does not have valid feature names, but LGBMClassifier was fitted with feature names
  warnings.warn(
C:\Users\yukik\fx-ai-trading\.venv\Lib\site-packages\sklearn\utils\validation.py:2691: UserWarning: X does not have valid feature names, but LGBMClassifier was fitted with feature names
  warnings.warn(
C:\Users\yukik\fx-ai-trading\.venv\Lib\site-packages\sklearn\utils\validation.py:2691: UserWarning: X does not have valid feature names, but LGBMClassifier was fitted with feature names
  warnings.warn(
C:\Users\yukik\fx-ai-trading\.venv\Lib\site-packages\sklearn\utils\validation.py:2691: UserWarning: X does not have valid feature names, but LGBMClassifier was fitted with feature names
  warnings.warn(
C:\Users\yukik\fx-ai-trading\.venv\Lib\site-packages\sklearn\utils\validation.py:2691: UserWarning: X does not have valid feature names, but LGBMClassifier was fitted with feature names
  warnings.warn(
C:\Users\yukik\fx-ai-trading\.venv\Lib\site-packages\sklearn\utils\validation.py:2691: UserWarning: X does not have valid feature names, but LGBMClassifier was fitted with feature names
  warnings.warn(
C:\Users\yukik\fx-ai-trading\.venv\Lib\site-packages\sklearn\utils\validation.py:2691: UserWarning: X does not have valid feature names, but LGBMClassifier was fitted with feature names
  warnings.warn(
C:\Users\yukik\fx-ai-trading\.venv\Lib\site-packages\sklearn\utils\validation.py:2691: UserWarning: X does not have valid feature names, but LGBMClassifier was fitted with feature names
  warnings.warn(
    fold 1/17 done
C:\Users\yukik\fx-ai-trading\.venv\Lib\site-packages\sklearn\utils\validation.py:2691: UserWarning: X does not have valid feature names, but LGBMClassifier was fitted with feature names
  warnings.warn(
C:\Users\yukik\fx-ai-trading\.venv\Lib\site-packages\sklearn\utils\validation.py:2691: UserWarning: X does not have valid feature names, but LGBMClassifier was fitted with feature names
  warnings.warn(
C:\Users\yukik\fx-ai-trading\.venv\Lib\site-packages\sklearn\utils\validation.py:2691: UserWarning: X does not have valid feature names, but LGBMClassifier was fitted with feature names
  warnings.warn(
C:\Users\yukik\fx-ai-trading\.venv\Lib\site-packages\sklearn\utils\validation.py:2691: UserWarning: X does not have valid feature names, but LGBMClassifier was fitted with feature names
  warnings.warn(
C:\Users\yukik\fx-ai-trading\.venv\Lib\site-packages\sklearn\utils\validation.py:2691: UserWarning: X does not have valid feature names, but LGBMClassifier was fitted with feature names
  warnings.warn(
C:\Users\yukik\fx-ai-trading\.venv\Lib\site-packages\sklearn\utils\validation.py:2691: UserWarning: X does not have valid feature names, but LGBMClassifier was fitted with feature names
  warnings.warn(
C:\Users\yukik\fx-ai-trading\.venv\Lib\site-packages\sklearn\utils\validation.py:2691: UserWarning: X does not have valid feature names, but LGBMClassifier was fitted with feature names
  warnings.warn(
C:\Users\yukik\fx-ai-trading\.venv\Lib\site-packages\sklearn\utils\validation.py:2691: UserWarning: X does not have valid feature names, but LGBMClassifier was fitted with feature names
  warnings.warn(
C:\Users\yukik\fx-ai-trading\.venv\Lib\site-packages\sklearn\utils\validation.py:2691: UserWarning: X does not have valid feature names, but LGBMClassifier was fitted with feature names
  warnings.warn(
C:\Users\yukik\fx-ai-trading\.venv\Lib\site-packages\sklearn\utils\validation.py:2691: UserWarning: X does not have valid feature names, but LGBMClassifier was fitted with feature names
  warnings.warn(
C:\Users\yukik\fx-ai-trading\.venv\Lib\site-packages\sklearn\utils\validation.py:2691: UserWarning: X does not have valid feature names, but LGBMClassifier was fitted with feature names
  warnings.warn(
C:\Users\yukik\fx-ai-trading\.venv\Lib\site-packages\sklearn\utils\validation.py:2691: UserWarning: X does not have valid feature names, but LGBMClassifier was fitted with feature names
  warnings.warn(
C:\Users\yukik\fx-ai-trading\.venv\Lib\site-packages\sklearn\utils\validation.py:2691: UserWarning: X does not have valid feature names, but LGBMClassifier was fitted with feature names
  warnings.warn(
C:\Users\yukik\fx-ai-trading\.venv\Lib\site-packages\sklearn\utils\validation.py:2691: UserWarning: X does not have valid feature names, but LGBMClassifier was fitted with feature names
  warnings.warn(
C:\Users\yukik\fx-ai-trading\.venv\Lib\site-packages\sklearn\utils\validation.py:2691: UserWarning: X does not have valid feature names, but LGBMClassifier was fitted with feature names
  warnings.warn(
C:\Users\yukik\fx-ai-trading\.venv\Lib\site-packages\sklearn\utils\validation.py:2691: UserWarning: X does not have valid feature names, but LGBMClassifier was fitted with feature names
  warnings.warn(
C:\Users\yukik\fx-ai-trading\.venv\Lib\site-packages\sklearn\utils\validation.py:2691: UserWarning: X does not have valid feature names, but LGBMClassifier was fitted with feature names
  warnings.warn(
C:\Users\yukik\fx-ai-trading\.venv\Lib\site-packages\sklearn\utils\validation.py:2691: UserWarning: X does not have valid feature names, but LGBMClassifier was fitted with feature names
  warnings.warn(
C:\Users\yukik\fx-ai-trading\.venv\Lib\site-packages\sklearn\utils\validation.py:2691: UserWarning: X does not have valid feature names, but LGBMClassifier was fitted with feature names
  warnings.warn(
C:\Users\yukik\fx-ai-trading\.venv\Lib\site-packages\sklearn\utils\validation.py:2691: UserWarning: X does not have valid feature names, but LGBMClassifier was fitted with feature names
  warnings.warn(
    fold 2/17 done
C:\Users\yukik\fx-ai-trading\.venv\Lib\site-packages\sklearn\utils\validation.py:2691: UserWarning: X does not have valid feature names, but LGBMClassifier was fitted with feature names
  warnings.warn(
C:\Users\yukik\fx-ai-trading\.venv\Lib\site-packages\sklearn\utils\validation.py:2691: UserWarning: X does not have valid feature names, but LGBMClassifier was fitted with feature names
  warnings.warn(
C:\Users\yukik\fx-ai-trading\.venv\Lib\site-packages\sklearn\utils\validation.py:2691: UserWarning: X does not have valid feature names, but LGBMClassifier was fitted with feature names
  warnings.warn(
C:\Users\yukik\fx-ai-trading\.venv\Lib\site-packages\sklearn\utils\validation.py:2691: UserWarning: X does not have valid feature names, but LGBMClassifier was fitted with feature names
  warnings.warn(
C:\Users\yukik\fx-ai-trading\.venv\Lib\site-packages\sklearn\utils\validation.py:2691: UserWarning: X does not have valid feature names, but LGBMClassifier was fitted with feature names
  warnings.warn(
C:\Users\yukik\fx-ai-trading\.venv\Lib\site-packages\sklearn\utils\validation.py:2691: UserWarning: X does not have valid feature names, but LGBMClassifier was fitted with feature names
  warnings.warn(
C:\Users\yukik\fx-ai-trading\.venv\Lib\site-packages\sklearn\utils\validation.py:2691: UserWarning: X does not have valid feature names, but LGBMClassifier was fitted with feature names
  warnings.warn(
C:\Users\yukik\fx-ai-trading\.venv\Lib\site-packages\sklearn\utils\validation.py:2691: UserWarning: X does not have valid feature names, but LGBMClassifier was fitted with feature names
  warnings.warn(
C:\Users\yukik\fx-ai-trading\.venv\Lib\site-packages\sklearn\utils\validation.py:2691: UserWarning: X does not have valid feature names, but LGBMClassifier was fitted with feature names
  warnings.warn(
C:\Users\yukik\fx-ai-trading\.venv\Lib\site-packages\sklearn\utils\validation.py:2691: UserWarning: X does not have valid feature names, but LGBMClassifier was fitted with feature names
  warnings.warn(
C:\Users\yukik\fx-ai-trading\.venv\Lib\site-packages\sklearn\utils\validation.py:2691: UserWarning: X does not have valid feature names, but LGBMClassifier was fitted with feature names
  warnings.warn(
C:\Users\yukik\fx-ai-trading\.venv\Lib\site-packages\sklearn\utils\validation.py:2691: UserWarning: X does not have valid feature names, but LGBMClassifier was fitted with feature names
  warnings.warn(
C:\Users\yukik\fx-ai-trading\.venv\Lib\site-packages\sklearn\utils\validation.py:2691: UserWarning: X does not have valid feature names, but LGBMClassifier was fitted with feature names
  warnings.warn(
C:\Users\yukik\fx-ai-trading\.venv\Lib\site-packages\sklearn\utils\validation.py:2691: UserWarning: X does not have valid feature names, but LGBMClassifier was fitted with feature names
  warnings.warn(
C:\Users\yukik\fx-ai-trading\.venv\Lib\site-packages\sklearn\utils\validation.py:2691: UserWarning: X does not have valid feature names, but LGBMClassifier was fitted with feature names
  warnings.warn(
C:\Users\yukik\fx-ai-trading\.venv\Lib\site-packages\sklearn\utils\validation.py:2691: UserWarning: X does not have valid feature names, but LGBMClassifier was fitted with feature names
  warnings.warn(
C:\Users\yukik\fx-ai-trading\.venv\Lib\site-packages\sklearn\utils\validation.py:2691: UserWarning: X does not have valid feature names, but LGBMClassifier was fitted with feature names
  warnings.warn(
C:\Users\yukik\fx-ai-trading\.venv\Lib\site-packages\sklearn\utils\validation.py:2691: UserWarning: X does not have valid feature names, but LGBMClassifier was fitted with feature names
  warnings.warn(
C:\Users\yukik\fx-ai-trading\.venv\Lib\site-packages\sklearn\utils\validation.py:2691: UserWarning: X does not have valid feature names, but LGBMClassifier was fitted with feature names
  warnings.warn(
C:\Users\yukik\fx-ai-trading\.venv\Lib\site-packages\sklearn\utils\validation.py:2691: UserWarning: X does not have valid feature names, but LGBMClassifier was fitted with feature names
  warnings.warn(
    fold 3/17 done
C:\Users\yukik\fx-ai-trading\.venv\Lib\site-packages\sklearn\utils\validation.py:2691: UserWarning: X does not have valid feature names, but LGBMClassifier was fitted with feature names
  warnings.warn(
C:\Users\yukik\fx-ai-trading\.venv\Lib\site-packages\sklearn\utils\validation.py:2691: UserWarning: X does not have valid feature names, but LGBMClassifier was fitted with feature names
  warnings.warn(
C:\Users\yukik\fx-ai-trading\.venv\Lib\site-packages\sklearn\utils\validation.py:2691: UserWarning: X does not have valid feature names, but LGBMClassifier was fitted with feature names
  warnings.warn(
C:\Users\yukik\fx-ai-trading\.venv\Lib\site-packages\sklearn\utils\validation.py:2691: UserWarning: X does not have valid feature names, but LGBMClassifier was fitted with feature names
  warnings.warn(
C:\Users\yukik\fx-ai-trading\.venv\Lib\site-packages\sklearn\utils\validation.py:2691: UserWarning: X does not have valid feature names, but LGBMClassifier was fitted with feature names
  warnings.warn(
C:\Users\yukik\fx-ai-trading\.venv\Lib\site-packages\sklearn\utils\validation.py:2691: UserWarning: X does not have valid feature names, but LGBMClassifier was fitted with feature names
  warnings.warn(
C:\Users\yukik\fx-ai-trading\.venv\Lib\site-packages\sklearn\utils\validation.py:2691: UserWarning: X does not have valid feature names, but LGBMClassifier was fitted with feature names
  warnings.warn(
C:\Users\yukik\fx-ai-trading\.venv\Lib\site-packages\sklearn\utils\validation.py:2691: UserWarning: X does not have valid feature names, but LGBMClassifier was fitted with feature names
  warnings.warn(
C:\Users\yukik\fx-ai-trading\.venv\Lib\site-packages\sklearn\utils\validation.py:2691: UserWarning: X does not have valid feature names, but LGBMClassifier was fitted with feature names
  warnings.warn(
C:\Users\yukik\fx-ai-trading\.venv\Lib\site-packages\sklearn\utils\validation.py:2691: UserWarning: X does not have valid feature names, but LGBMClassifier was fitted with feature names
  warnings.warn(
C:\Users\yukik\fx-ai-trading\.venv\Lib\site-packages\sklearn\utils\validation.py:2691: UserWarning: X does not have valid feature names, but LGBMClassifier was fitted with feature names
  warnings.warn(
C:\Users\yukik\fx-ai-trading\.venv\Lib\site-packages\sklearn\utils\validation.py:2691: UserWarning: X does not have valid feature names, but LGBMClassifier was fitted with feature names
  warnings.warn(
C:\Users\yukik\fx-ai-trading\.venv\Lib\site-packages\sklearn\utils\validation.py:2691: UserWarning: X does not have valid feature names, but LGBMClassifier was fitted with feature names
  warnings.warn(
C:\Users\yukik\fx-ai-trading\.venv\Lib\site-packages\sklearn\utils\validation.py:2691: UserWarning: X does not have valid feature names, but LGBMClassifier was fitted with feature names
  warnings.warn(
C:\Users\yukik\fx-ai-trading\.venv\Lib\site-packages\sklearn\utils\validation.py:2691: UserWarning: X does not have valid feature names, but LGBMClassifier was fitted with feature names
  warnings.warn(
C:\Users\yukik\fx-ai-trading\.venv\Lib\site-packages\sklearn\utils\validation.py:2691: UserWarning: X does not have valid feature names, but LGBMClassifier was fitted with feature names
  warnings.warn(
C:\Users\yukik\fx-ai-trading\.venv\Lib\site-packages\sklearn\utils\validation.py:2691: UserWarning: X does not have valid feature names, but LGBMClassifier was fitted with feature names
  warnings.warn(
C:\Users\yukik\fx-ai-trading\.venv\Lib\site-packages\sklearn\utils\validation.py:2691: UserWarning: X does not have valid feature names, but LGBMClassifier was fitted with feature names
  warnings.warn(
C:\Users\yukik\fx-ai-trading\.venv\Lib\site-packages\sklearn\utils\validation.py:2691: UserWarning: X does not have valid feature names, but LGBMClassifier was fitted with feature names
  warnings.warn(
C:\Users\yukik\fx-ai-trading\.venv\Lib\site-packages\sklearn\utils\validation.py:2691: UserWarning: X does not have valid feature names, but LGBMClassifier was fitted with feature names
  warnings.warn(
    fold 4/17 done
C:\Users\yukik\fx-ai-trading\.venv\Lib\site-packages\sklearn\utils\validation.py:2691: UserWarning: X does not have valid feature names, but LGBMClassifier was fitted with feature names
  warnings.warn(
C:\Users\yukik\fx-ai-trading\.venv\Lib\site-packages\sklearn\utils\validation.py:2691: UserWarning: X does not have valid feature names, but LGBMClassifier was fitted with feature names
  warnings.warn(
C:\Users\yukik\fx-ai-trading\.venv\Lib\site-packages\sklearn\utils\validation.py:2691: UserWarning: X does not have valid feature names, but LGBMClassifier was fitted with feature names
  warnings.warn(
C:\Users\yukik\fx-ai-trading\.venv\Lib\site-packages\sklearn\utils\validation.py:2691: UserWarning: X does not have valid feature names, but LGBMClassifier was fitted with feature names
  warnings.warn(
C:\Users\yukik\fx-ai-trading\.venv\Lib\site-packages\sklearn\utils\validation.py:2691: UserWarning: X does not have valid feature names, but LGBMClassifier was fitted with feature names
  warnings.warn(
C:\Users\yukik\fx-ai-trading\.venv\Lib\site-packages\sklearn\utils\validation.py:2691: UserWarning: X does not have valid feature names, but LGBMClassifier was fitted with feature names
  warnings.warn(
C:\Users\yukik\fx-ai-trading\.venv\Lib\site-packages\sklearn\utils\validation.py:2691: UserWarning: X does not have valid feature names, but LGBMClassifier was fitted with feature names
  warnings.warn(
C:\Users\yukik\fx-ai-trading\.venv\Lib\site-packages\sklearn\utils\validation.py:2691: UserWarning: X does not have valid feature names, but LGBMClassifier was fitted with feature names
  warnings.warn(
C:\Users\yukik\fx-ai-trading\.venv\Lib\site-packages\sklearn\utils\validation.py:2691: UserWarning: X does not have valid feature names, but LGBMClassifier was fitted with feature names
  warnings.warn(
C:\Users\yukik\fx-ai-trading\.venv\Lib\site-packages\sklearn\utils\validation.py:2691: UserWarning: X does not have valid feature names, but LGBMClassifier was fitted with feature names
  warnings.warn(
C:\Users\yukik\fx-ai-trading\.venv\Lib\site-packages\sklearn\utils\validation.py:2691: UserWarning: X does not have valid feature names, but LGBMClassifier was fitted with feature names
  warnings.warn(
C:\Users\yukik\fx-ai-trading\.venv\Lib\site-packages\sklearn\utils\validation.py:2691: UserWarning: X does not have valid feature names, but LGBMClassifier was fitted with feature names
  warnings.warn(
C:\Users\yukik\fx-ai-trading\.venv\Lib\site-packages\sklearn\utils\validation.py:2691: UserWarning: X does not have valid feature names, but LGBMClassifier was fitted with feature names
  warnings.warn(
C:\Users\yukik\fx-ai-trading\.venv\Lib\site-packages\sklearn\utils\validation.py:2691: UserWarning: X does not have valid feature names, but LGBMClassifier was fitted with feature names
  warnings.warn(
C:\Users\yukik\fx-ai-trading\.venv\Lib\site-packages\sklearn\utils\validation.py:2691: UserWarning: X does not have valid feature names, but LGBMClassifier was fitted with feature names
  warnings.warn(
C:\Users\yukik\fx-ai-trading\.venv\Lib\site-packages\sklearn\utils\validation.py:2691: UserWarning: X does not have valid feature names, but LGBMClassifier was fitted with feature names
  warnings.warn(
C:\Users\yukik\fx-ai-trading\.venv\Lib\site-packages\sklearn\utils\validation.py:2691: UserWarning: X does not have valid feature names, but LGBMClassifier was fitted with feature names
  warnings.warn(
C:\Users\yukik\fx-ai-trading\.venv\Lib\site-packages\sklearn\utils\validation.py:2691: UserWarning: X does not have valid feature names, but LGBMClassifier was fitted with feature names
  warnings.warn(
C:\Users\yukik\fx-ai-trading\.venv\Lib\site-packages\sklearn\utils\validation.py:2691: UserWarning: X does not have valid feature names, but LGBMClassifier was fitted with feature names
  warnings.warn(
C:\Users\yukik\fx-ai-trading\.venv\Lib\site-packages\sklearn\utils\validation.py:2691: UserWarning: X does not have valid feature names, but LGBMClassifier was fitted with feature names
  warnings.warn(
    fold 5/17 done
C:\Users\yukik\fx-ai-trading\.venv\Lib\site-packages\sklearn\utils\validation.py:2691: UserWarning: X does not have valid feature names, but LGBMClassifier was fitted with feature names
  warnings.warn(
C:\Users\yukik\fx-ai-trading\.venv\Lib\site-packages\sklearn\utils\validation.py:2691: UserWarning: X does not have valid feature names, but LGBMClassifier was fitted with feature names
  warnings.warn(
C:\Users\yukik\fx-ai-trading\.venv\Lib\site-packages\sklearn\utils\validation.py:2691: UserWarning: X does not have valid feature names, but LGBMClassifier was fitted with feature names
  warnings.warn(
C:\Users\yukik\fx-ai-trading\.venv\Lib\site-packages\sklearn\utils\validation.py:2691: UserWarning: X does not have valid feature names, but LGBMClassifier was fitted with feature names
  warnings.warn(
C:\Users\yukik\fx-ai-trading\.venv\Lib\site-packages\sklearn\utils\validation.py:2691: UserWarning: X does not have valid feature names, but LGBMClassifier was fitted with feature names
  warnings.warn(
C:\Users\yukik\fx-ai-trading\.venv\Lib\site-packages\sklearn\utils\validation.py:2691: UserWarning: X does not have valid feature names, but LGBMClassifier was fitted with feature names
  warnings.warn(
C:\Users\yukik\fx-ai-trading\.venv\Lib\site-packages\sklearn\utils\validation.py:2691: UserWarning: X does not have valid feature names, but LGBMClassifier was fitted with feature names
  warnings.warn(
C:\Users\yukik\fx-ai-trading\.venv\Lib\site-packages\sklearn\utils\validation.py:2691: UserWarning: X does not have valid feature names, but LGBMClassifier was fitted with feature names
  warnings.warn(
C:\Users\yukik\fx-ai-trading\.venv\Lib\site-packages\sklearn\utils\validation.py:2691: UserWarning: X does not have valid feature names, but LGBMClassifier was fitted with feature names
  warnings.warn(
C:\Users\yukik\fx-ai-trading\.venv\Lib\site-packages\sklearn\utils\validation.py:2691: UserWarning: X does not have valid feature names, but LGBMClassifier was fitted with feature names
  warnings.warn(
C:\Users\yukik\fx-ai-trading\.venv\Lib\site-packages\sklearn\utils\validation.py:2691: UserWarning: X does not have valid feature names, but LGBMClassifier was fitted with feature names
  warnings.warn(
C:\Users\yukik\fx-ai-trading\.venv\Lib\site-packages\sklearn\utils\validation.py:2691: UserWarning: X does not have valid feature names, but LGBMClassifier was fitted with feature names
  warnings.warn(
C:\Users\yukik\fx-ai-trading\.venv\Lib\site-packages\sklearn\utils\validation.py:2691: UserWarning: X does not have valid feature names, but LGBMClassifier was fitted with feature names
  warnings.warn(
C:\Users\yukik\fx-ai-trading\.venv\Lib\site-packages\sklearn\utils\validation.py:2691: UserWarning: X does not have valid feature names, but LGBMClassifier was fitted with feature names
  warnings.warn(
C:\Users\yukik\fx-ai-trading\.venv\Lib\site-packages\sklearn\utils\validation.py:2691: UserWarning: X does not have valid feature names, but LGBMClassifier was fitted with feature names
  warnings.warn(
C:\Users\yukik\fx-ai-trading\.venv\Lib\site-packages\sklearn\utils\validation.py:2691: UserWarning: X does not have valid feature names, but LGBMClassifier was fitted with feature names
  warnings.warn(
C:\Users\yukik\fx-ai-trading\.venv\Lib\site-packages\sklearn\utils\validation.py:2691: UserWarning: X does not have valid feature names, but LGBMClassifier was fitted with feature names
  warnings.warn(
C:\Users\yukik\fx-ai-trading\.venv\Lib\site-packages\sklearn\utils\validation.py:2691: UserWarning: X does not have valid feature names, but LGBMClassifier was fitted with feature names
  warnings.warn(
C:\Users\yukik\fx-ai-trading\.venv\Lib\site-packages\sklearn\utils\validation.py:2691: UserWarning: X does not have valid feature names, but LGBMClassifier was fitted with feature names
  warnings.warn(
C:\Users\yukik\fx-ai-trading\.venv\Lib\site-packages\sklearn\utils\validation.py:2691: UserWarning: X does not have valid feature names, but LGBMClassifier was fitted with feature names
  warnings.warn(
    fold 6/17 done
C:\Users\yukik\fx-ai-trading\.venv\Lib\site-packages\sklearn\utils\validation.py:2691: UserWarning: X does not have valid feature names, but LGBMClassifier was fitted with feature names
  warnings.warn(
C:\Users\yukik\fx-ai-trading\.venv\Lib\site-packages\sklearn\utils\validation.py:2691: UserWarning: X does not have valid feature names, but LGBMClassifier was fitted with feature names
  warnings.warn(
C:\Users\yukik\fx-ai-trading\.venv\Lib\site-packages\sklearn\utils\validation.py:2691: UserWarning: X does not have valid feature names, but LGBMClassifier was fitted with feature names
  warnings.warn(
C:\Users\yukik\fx-ai-trading\.venv\Lib\site-packages\sklearn\utils\validation.py:2691: UserWarning: X does not have valid feature names, but LGBMClassifier was fitted with feature names
  warnings.warn(
C:\Users\yukik\fx-ai-trading\.venv\Lib\site-packages\sklearn\utils\validation.py:2691: UserWarning: X does not have valid feature names, but LGBMClassifier was fitted with feature names
  warnings.warn(
C:\Users\yukik\fx-ai-trading\.venv\Lib\site-packages\sklearn\utils\validation.py:2691: UserWarning: X does not have valid feature names, but LGBMClassifier was fitted with feature names
  warnings.warn(
C:\Users\yukik\fx-ai-trading\.venv\Lib\site-packages\sklearn\utils\validation.py:2691: UserWarning: X does not have valid feature names, but LGBMClassifier was fitted with feature names
  warnings.warn(
C:\Users\yukik\fx-ai-trading\.venv\Lib\site-packages\sklearn\utils\validation.py:2691: UserWarning: X does not have valid feature names, but LGBMClassifier was fitted with feature names
  warnings.warn(
C:\Users\yukik\fx-ai-trading\.venv\Lib\site-packages\sklearn\utils\validation.py:2691: UserWarning: X does not have valid feature names, but LGBMClassifier was fitted with feature names
  warnings.warn(
C:\Users\yukik\fx-ai-trading\.venv\Lib\site-packages\sklearn\utils\validation.py:2691: UserWarning: X does not have valid feature names, but LGBMClassifier was fitted with feature names
  warnings.warn(
C:\Users\yukik\fx-ai-trading\.venv\Lib\site-packages\sklearn\utils\validation.py:2691: UserWarning: X does not have valid feature names, but LGBMClassifier was fitted with feature names
  warnings.warn(
C:\Users\yukik\fx-ai-trading\.venv\Lib\site-packages\sklearn\utils\validation.py:2691: UserWarning: X does not have valid feature names, but LGBMClassifier was fitted with feature names
  warnings.warn(
C:\Users\yukik\fx-ai-trading\.venv\Lib\site-packages\sklearn\utils\validation.py:2691: UserWarning: X does not have valid feature names, but LGBMClassifier was fitted with feature names
  warnings.warn(
C:\Users\yukik\fx-ai-trading\.venv\Lib\site-packages\sklearn\utils\validation.py:2691: UserWarning: X does not have valid feature names, but LGBMClassifier was fitted with feature names
  warnings.warn(
C:\Users\yukik\fx-ai-trading\.venv\Lib\site-packages\sklearn\utils\validation.py:2691: UserWarning: X does not have valid feature names, but LGBMClassifier was fitted with feature names
  warnings.warn(
C:\Users\yukik\fx-ai-trading\.venv\Lib\site-packages\sklearn\utils\validation.py:2691: UserWarning: X does not have valid feature names, but LGBMClassifier was fitted with feature names
  warnings.warn(
C:\Users\yukik\fx-ai-trading\.venv\Lib\site-packages\sklearn\utils\validation.py:2691: UserWarning: X does not have valid feature names, but LGBMClassifier was fitted with feature names
  warnings.warn(
C:\Users\yukik\fx-ai-trading\.venv\Lib\site-packages\sklearn\utils\validation.py:2691: UserWarning: X does not have valid feature names, but LGBMClassifier was fitted with feature names
  warnings.warn(
C:\Users\yukik\fx-ai-trading\.venv\Lib\site-packages\sklearn\utils\validation.py:2691: UserWarning: X does not have valid feature names, but LGBMClassifier was fitted with feature names
  warnings.warn(
C:\Users\yukik\fx-ai-trading\.venv\Lib\site-packages\sklearn\utils\validation.py:2691: UserWarning: X does not have valid feature names, but LGBMClassifier was fitted with feature names
  warnings.warn(
    fold 7/17 done
C:\Users\yukik\fx-ai-trading\.venv\Lib\site-packages\sklearn\utils\validation.py:2691: UserWarning: X does not have valid feature names, but LGBMClassifier was fitted with feature names
  warnings.warn(
C:\Users\yukik\fx-ai-trading\.venv\Lib\site-packages\sklearn\utils\validation.py:2691: UserWarning: X does not have valid feature names, but LGBMClassifier was fitted with feature names
  warnings.warn(
C:\Users\yukik\fx-ai-trading\.venv\Lib\site-packages\sklearn\utils\validation.py:2691: UserWarning: X does not have valid feature names, but LGBMClassifier was fitted with feature names
  warnings.warn(
C:\Users\yukik\fx-ai-trading\.venv\Lib\site-packages\sklearn\utils\validation.py:2691: UserWarning: X does not have valid feature names, but LGBMClassifier was fitted with feature names
  warnings.warn(
C:\Users\yukik\fx-ai-trading\.venv\Lib\site-packages\sklearn\utils\validation.py:2691: UserWarning: X does not have valid feature names, but LGBMClassifier was fitted with feature names
  warnings.warn(
C:\Users\yukik\fx-ai-trading\.venv\Lib\site-packages\sklearn\utils\validation.py:2691: UserWarning: X does not have valid feature names, but LGBMClassifier was fitted with feature names
  warnings.warn(
C:\Users\yukik\fx-ai-trading\.venv\Lib\site-packages\sklearn\utils\validation.py:2691: UserWarning: X does not have valid feature names, but LGBMClassifier was fitted with feature names
  warnings.warn(
C:\Users\yukik\fx-ai-trading\.venv\Lib\site-packages\sklearn\utils\validation.py:2691: UserWarning: X does not have valid feature names, but LGBMClassifier was fitted with feature names
  warnings.warn(
C:\Users\yukik\fx-ai-trading\.venv\Lib\site-packages\sklearn\utils\validation.py:2691: UserWarning: X does not have valid feature names, but LGBMClassifier was fitted with feature names
  warnings.warn(
C:\Users\yukik\fx-ai-trading\.venv\Lib\site-packages\sklearn\utils\validation.py:2691: UserWarning: X does not have valid feature names, but LGBMClassifier was fitted with feature names
  warnings.warn(
C:\Users\yukik\fx-ai-trading\.venv\Lib\site-packages\sklearn\utils\validation.py:2691: UserWarning: X does not have valid feature names, but LGBMClassifier was fitted with feature names
  warnings.warn(
C:\Users\yukik\fx-ai-trading\.venv\Lib\site-packages\sklearn\utils\validation.py:2691: UserWarning: X does not have valid feature names, but LGBMClassifier was fitted with feature names
  warnings.warn(
C:\Users\yukik\fx-ai-trading\.venv\Lib\site-packages\sklearn\utils\validation.py:2691: UserWarning: X does not have valid feature names, but LGBMClassifier was fitted with feature names
  warnings.warn(
C:\Users\yukik\fx-ai-trading\.venv\Lib\site-packages\sklearn\utils\validation.py:2691: UserWarning: X does not have valid feature names, but LGBMClassifier was fitted with feature names
  warnings.warn(
C:\Users\yukik\fx-ai-trading\.venv\Lib\site-packages\sklearn\utils\validation.py:2691: UserWarning: X does not have valid feature names, but LGBMClassifier was fitted with feature names
  warnings.warn(
C:\Users\yukik\fx-ai-trading\.venv\Lib\site-packages\sklearn\utils\validation.py:2691: UserWarning: X does not have valid feature names, but LGBMClassifier was fitted with feature names
  warnings.warn(
C:\Users\yukik\fx-ai-trading\.venv\Lib\site-packages\sklearn\utils\validation.py:2691: UserWarning: X does not have valid feature names, but LGBMClassifier was fitted with feature names
  warnings.warn(
C:\Users\yukik\fx-ai-trading\.venv\Lib\site-packages\sklearn\utils\validation.py:2691: UserWarning: X does not have valid feature names, but LGBMClassifier was fitted with feature names
  warnings.warn(
C:\Users\yukik\fx-ai-trading\.venv\Lib\site-packages\sklearn\utils\validation.py:2691: UserWarning: X does not have valid feature names, but LGBMClassifier was fitted with feature names
  warnings.warn(
C:\Users\yukik\fx-ai-trading\.venv\Lib\site-packages\sklearn\utils\validation.py:2691: UserWarning: X does not have valid feature names, but LGBMClassifier was fitted with feature names
  warnings.warn(
    fold 8/17 done
C:\Users\yukik\fx-ai-trading\.venv\Lib\site-packages\sklearn\utils\validation.py:2691: UserWarning: X does not have valid feature names, but LGBMClassifier was fitted with feature names
  warnings.warn(
C:\Users\yukik\fx-ai-trading\.venv\Lib\site-packages\sklearn\utils\validation.py:2691: UserWarning: X does not have valid feature names, but LGBMClassifier was fitted with feature names
  warnings.warn(
C:\Users\yukik\fx-ai-trading\.venv\Lib\site-packages\sklearn\utils\validation.py:2691: UserWarning: X does not have valid feature names, but LGBMClassifier was fitted with feature names
  warnings.warn(
C:\Users\yukik\fx-ai-trading\.venv\Lib\site-packages\sklearn\utils\validation.py:2691: UserWarning: X does not have valid feature names, but LGBMClassifier was fitted with feature names
  warnings.warn(
C:\Users\yukik\fx-ai-trading\.venv\Lib\site-packages\sklearn\utils\validation.py:2691: UserWarning: X does not have valid feature names, but LGBMClassifier was fitted with feature names
  warnings.warn(
C:\Users\yukik\fx-ai-trading\.venv\Lib\site-packages\sklearn\utils\validation.py:2691: UserWarning: X does not have valid feature names, but LGBMClassifier was fitted with feature names
  warnings.warn(
C:\Users\yukik\fx-ai-trading\.venv\Lib\site-packages\sklearn\utils\validation.py:2691: UserWarning: X does not have valid feature names, but LGBMClassifier was fitted with feature names
  warnings.warn(
C:\Users\yukik\fx-ai-trading\.venv\Lib\site-packages\sklearn\utils\validation.py:2691: UserWarning: X does not have valid feature names, but LGBMClassifier was fitted with feature names
  warnings.warn(
C:\Users\yukik\fx-ai-trading\.venv\Lib\site-packages\sklearn\utils\validation.py:2691: UserWarning: X does not have valid feature names, but LGBMClassifier was fitted with feature names
  warnings.warn(
C:\Users\yukik\fx-ai-trading\.venv\Lib\site-packages\sklearn\utils\validation.py:2691: UserWarning: X does not have valid feature names, but LGBMClassifier was fitted with feature names
  warnings.warn(
C:\Users\yukik\fx-ai-trading\.venv\Lib\site-packages\sklearn\utils\validation.py:2691: UserWarning: X does not have valid feature names, but LGBMClassifier was fitted with feature names
  warnings.warn(
C:\Users\yukik\fx-ai-trading\.venv\Lib\site-packages\sklearn\utils\validation.py:2691: UserWarning: X does not have valid feature names, but LGBMClassifier was fitted with feature names
  warnings.warn(
C:\Users\yukik\fx-ai-trading\.venv\Lib\site-packages\sklearn\utils\validation.py:2691: UserWarning: X does not have valid feature names, but LGBMClassifier was fitted with feature names
  warnings.warn(
C:\Users\yukik\fx-ai-trading\.venv\Lib\site-packages\sklearn\utils\validation.py:2691: UserWarning: X does not have valid feature names, but LGBMClassifier was fitted with feature names
  warnings.warn(
C:\Users\yukik\fx-ai-trading\.venv\Lib\site-packages\sklearn\utils\validation.py:2691: UserWarning: X does not have valid feature names, but LGBMClassifier was fitted with feature names
  warnings.warn(
C:\Users\yukik\fx-ai-trading\.venv\Lib\site-packages\sklearn\utils\validation.py:2691: UserWarning: X does not have valid feature names, but LGBMClassifier was fitted with feature names
  warnings.warn(
C:\Users\yukik\fx-ai-trading\.venv\Lib\site-packages\sklearn\utils\validation.py:2691: UserWarning: X does not have valid feature names, but LGBMClassifier was fitted with feature names
  warnings.warn(
C:\Users\yukik\fx-ai-trading\.venv\Lib\site-packages\sklearn\utils\validation.py:2691: UserWarning: X does not have valid feature names, but LGBMClassifier was fitted with feature names
  warnings.warn(
C:\Users\yukik\fx-ai-trading\.venv\Lib\site-packages\sklearn\utils\validation.py:2691: UserWarning: X does not have valid feature names, but LGBMClassifier was fitted with feature names
  warnings.warn(
C:\Users\yukik\fx-ai-trading\.venv\Lib\site-packages\sklearn\utils\validation.py:2691: UserWarning: X does not have valid feature names, but LGBMClassifier was fitted with feature names
  warnings.warn(
    fold 9/17 done
C:\Users\yukik\fx-ai-trading\.venv\Lib\site-packages\sklearn\utils\validation.py:2691: UserWarning: X does not have valid feature names, but LGBMClassifier was fitted with feature names
  warnings.warn(
C:\Users\yukik\fx-ai-trading\.venv\Lib\site-packages\sklearn\utils\validation.py:2691: UserWarning: X does not have valid feature names, but LGBMClassifier was fitted with feature names
  warnings.warn(
C:\Users\yukik\fx-ai-trading\.venv\Lib\site-packages\sklearn\utils\validation.py:2691: UserWarning: X does not have valid feature names, but LGBMClassifier was fitted with feature names
  warnings.warn(
C:\Users\yukik\fx-ai-trading\.venv\Lib\site-packages\sklearn\utils\validation.py:2691: UserWarning: X does not have valid feature names, but LGBMClassifier was fitted with feature names
  warnings.warn(
C:\Users\yukik\fx-ai-trading\.venv\Lib\site-packages\sklearn\utils\validation.py:2691: UserWarning: X does not have valid feature names, but LGBMClassifier was fitted with feature names
  warnings.warn(
C:\Users\yukik\fx-ai-trading\.venv\Lib\site-packages\sklearn\utils\validation.py:2691: UserWarning: X does not have valid feature names, but LGBMClassifier was fitted with feature names
  warnings.warn(
C:\Users\yukik\fx-ai-trading\.venv\Lib\site-packages\sklearn\utils\validation.py:2691: UserWarning: X does not have valid feature names, but LGBMClassifier was fitted with feature names
  warnings.warn(
C:\Users\yukik\fx-ai-trading\.venv\Lib\site-packages\sklearn\utils\validation.py:2691: UserWarning: X does not have valid feature names, but LGBMClassifier was fitted with feature names
  warnings.warn(
C:\Users\yukik\fx-ai-trading\.venv\Lib\site-packages\sklearn\utils\validation.py:2691: UserWarning: X does not have valid feature names, but LGBMClassifier was fitted with feature names
  warnings.warn(
C:\Users\yukik\fx-ai-trading\.venv\Lib\site-packages\sklearn\utils\validation.py:2691: UserWarning: X does not have valid feature names, but LGBMClassifier was fitted with feature names
  warnings.warn(
C:\Users\yukik\fx-ai-trading\.venv\Lib\site-packages\sklearn\utils\validation.py:2691: UserWarning: X does not have valid feature names, but LGBMClassifier was fitted with feature names
  warnings.warn(
C:\Users\yukik\fx-ai-trading\.venv\Lib\site-packages\sklearn\utils\validation.py:2691: UserWarning: X does not have valid feature names, but LGBMClassifier was fitted with feature names
  warnings.warn(
C:\Users\yukik\fx-ai-trading\.venv\Lib\site-packages\sklearn\utils\validation.py:2691: UserWarning: X does not have valid feature names, but LGBMClassifier was fitted with feature names
  warnings.warn(
C:\Users\yukik\fx-ai-trading\.venv\Lib\site-packages\sklearn\utils\validation.py:2691: UserWarning: X does not have valid feature names, but LGBMClassifier was fitted with feature names
  warnings.warn(
C:\Users\yukik\fx-ai-trading\.venv\Lib\site-packages\sklearn\utils\validation.py:2691: UserWarning: X does not have valid feature names, but LGBMClassifier was fitted with feature names
  warnings.warn(
C:\Users\yukik\fx-ai-trading\.venv\Lib\site-packages\sklearn\utils\validation.py:2691: UserWarning: X does not have valid feature names, but LGBMClassifier was fitted with feature names
  warnings.warn(
C:\Users\yukik\fx-ai-trading\.venv\Lib\site-packages\sklearn\utils\validation.py:2691: UserWarning: X does not have valid feature names, but LGBMClassifier was fitted with feature names
  warnings.warn(
C:\Users\yukik\fx-ai-trading\.venv\Lib\site-packages\sklearn\utils\validation.py:2691: UserWarning: X does not have valid feature names, but LGBMClassifier was fitted with feature names
  warnings.warn(
C:\Users\yukik\fx-ai-trading\.venv\Lib\site-packages\sklearn\utils\validation.py:2691: UserWarning: X does not have valid feature names, but LGBMClassifier was fitted with feature names
  warnings.warn(
C:\Users\yukik\fx-ai-trading\.venv\Lib\site-packages\sklearn\utils\validation.py:2691: UserWarning: X does not have valid feature names, but LGBMClassifier was fitted with feature names
  warnings.warn(
    fold 10/17 done
C:\Users\yukik\fx-ai-trading\.venv\Lib\site-packages\sklearn\utils\validation.py:2691: UserWarning: X does not have valid feature names, but LGBMClassifier was fitted with feature names
  warnings.warn(
C:\Users\yukik\fx-ai-trading\.venv\Lib\site-packages\sklearn\utils\validation.py:2691: UserWarning: X does not have valid feature names, but LGBMClassifier was fitted with feature names
  warnings.warn(
C:\Users\yukik\fx-ai-trading\.venv\Lib\site-packages\sklearn\utils\validation.py:2691: UserWarning: X does not have valid feature names, but LGBMClassifier was fitted with feature names
  warnings.warn(
C:\Users\yukik\fx-ai-trading\.venv\Lib\site-packages\sklearn\utils\validation.py:2691: UserWarning: X does not have valid feature names, but LGBMClassifier was fitted with feature names
  warnings.warn(
C:\Users\yukik\fx-ai-trading\.venv\Lib\site-packages\sklearn\utils\validation.py:2691: UserWarning: X does not have valid feature names, but LGBMClassifier was fitted with feature names
  warnings.warn(
C:\Users\yukik\fx-ai-trading\.venv\Lib\site-packages\sklearn\utils\validation.py:2691: UserWarning: X does not have valid feature names, but LGBMClassifier was fitted with feature names
  warnings.warn(
C:\Users\yukik\fx-ai-trading\.venv\Lib\site-packages\sklearn\utils\validation.py:2691: UserWarning: X does not have valid feature names, but LGBMClassifier was fitted with feature names
  warnings.warn(
C:\Users\yukik\fx-ai-trading\.venv\Lib\site-packages\sklearn\utils\validation.py:2691: UserWarning: X does not have valid feature names, but LGBMClassifier was fitted with feature names
  warnings.warn(
C:\Users\yukik\fx-ai-trading\.venv\Lib\site-packages\sklearn\utils\validation.py:2691: UserWarning: X does not have valid feature names, but LGBMClassifier was fitted with feature names
  warnings.warn(
C:\Users\yukik\fx-ai-trading\.venv\Lib\site-packages\sklearn\utils\validation.py:2691: UserWarning: X does not have valid feature names, but LGBMClassifier was fitted with feature names
  warnings.warn(
C:\Users\yukik\fx-ai-trading\.venv\Lib\site-packages\sklearn\utils\validation.py:2691: UserWarning: X does not have valid feature names, but LGBMClassifier was fitted with feature names
  warnings.warn(
C:\Users\yukik\fx-ai-trading\.venv\Lib\site-packages\sklearn\utils\validation.py:2691: UserWarning: X does not have valid feature names, but LGBMClassifier was fitted with feature names
  warnings.warn(
C:\Users\yukik\fx-ai-trading\.venv\Lib\site-packages\sklearn\utils\validation.py:2691: UserWarning: X does not have valid feature names, but LGBMClassifier was fitted with feature names
  warnings.warn(
C:\Users\yukik\fx-ai-trading\.venv\Lib\site-packages\sklearn\utils\validation.py:2691: UserWarning: X does not have valid feature names, but LGBMClassifier was fitted with feature names
  warnings.warn(
C:\Users\yukik\fx-ai-trading\.venv\Lib\site-packages\sklearn\utils\validation.py:2691: UserWarning: X does not have valid feature names, but LGBMClassifier was fitted with feature names
  warnings.warn(
C:\Users\yukik\fx-ai-trading\.venv\Lib\site-packages\sklearn\utils\validation.py:2691: UserWarning: X does not have valid feature names, but LGBMClassifier was fitted with feature names
  warnings.warn(
C:\Users\yukik\fx-ai-trading\.venv\Lib\site-packages\sklearn\utils\validation.py:2691: UserWarning: X does not have valid feature names, but LGBMClassifier was fitted with feature names
  warnings.warn(
C:\Users\yukik\fx-ai-trading\.venv\Lib\site-packages\sklearn\utils\validation.py:2691: UserWarning: X does not have valid feature names, but LGBMClassifier was fitted with feature names
  warnings.warn(
C:\Users\yukik\fx-ai-trading\.venv\Lib\site-packages\sklearn\utils\validation.py:2691: UserWarning: X does not have valid feature names, but LGBMClassifier was fitted with feature names
  warnings.warn(
C:\Users\yukik\fx-ai-trading\.venv\Lib\site-packages\sklearn\utils\validation.py:2691: UserWarning: X does not have valid feature names, but LGBMClassifier was fitted with feature names
  warnings.warn(
    fold 11/17 done
C:\Users\yukik\fx-ai-trading\.venv\Lib\site-packages\sklearn\utils\validation.py:2691: UserWarning: X does not have valid feature names, but LGBMClassifier was fitted with feature names
  warnings.warn(
C:\Users\yukik\fx-ai-trading\.venv\Lib\site-packages\sklearn\utils\validation.py:2691: UserWarning: X does not have valid feature names, but LGBMClassifier was fitted with feature names
  warnings.warn(
C:\Users\yukik\fx-ai-trading\.venv\Lib\site-packages\sklearn\utils\validation.py:2691: UserWarning: X does not have valid feature names, but LGBMClassifier was fitted with feature names
  warnings.warn(
C:\Users\yukik\fx-ai-trading\.venv\Lib\site-packages\sklearn\utils\validation.py:2691: UserWarning: X does not have valid feature names, but LGBMClassifier was fitted with feature names
  warnings.warn(
C:\Users\yukik\fx-ai-trading\.venv\Lib\site-packages\sklearn\utils\validation.py:2691: UserWarning: X does not have valid feature names, but LGBMClassifier was fitted with feature names
  warnings.warn(
C:\Users\yukik\fx-ai-trading\.venv\Lib\site-packages\sklearn\utils\validation.py:2691: UserWarning: X does not have valid feature names, but LGBMClassifier was fitted with feature names
  warnings.warn(
C:\Users\yukik\fx-ai-trading\.venv\Lib\site-packages\sklearn\utils\validation.py:2691: UserWarning: X does not have valid feature names, but LGBMClassifier was fitted with feature names
  warnings.warn(
C:\Users\yukik\fx-ai-trading\.venv\Lib\site-packages\sklearn\utils\validation.py:2691: UserWarning: X does not have valid feature names, but LGBMClassifier was fitted with feature names
  warnings.warn(
C:\Users\yukik\fx-ai-trading\.venv\Lib\site-packages\sklearn\utils\validation.py:2691: UserWarning: X does not have valid feature names, but LGBMClassifier was fitted with feature names
  warnings.warn(
C:\Users\yukik\fx-ai-trading\.venv\Lib\site-packages\sklearn\utils\validation.py:2691: UserWarning: X does not have valid feature names, but LGBMClassifier was fitted with feature names
  warnings.warn(
C:\Users\yukik\fx-ai-trading\.venv\Lib\site-packages\sklearn\utils\validation.py:2691: UserWarning: X does not have valid feature names, but LGBMClassifier was fitted with feature names
  warnings.warn(
C:\Users\yukik\fx-ai-trading\.venv\Lib\site-packages\sklearn\utils\validation.py:2691: UserWarning: X does not have valid feature names, but LGBMClassifier was fitted with feature names
  warnings.warn(
C:\Users\yukik\fx-ai-trading\.venv\Lib\site-packages\sklearn\utils\validation.py:2691: UserWarning: X does not have valid feature names, but LGBMClassifier was fitted with feature names
  warnings.warn(
C:\Users\yukik\fx-ai-trading\.venv\Lib\site-packages\sklearn\utils\validation.py:2691: UserWarning: X does not have valid feature names, but LGBMClassifier was fitted with feature names
  warnings.warn(
C:\Users\yukik\fx-ai-trading\.venv\Lib\site-packages\sklearn\utils\validation.py:2691: UserWarning: X does not have valid feature names, but LGBMClassifier was fitted with feature names
  warnings.warn(
C:\Users\yukik\fx-ai-trading\.venv\Lib\site-packages\sklearn\utils\validation.py:2691: UserWarning: X does not have valid feature names, but LGBMClassifier was fitted with feature names
  warnings.warn(
C:\Users\yukik\fx-ai-trading\.venv\Lib\site-packages\sklearn\utils\validation.py:2691: UserWarning: X does not have valid feature names, but LGBMClassifier was fitted with feature names
  warnings.warn(
C:\Users\yukik\fx-ai-trading\.venv\Lib\site-packages\sklearn\utils\validation.py:2691: UserWarning: X does not have valid feature names, but LGBMClassifier was fitted with feature names
  warnings.warn(
C:\Users\yukik\fx-ai-trading\.venv\Lib\site-packages\sklearn\utils\validation.py:2691: UserWarning: X does not have valid feature names, but LGBMClassifier was fitted with feature names
  warnings.warn(
C:\Users\yukik\fx-ai-trading\.venv\Lib\site-packages\sklearn\utils\validation.py:2691: UserWarning: X does not have valid feature names, but LGBMClassifier was fitted with feature names
  warnings.warn(
    fold 12/17 done
C:\Users\yukik\fx-ai-trading\.venv\Lib\site-packages\sklearn\utils\validation.py:2691: UserWarning: X does not have valid feature names, but LGBMClassifier was fitted with feature names
  warnings.warn(
C:\Users\yukik\fx-ai-trading\.venv\Lib\site-packages\sklearn\utils\validation.py:2691: UserWarning: X does not have valid feature names, but LGBMClassifier was fitted with feature names
  warnings.warn(
C:\Users\yukik\fx-ai-trading\.venv\Lib\site-packages\sklearn\utils\validation.py:2691: UserWarning: X does not have valid feature names, but LGBMClassifier was fitted with feature names
  warnings.warn(
C:\Users\yukik\fx-ai-trading\.venv\Lib\site-packages\sklearn\utils\validation.py:2691: UserWarning: X does not have valid feature names, but LGBMClassifier was fitted with feature names
  warnings.warn(
C:\Users\yukik\fx-ai-trading\.venv\Lib\site-packages\sklearn\utils\validation.py:2691: UserWarning: X does not have valid feature names, but LGBMClassifier was fitted with feature names
  warnings.warn(
C:\Users\yukik\fx-ai-trading\.venv\Lib\site-packages\sklearn\utils\validation.py:2691: UserWarning: X does not have valid feature names, but LGBMClassifier was fitted with feature names
  warnings.warn(
C:\Users\yukik\fx-ai-trading\.venv\Lib\site-packages\sklearn\utils\validation.py:2691: UserWarning: X does not have valid feature names, but LGBMClassifier was fitted with feature names
  warnings.warn(
C:\Users\yukik\fx-ai-trading\.venv\Lib\site-packages\sklearn\utils\validation.py:2691: UserWarning: X does not have valid feature names, but LGBMClassifier was fitted with feature names
  warnings.warn(
C:\Users\yukik\fx-ai-trading\.venv\Lib\site-packages\sklearn\utils\validation.py:2691: UserWarning: X does not have valid feature names, but LGBMClassifier was fitted with feature names
  warnings.warn(
C:\Users\yukik\fx-ai-trading\.venv\Lib\site-packages\sklearn\utils\validation.py:2691: UserWarning: X does not have valid feature names, but LGBMClassifier was fitted with feature names
  warnings.warn(
C:\Users\yukik\fx-ai-trading\.venv\Lib\site-packages\sklearn\utils\validation.py:2691: UserWarning: X does not have valid feature names, but LGBMClassifier was fitted with feature names
  warnings.warn(
C:\Users\yukik\fx-ai-trading\.venv\Lib\site-packages\sklearn\utils\validation.py:2691: UserWarning: X does not have valid feature names, but LGBMClassifier was fitted with feature names
  warnings.warn(
C:\Users\yukik\fx-ai-trading\.venv\Lib\site-packages\sklearn\utils\validation.py:2691: UserWarning: X does not have valid feature names, but LGBMClassifier was fitted with feature names
  warnings.warn(
C:\Users\yukik\fx-ai-trading\.venv\Lib\site-packages\sklearn\utils\validation.py:2691: UserWarning: X does not have valid feature names, but LGBMClassifier was fitted with feature names
  warnings.warn(
C:\Users\yukik\fx-ai-trading\.venv\Lib\site-packages\sklearn\utils\validation.py:2691: UserWarning: X does not have valid feature names, but LGBMClassifier was fitted with feature names
  warnings.warn(
C:\Users\yukik\fx-ai-trading\.venv\Lib\site-packages\sklearn\utils\validation.py:2691: UserWarning: X does not have valid feature names, but LGBMClassifier was fitted with feature names
  warnings.warn(
C:\Users\yukik\fx-ai-trading\.venv\Lib\site-packages\sklearn\utils\validation.py:2691: UserWarning: X does not have valid feature names, but LGBMClassifier was fitted with feature names
  warnings.warn(
C:\Users\yukik\fx-ai-trading\.venv\Lib\site-packages\sklearn\utils\validation.py:2691: UserWarning: X does not have valid feature names, but LGBMClassifier was fitted with feature names
  warnings.warn(
C:\Users\yukik\fx-ai-trading\.venv\Lib\site-packages\sklearn\utils\validation.py:2691: UserWarning: X does not have valid feature names, but LGBMClassifier was fitted with feature names
  warnings.warn(
C:\Users\yukik\fx-ai-trading\.venv\Lib\site-packages\sklearn\utils\validation.py:2691: UserWarning: X does not have valid feature names, but LGBMClassifier was fitted with feature names
  warnings.warn(
    fold 13/17 done
C:\Users\yukik\fx-ai-trading\.venv\Lib\site-packages\sklearn\utils\validation.py:2691: UserWarning: X does not have valid feature names, but LGBMClassifier was fitted with feature names
  warnings.warn(
C:\Users\yukik\fx-ai-trading\.venv\Lib\site-packages\sklearn\utils\validation.py:2691: UserWarning: X does not have valid feature names, but LGBMClassifier was fitted with feature names
  warnings.warn(
C:\Users\yukik\fx-ai-trading\.venv\Lib\site-packages\sklearn\utils\validation.py:2691: UserWarning: X does not have valid feature names, but LGBMClassifier was fitted with feature names
  warnings.warn(
C:\Users\yukik\fx-ai-trading\.venv\Lib\site-packages\sklearn\utils\validation.py:2691: UserWarning: X does not have valid feature names, but LGBMClassifier was fitted with feature names
  warnings.warn(
C:\Users\yukik\fx-ai-trading\.venv\Lib\site-packages\sklearn\utils\validation.py:2691: UserWarning: X does not have valid feature names, but LGBMClassifier was fitted with feature names
  warnings.warn(
C:\Users\yukik\fx-ai-trading\.venv\Lib\site-packages\sklearn\utils\validation.py:2691: UserWarning: X does not have valid feature names, but LGBMClassifier was fitted with feature names
  warnings.warn(
C:\Users\yukik\fx-ai-trading\.venv\Lib\site-packages\sklearn\utils\validation.py:2691: UserWarning: X does not have valid feature names, but LGBMClassifier was fitted with feature names
  warnings.warn(
C:\Users\yukik\fx-ai-trading\.venv\Lib\site-packages\sklearn\utils\validation.py:2691: UserWarning: X does not have valid feature names, but LGBMClassifier was fitted with feature names
  warnings.warn(
C:\Users\yukik\fx-ai-trading\.venv\Lib\site-packages\sklearn\utils\validation.py:2691: UserWarning: X does not have valid feature names, but LGBMClassifier was fitted with feature names
  warnings.warn(
C:\Users\yukik\fx-ai-trading\.venv\Lib\site-packages\sklearn\utils\validation.py:2691: UserWarning: X does not have valid feature names, but LGBMClassifier was fitted with feature names
  warnings.warn(
C:\Users\yukik\fx-ai-trading\.venv\Lib\site-packages\sklearn\utils\validation.py:2691: UserWarning: X does not have valid feature names, but LGBMClassifier was fitted with feature names
  warnings.warn(
C:\Users\yukik\fx-ai-trading\.venv\Lib\site-packages\sklearn\utils\validation.py:2691: UserWarning: X does not have valid feature names, but LGBMClassifier was fitted with feature names
  warnings.warn(
C:\Users\yukik\fx-ai-trading\.venv\Lib\site-packages\sklearn\utils\validation.py:2691: UserWarning: X does not have valid feature names, but LGBMClassifier was fitted with feature names
  warnings.warn(
C:\Users\yukik\fx-ai-trading\.venv\Lib\site-packages\sklearn\utils\validation.py:2691: UserWarning: X does not have valid feature names, but LGBMClassifier was fitted with feature names
  warnings.warn(
C:\Users\yukik\fx-ai-trading\.venv\Lib\site-packages\sklearn\utils\validation.py:2691: UserWarning: X does not have valid feature names, but LGBMClassifier was fitted with feature names
  warnings.warn(
C:\Users\yukik\fx-ai-trading\.venv\Lib\site-packages\sklearn\utils\validation.py:2691: UserWarning: X does not have valid feature names, but LGBMClassifier was fitted with feature names
  warnings.warn(
C:\Users\yukik\fx-ai-trading\.venv\Lib\site-packages\sklearn\utils\validation.py:2691: UserWarning: X does not have valid feature names, but LGBMClassifier was fitted with feature names
  warnings.warn(
C:\Users\yukik\fx-ai-trading\.venv\Lib\site-packages\sklearn\utils\validation.py:2691: UserWarning: X does not have valid feature names, but LGBMClassifier was fitted with feature names
  warnings.warn(
C:\Users\yukik\fx-ai-trading\.venv\Lib\site-packages\sklearn\utils\validation.py:2691: UserWarning: X does not have valid feature names, but LGBMClassifier was fitted with feature names
  warnings.warn(
C:\Users\yukik\fx-ai-trading\.venv\Lib\site-packages\sklearn\utils\validation.py:2691: UserWarning: X does not have valid feature names, but LGBMClassifier was fitted with feature names
  warnings.warn(
    fold 14/17 done
C:\Users\yukik\fx-ai-trading\.venv\Lib\site-packages\sklearn\utils\validation.py:2691: UserWarning: X does not have valid feature names, but LGBMClassifier was fitted with feature names
  warnings.warn(
C:\Users\yukik\fx-ai-trading\.venv\Lib\site-packages\sklearn\utils\validation.py:2691: UserWarning: X does not have valid feature names, but LGBMClassifier was fitted with feature names
  warnings.warn(
C:\Users\yukik\fx-ai-trading\.venv\Lib\site-packages\sklearn\utils\validation.py:2691: UserWarning: X does not have valid feature names, but LGBMClassifier was fitted with feature names
  warnings.warn(
C:\Users\yukik\fx-ai-trading\.venv\Lib\site-packages\sklearn\utils\validation.py:2691: UserWarning: X does not have valid feature names, but LGBMClassifier was fitted with feature names
  warnings.warn(
C:\Users\yukik\fx-ai-trading\.venv\Lib\site-packages\sklearn\utils\validation.py:2691: UserWarning: X does not have valid feature names, but LGBMClassifier was fitted with feature names
  warnings.warn(
C:\Users\yukik\fx-ai-trading\.venv\Lib\site-packages\sklearn\utils\validation.py:2691: UserWarning: X does not have valid feature names, but LGBMClassifier was fitted with feature names
  warnings.warn(
C:\Users\yukik\fx-ai-trading\.venv\Lib\site-packages\sklearn\utils\validation.py:2691: UserWarning: X does not have valid feature names, but LGBMClassifier was fitted with feature names
  warnings.warn(
C:\Users\yukik\fx-ai-trading\.venv\Lib\site-packages\sklearn\utils\validation.py:2691: UserWarning: X does not have valid feature names, but LGBMClassifier was fitted with feature names
  warnings.warn(
C:\Users\yukik\fx-ai-trading\.venv\Lib\site-packages\sklearn\utils\validation.py:2691: UserWarning: X does not have valid feature names, but LGBMClassifier was fitted with feature names
  warnings.warn(
C:\Users\yukik\fx-ai-trading\.venv\Lib\site-packages\sklearn\utils\validation.py:2691: UserWarning: X does not have valid feature names, but LGBMClassifier was fitted with feature names
  warnings.warn(
C:\Users\yukik\fx-ai-trading\.venv\Lib\site-packages\sklearn\utils\validation.py:2691: UserWarning: X does not have valid feature names, but LGBMClassifier was fitted with feature names
  warnings.warn(
C:\Users\yukik\fx-ai-trading\.venv\Lib\site-packages\sklearn\utils\validation.py:2691: UserWarning: X does not have valid feature names, but LGBMClassifier was fitted with feature names
  warnings.warn(
C:\Users\yukik\fx-ai-trading\.venv\Lib\site-packages\sklearn\utils\validation.py:2691: UserWarning: X does not have valid feature names, but LGBMClassifier was fitted with feature names
  warnings.warn(
C:\Users\yukik\fx-ai-trading\.venv\Lib\site-packages\sklearn\utils\validation.py:2691: UserWarning: X does not have valid feature names, but LGBMClassifier was fitted with feature names
  warnings.warn(
C:\Users\yukik\fx-ai-trading\.venv\Lib\site-packages\sklearn\utils\validation.py:2691: UserWarning: X does not have valid feature names, but LGBMClassifier was fitted with feature names
  warnings.warn(
C:\Users\yukik\fx-ai-trading\.venv\Lib\site-packages\sklearn\utils\validation.py:2691: UserWarning: X does not have valid feature names, but LGBMClassifier was fitted with feature names
  warnings.warn(
C:\Users\yukik\fx-ai-trading\.venv\Lib\site-packages\sklearn\utils\validation.py:2691: UserWarning: X does not have valid feature names, but LGBMClassifier was fitted with feature names
  warnings.warn(
C:\Users\yukik\fx-ai-trading\.venv\Lib\site-packages\sklearn\utils\validation.py:2691: UserWarning: X does not have valid feature names, but LGBMClassifier was fitted with feature names
  warnings.warn(
C:\Users\yukik\fx-ai-trading\.venv\Lib\site-packages\sklearn\utils\validation.py:2691: UserWarning: X does not have valid feature names, but LGBMClassifier was fitted with feature names
  warnings.warn(
C:\Users\yukik\fx-ai-trading\.venv\Lib\site-packages\sklearn\utils\validation.py:2691: UserWarning: X does not have valid feature names, but LGBMClassifier was fitted with feature names
  warnings.warn(
    fold 15/17 done
C:\Users\yukik\fx-ai-trading\.venv\Lib\site-packages\sklearn\utils\validation.py:2691: UserWarning: X does not have valid feature names, but LGBMClassifier was fitted with feature names
  warnings.warn(
C:\Users\yukik\fx-ai-trading\.venv\Lib\site-packages\sklearn\utils\validation.py:2691: UserWarning: X does not have valid feature names, but LGBMClassifier was fitted with feature names
  warnings.warn(
C:\Users\yukik\fx-ai-trading\.venv\Lib\site-packages\sklearn\utils\validation.py:2691: UserWarning: X does not have valid feature names, but LGBMClassifier was fitted with feature names
  warnings.warn(
C:\Users\yukik\fx-ai-trading\.venv\Lib\site-packages\sklearn\utils\validation.py:2691: UserWarning: X does not have valid feature names, but LGBMClassifier was fitted with feature names
  warnings.warn(
C:\Users\yukik\fx-ai-trading\.venv\Lib\site-packages\sklearn\utils\validation.py:2691: UserWarning: X does not have valid feature names, but LGBMClassifier was fitted with feature names
  warnings.warn(
C:\Users\yukik\fx-ai-trading\.venv\Lib\site-packages\sklearn\utils\validation.py:2691: UserWarning: X does not have valid feature names, but LGBMClassifier was fitted with feature names
  warnings.warn(
C:\Users\yukik\fx-ai-trading\.venv\Lib\site-packages\sklearn\utils\validation.py:2691: UserWarning: X does not have valid feature names, but LGBMClassifier was fitted with feature names
  warnings.warn(
C:\Users\yukik\fx-ai-trading\.venv\Lib\site-packages\sklearn\utils\validation.py:2691: UserWarning: X does not have valid feature names, but LGBMClassifier was fitted with feature names
  warnings.warn(
C:\Users\yukik\fx-ai-trading\.venv\Lib\site-packages\sklearn\utils\validation.py:2691: UserWarning: X does not have valid feature names, but LGBMClassifier was fitted with feature names
  warnings.warn(
C:\Users\yukik\fx-ai-trading\.venv\Lib\site-packages\sklearn\utils\validation.py:2691: UserWarning: X does not have valid feature names, but LGBMClassifier was fitted with feature names
  warnings.warn(
C:\Users\yukik\fx-ai-trading\.venv\Lib\site-packages\sklearn\utils\validation.py:2691: UserWarning: X does not have valid feature names, but LGBMClassifier was fitted with feature names
  warnings.warn(
C:\Users\yukik\fx-ai-trading\.venv\Lib\site-packages\sklearn\utils\validation.py:2691: UserWarning: X does not have valid feature names, but LGBMClassifier was fitted with feature names
  warnings.warn(
C:\Users\yukik\fx-ai-trading\.venv\Lib\site-packages\sklearn\utils\validation.py:2691: UserWarning: X does not have valid feature names, but LGBMClassifier was fitted with feature names
  warnings.warn(
C:\Users\yukik\fx-ai-trading\.venv\Lib\site-packages\sklearn\utils\validation.py:2691: UserWarning: X does not have valid feature names, but LGBMClassifier was fitted with feature names
  warnings.warn(
C:\Users\yukik\fx-ai-trading\.venv\Lib\site-packages\sklearn\utils\validation.py:2691: UserWarning: X does not have valid feature names, but LGBMClassifier was fitted with feature names
  warnings.warn(
C:\Users\yukik\fx-ai-trading\.venv\Lib\site-packages\sklearn\utils\validation.py:2691: UserWarning: X does not have valid feature names, but LGBMClassifier was fitted with feature names
  warnings.warn(
C:\Users\yukik\fx-ai-trading\.venv\Lib\site-packages\sklearn\utils\validation.py:2691: UserWarning: X does not have valid feature names, but LGBMClassifier was fitted with feature names
  warnings.warn(
C:\Users\yukik\fx-ai-trading\.venv\Lib\site-packages\sklearn\utils\validation.py:2691: UserWarning: X does not have valid feature names, but LGBMClassifier was fitted with feature names
  warnings.warn(
C:\Users\yukik\fx-ai-trading\.venv\Lib\site-packages\sklearn\utils\validation.py:2691: UserWarning: X does not have valid feature names, but LGBMClassifier was fitted with feature names
  warnings.warn(
C:\Users\yukik\fx-ai-trading\.venv\Lib\site-packages\sklearn\utils\validation.py:2691: UserWarning: X does not have valid feature names, but LGBMClassifier was fitted with feature names
  warnings.warn(
    fold 16/17 done
C:\Users\yukik\fx-ai-trading\.venv\Lib\site-packages\sklearn\utils\validation.py:2691: UserWarning: X does not have valid feature names, but LGBMClassifier was fitted with feature names
  warnings.warn(
C:\Users\yukik\fx-ai-trading\.venv\Lib\site-packages\sklearn\utils\validation.py:2691: UserWarning: X does not have valid feature names, but LGBMClassifier was fitted with feature names
  warnings.warn(
C:\Users\yukik\fx-ai-trading\.venv\Lib\site-packages\sklearn\utils\validation.py:2691: UserWarning: X does not have valid feature names, but LGBMClassifier was fitted with feature names
  warnings.warn(
C:\Users\yukik\fx-ai-trading\.venv\Lib\site-packages\sklearn\utils\validation.py:2691: UserWarning: X does not have valid feature names, but LGBMClassifier was fitted with feature names
  warnings.warn(
C:\Users\yukik\fx-ai-trading\.venv\Lib\site-packages\sklearn\utils\validation.py:2691: UserWarning: X does not have valid feature names, but LGBMClassifier was fitted with feature names
  warnings.warn(
C:\Users\yukik\fx-ai-trading\.venv\Lib\site-packages\sklearn\utils\validation.py:2691: UserWarning: X does not have valid feature names, but LGBMClassifier was fitted with feature names
  warnings.warn(
C:\Users\yukik\fx-ai-trading\.venv\Lib\site-packages\sklearn\utils\validation.py:2691: UserWarning: X does not have valid feature names, but LGBMClassifier was fitted with feature names
  warnings.warn(
C:\Users\yukik\fx-ai-trading\.venv\Lib\site-packages\sklearn\utils\validation.py:2691: UserWarning: X does not have valid feature names, but LGBMClassifier was fitted with feature names
  warnings.warn(
C:\Users\yukik\fx-ai-trading\.venv\Lib\site-packages\sklearn\utils\validation.py:2691: UserWarning: X does not have valid feature names, but LGBMClassifier was fitted with feature names
  warnings.warn(
C:\Users\yukik\fx-ai-trading\.venv\Lib\site-packages\sklearn\utils\validation.py:2691: UserWarning: X does not have valid feature names, but LGBMClassifier was fitted with feature names
  warnings.warn(
C:\Users\yukik\fx-ai-trading\.venv\Lib\site-packages\sklearn\utils\validation.py:2691: UserWarning: X does not have valid feature names, but LGBMClassifier was fitted with feature names
  warnings.warn(
C:\Users\yukik\fx-ai-trading\.venv\Lib\site-packages\sklearn\utils\validation.py:2691: UserWarning: X does not have valid feature names, but LGBMClassifier was fitted with feature names
  warnings.warn(
C:\Users\yukik\fx-ai-trading\.venv\Lib\site-packages\sklearn\utils\validation.py:2691: UserWarning: X does not have valid feature names, but LGBMClassifier was fitted with feature names
  warnings.warn(
C:\Users\yukik\fx-ai-trading\.venv\Lib\site-packages\sklearn\utils\validation.py:2691: UserWarning: X does not have valid feature names, but LGBMClassifier was fitted with feature names
  warnings.warn(
C:\Users\yukik\fx-ai-trading\.venv\Lib\site-packages\sklearn\utils\validation.py:2691: UserWarning: X does not have valid feature names, but LGBMClassifier was fitted with feature names
  warnings.warn(
C:\Users\yukik\fx-ai-trading\.venv\Lib\site-packages\sklearn\utils\validation.py:2691: UserWarning: X does not have valid feature names, but LGBMClassifier was fitted with feature names
  warnings.warn(
C:\Users\yukik\fx-ai-trading\.venv\Lib\site-packages\sklearn\utils\validation.py:2691: UserWarning: X does not have valid feature names, but LGBMClassifier was fitted with feature names
  warnings.warn(
C:\Users\yukik\fx-ai-trading\.venv\Lib\site-packages\sklearn\utils\validation.py:2691: UserWarning: X does not have valid feature names, but LGBMClassifier was fitted with feature names
  warnings.warn(
C:\Users\yukik\fx-ai-trading\.venv\Lib\site-packages\sklearn\utils\validation.py:2691: UserWarning: X does not have valid feature names, but LGBMClassifier was fitted with feature names
  warnings.warn(
C:\Users\yukik\fx-ai-trading\.venv\Lib\site-packages\sklearn\utils\validation.py:2691: UserWarning: X does not have valid feature names, but LGBMClassifier was fitted with feature names
  warnings.warn(
    fold 17/17 done
  b_with_time_lagged  feat=58  Sharpe=-0.1008  hit= 38.0%  n=   447  PnL=   -774.9  (396s)


====================================================================================================
STAGE 1.3 SUMMARY
====================================================================================================
  Case                          Variant                 Feat    Sharpe    Hit%        N         PnL
  --------------------------------------------------------------------------------------------------
  M1_V2_Regime_full             a_ref                     53   -0.0493    33.1%      121       -76.4
  M1_V2_Regime_full             b_with_time_lagged        61   -0.1782    31.4%      118      -285.0
  M1_chained_Regime_cont        a_ref                     49   -0.0783    37.3%      225      -215.7
  M1_chained_Regime_cont        b_with_time_lagged        57   -0.1673    33.2%      208      -429.1
  M15_chained_CSI               a_ref                     50   -0.0193    42.8%      208       -77.5
  M15_chained_CSI               b_with_time_lagged        58   -0.1008    38.0%      447      -774.9
====================================================================================================
