================================================================================
Stage 13.0a - M1 v3 multi-seed ensemble (5 seeds)
  features: 17 (base + spread)
================================================================================
  loaded 20 pairs
  features built (28.4s)
  feat_cols: 17 features
  labels built (21.6s)
  folds: 5, test window: 365 days
    fold 1/5: trained 5 models (153s)
C:\Users\yukik\fx-ai-trading\.venv\Lib\site-packages\sklearn\utils\validation.py:2691: UserWarning: X does not have valid feature names, but LGBMClassifier was fitted with feature names
  warnings.warn(
C:\Users\yukik\fx-ai-trading\.venv\Lib\site-packages\sklearn\utils\validation.py:2691: UserWarning: X does not have valid feature names, but LGBMClassifier was fitted with feature names
  warnings.warn(
C:\Users\yukik\fx-ai-trading\.venv\Lib\site-packages\sklearn\utils\validation.py:2691: UserWarning: X does not have valid feature names, but LGBMClassifier was fitted with feature names
  warnings.warn(
C:\Users\yukik\fx-ai-trading\.venv\Lib\site-packages\sklearn\utils\validation.py:2691: UserWarning: X does not have valid feature names, but LGBMClassifier was fitted with feature names
  warnings.warn(
C:\Users\yukik\fx-ai-trading\.venv\Lib\site-packages\sklearn\utils\validation.py:2691: UserWarning: X does not have valid feature names, but LGBMClassifier was fitted with feature names
  warnings.warn(
C:\Users\yukik\fx-ai-trading\.venv\Lib\site-packages\sklearn\utils\validation.py:2691: UserWarning: X does not have valid feature names, but LGBMClassifier was fitted with feature names
  warnings.warn(
C:\Users\yukik\fx-ai-trading\.venv\Lib\site-packages\sklearn\utils\validation.py:2691: UserWarning: X does not have valid feature names, but LGBMClassifier was fitted with feature names
  warnings.warn(
C:\Users\yukik\fx-ai-trading\.venv\Lib\site-packages\sklearn\utils\validation.py:2691: UserWarning: X does not have valid feature names, but LGBMClassifier was fitted with feature names
  warnings.warn(
C:\Users\yukik\fx-ai-trading\.venv\Lib\site-packages\sklearn\utils\validation.py:2691: UserWarning: X does not have valid feature names, but LGBMClassifier was fitted with feature names
  warnings.warn(
C:\Users\yukik\fx-ai-trading\.venv\Lib\site-packages\sklearn\utils\validation.py:2691: UserWarning: X does not have valid feature names, but LGBMClassifier was fitted with feature names
  warnings.warn(
C:\Users\yukik\fx-ai-trading\.venv\Lib\site-packages\sklearn\utils\validation.py:2691: UserWarning: X does not have valid feature names, but LGBMClassifier was fitted with feature names
  warnings.warn(
C:\Users\yukik\fx-ai-trading\.venv\Lib\site-packages\sklearn\utils\validation.py:2691: UserWarning: X does not have valid feature names, but LGBMClassifier was fitted with feature names
  warnings.warn(
C:\Users\yukik\fx-ai-trading\.venv\Lib\site-packages\sklearn\utils\validation.py:2691: UserWarning: X does not have valid feature names, but LGBMClassifier was fitted with feature names
  warnings.warn(
C:\Users\yukik\fx-ai-trading\.venv\Lib\site-packages\sklearn\utils\validation.py:2691: UserWarning: X does not have valid feature names, but LGBMClassifier was fitted with feature names
  warnings.warn(
C:\Users\yukik\fx-ai-trading\.venv\Lib\site-packages\sklearn\utils\validation.py:2691: UserWarning: X does not have valid feature names, but LGBMClassifier was fitted with feature names
  warnings.warn(
C:\Users\yukik\fx-ai-trading\.venv\Lib\site-packages\sklearn\utils\validation.py:2691: UserWarning: X does not have valid feature names, but LGBMClassifier was fitted with feature names
  warnings.warn(
C:\Users\yukik\fx-ai-trading\.venv\Lib\site-packages\sklearn\utils\validation.py:2691: UserWarning: X does not have valid feature names, but LGBMClassifier was fitted with feature names
  warnings.warn(
C:\Users\yukik\fx-ai-trading\.venv\Lib\site-packages\sklearn\utils\validation.py:2691: UserWarning: X does not have valid feature names, but LGBMClassifier was fitted with feature names
  warnings.warn(
C:\Users\yukik\fx-ai-trading\.venv\Lib\site-packages\sklearn\utils\validation.py:2691: UserWarning: X does not have valid feature names, but LGBMClassifier was fitted with feature names
  warnings.warn(
C:\Users\yukik\fx-ai-trading\.venv\Lib\site-packages\sklearn\utils\validation.py:2691: UserWarning: X does not have valid feature names, but LGBMClassifier was fitted with feature names
  warnings.warn(
C:\Users\yukik\fx-ai-trading\.venv\Lib\site-packages\sklearn\utils\validation.py:2691: UserWarning: X does not have valid feature names, but LGBMClassifier was fitted with feature names
  warnings.warn(
C:\Users\yukik\fx-ai-trading\.venv\Lib\site-packages\sklearn\utils\validation.py:2691: UserWarning: X does not have valid feature names, but LGBMClassifier was fitted with feature names
  warnings.warn(
C:\Users\yukik\fx-ai-trading\.venv\Lib\site-packages\sklearn\utils\validation.py:2691: UserWarning: X does not have valid feature names, but LGBMClassifier was fitted with feature names
  warnings.warn(
C:\Users\yukik\fx-ai-trading\.venv\Lib\site-packages\sklearn\utils\validation.py:2691: UserWarning: X does not have valid feature names, but LGBMClassifier was fitted with feature names
  warnings.warn(
C:\Users\yukik\fx-ai-trading\.venv\Lib\site-packages\sklearn\utils\validation.py:2691: UserWarning: X does not have valid feature names, but LGBMClassifier was fitted with feature names
  warnings.warn(
C:\Users\yukik\fx-ai-trading\.venv\Lib\site-packages\sklearn\utils\validation.py:2691: UserWarning: X does not have valid feature names, but LGBMClassifier was fitted with feature names
  warnings.warn(
C:\Users\yukik\fx-ai-trading\.venv\Lib\site-packages\sklearn\utils\validation.py:2691: UserWarning: X does not have valid feature names, but LGBMClassifier was fitted with feature names
  warnings.warn(
C:\Users\yukik\fx-ai-trading\.venv\Lib\site-packages\sklearn\utils\validation.py:2691: UserWarning: X does not have valid feature names, but LGBMClassifier was fitted with feature names
  warnings.warn(
C:\Users\yukik\fx-ai-trading\.venv\Lib\site-packages\sklearn\utils\validation.py:2691: UserWarning: X does not have valid feature names, but LGBMClassifier was fitted with feature names
  warnings.warn(
C:\Users\yukik\fx-ai-trading\.venv\Lib\site-packages\sklearn\utils\validation.py:2691: UserWarning: X does not have valid feature names, but LGBMClassifier was fitted with feature names
  warnings.warn(
C:\Users\yukik\fx-ai-trading\.venv\Lib\site-packages\sklearn\utils\validation.py:2691: UserWarning: X does not have valid feature names, but LGBMClassifier was fitted with feature names
  warnings.warn(
C:\Users\yukik\fx-ai-trading\.venv\Lib\site-packages\sklearn\utils\validation.py:2691: UserWarning: X does not have valid feature names, but LGBMClassifier was fitted with feature names
  warnings.warn(
C:\Users\yukik\fx-ai-trading\.venv\Lib\site-packages\sklearn\utils\validation.py:2691: UserWarning: X does not have valid feature names, but LGBMClassifier was fitted with feature names
  warnings.warn(
C:\Users\yukik\fx-ai-trading\.venv\Lib\site-packages\sklearn\utils\validation.py:2691: UserWarning: X does not have valid feature names, but LGBMClassifier was fitted with feature names
  warnings.warn(
C:\Users\yukik\fx-ai-trading\.venv\Lib\site-packages\sklearn\utils\validation.py:2691: UserWarning: X does not have valid feature names, but LGBMClassifier was fitted with feature names
  warnings.warn(
C:\Users\yukik\fx-ai-trading\.venv\Lib\site-packages\sklearn\utils\validation.py:2691: UserWarning: X does not have valid feature names, but LGBMClassifier was fitted with feature names
  warnings.warn(
C:\Users\yukik\fx-ai-trading\.venv\Lib\site-packages\sklearn\utils\validation.py:2691: UserWarning: X does not have valid feature names, but LGBMClassifier was fitted with feature names
  warnings.warn(
C:\Users\yukik\fx-ai-trading\.venv\Lib\site-packages\sklearn\utils\validation.py:2691: UserWarning: X does not have valid feature names, but LGBMClassifier was fitted with feature names
  warnings.warn(
C:\Users\yukik\fx-ai-trading\.venv\Lib\site-packages\sklearn\utils\validation.py:2691: UserWarning: X does not have valid feature names, but LGBMClassifier was fitted with feature names
  warnings.warn(
C:\Users\yukik\fx-ai-trading\.venv\Lib\site-packages\sklearn\utils\validation.py:2691: UserWarning: X does not have valid feature names, but LGBMClassifier was fitted with feature names
  warnings.warn(
C:\Users\yukik\fx-ai-trading\.venv\Lib\site-packages\sklearn\utils\validation.py:2691: UserWarning: X does not have valid feature names, but LGBMClassifier was fitted with feature names
  warnings.warn(
C:\Users\yukik\fx-ai-trading\.venv\Lib\site-packages\sklearn\utils\validation.py:2691: UserWarning: X does not have valid feature names, but LGBMClassifier was fitted with feature names
  warnings.warn(
C:\Users\yukik\fx-ai-trading\.venv\Lib\site-packages\sklearn\utils\validation.py:2691: UserWarning: X does not have valid feature names, but LGBMClassifier was fitted with feature names
  warnings.warn(
C:\Users\yukik\fx-ai-trading\.venv\Lib\site-packages\sklearn\utils\validation.py:2691: UserWarning: X does not have valid feature names, but LGBMClassifier was fitted with feature names
  warnings.warn(
C:\Users\yukik\fx-ai-trading\.venv\Lib\site-packages\sklearn\utils\validation.py:2691: UserWarning: X does not have valid feature names, but LGBMClassifier was fitted with feature names
  warnings.warn(
C:\Users\yukik\fx-ai-trading\.venv\Lib\site-packages\sklearn\utils\validation.py:2691: UserWarning: X does not have valid feature names, but LGBMClassifier was fitted with feature names
  warnings.warn(
C:\Users\yukik\fx-ai-trading\.venv\Lib\site-packages\sklearn\utils\validation.py:2691: UserWarning: X does not have valid feature names, but LGBMClassifier was fitted with feature names
  warnings.warn(
C:\Users\yukik\fx-ai-trading\.venv\Lib\site-packages\sklearn\utils\validation.py:2691: UserWarning: X does not have valid feature names, but LGBMClassifier was fitted with feature names
  warnings.warn(
C:\Users\yukik\fx-ai-trading\.venv\Lib\site-packages\sklearn\utils\validation.py:2691: UserWarning: X does not have valid feature names, but LGBMClassifier was fitted with feature names
  warnings.warn(
C:\Users\yukik\fx-ai-trading\.venv\Lib\site-packages\sklearn\utils\validation.py:2691: UserWarning: X does not have valid feature names, but LGBMClassifier was fitted with feature names
  warnings.warn(
C:\Users\yukik\fx-ai-trading\.venv\Lib\site-packages\sklearn\utils\validation.py:2691: UserWarning: X does not have valid feature names, but LGBMClassifier was fitted with feature names
  warnings.warn(
C:\Users\yukik\fx-ai-trading\.venv\Lib\site-packages\sklearn\utils\validation.py:2691: UserWarning: X does not have valid feature names, but LGBMClassifier was fitted with feature names
  warnings.warn(
C:\Users\yukik\fx-ai-trading\.venv\Lib\site-packages\sklearn\utils\validation.py:2691: UserWarning: X does not have valid feature names, but LGBMClassifier was fitted with feature names
  warnings.warn(
C:\Users\yukik\fx-ai-trading\.venv\Lib\site-packages\sklearn\utils\validation.py:2691: UserWarning: X does not have valid feature names, but LGBMClassifier was fitted with feature names
  warnings.warn(
C:\Users\yukik\fx-ai-trading\.venv\Lib\site-packages\sklearn\utils\validation.py:2691: UserWarning: X does not have valid feature names, but LGBMClassifier was fitted with feature names
  warnings.warn(
C:\Users\yukik\fx-ai-trading\.venv\Lib\site-packages\sklearn\utils\validation.py:2691: UserWarning: X does not have valid feature names, but LGBMClassifier was fitted with feature names
  warnings.warn(
C:\Users\yukik\fx-ai-trading\.venv\Lib\site-packages\sklearn\utils\validation.py:2691: UserWarning: X does not have valid feature names, but LGBMClassifier was fitted with feature names
  warnings.warn(
C:\Users\yukik\fx-ai-trading\.venv\Lib\site-packages\sklearn\utils\validation.py:2691: UserWarning: X does not have valid feature names, but LGBMClassifier was fitted with feature names
  warnings.warn(
C:\Users\yukik\fx-ai-trading\.venv\Lib\site-packages\sklearn\utils\validation.py:2691: UserWarning: X does not have valid feature names, but LGBMClassifier was fitted with feature names
  warnings.warn(
C:\Users\yukik\fx-ai-trading\.venv\Lib\site-packages\sklearn\utils\validation.py:2691: UserWarning: X does not have valid feature names, but LGBMClassifier was fitted with feature names
  warnings.warn(
C:\Users\yukik\fx-ai-trading\.venv\Lib\site-packages\sklearn\utils\validation.py:2691: UserWarning: X does not have valid feature names, but LGBMClassifier was fitted with feature names
  warnings.warn(
C:\Users\yukik\fx-ai-trading\.venv\Lib\site-packages\sklearn\utils\validation.py:2691: UserWarning: X does not have valid feature names, but LGBMClassifier was fitted with feature names
  warnings.warn(
C:\Users\yukik\fx-ai-trading\.venv\Lib\site-packages\sklearn\utils\validation.py:2691: UserWarning: X does not have valid feature names, but LGBMClassifier was fitted with feature names
  warnings.warn(
C:\Users\yukik\fx-ai-trading\.venv\Lib\site-packages\sklearn\utils\validation.py:2691: UserWarning: X does not have valid feature names, but LGBMClassifier was fitted with feature names
  warnings.warn(
C:\Users\yukik\fx-ai-trading\.venv\Lib\site-packages\sklearn\utils\validation.py:2691: UserWarning: X does not have valid feature names, but LGBMClassifier was fitted with feature names
  warnings.warn(
C:\Users\yukik\fx-ai-trading\.venv\Lib\site-packages\sklearn\utils\validation.py:2691: UserWarning: X does not have valid feature names, but LGBMClassifier was fitted with feature names
  warnings.warn(
C:\Users\yukik\fx-ai-trading\.venv\Lib\site-packages\sklearn\utils\validation.py:2691: UserWarning: X does not have valid feature names, but LGBMClassifier was fitted with feature names
  warnings.warn(
C:\Users\yukik\fx-ai-trading\.venv\Lib\site-packages\sklearn\utils\validation.py:2691: UserWarning: X does not have valid feature names, but LGBMClassifier was fitted with feature names
  warnings.warn(
C:\Users\yukik\fx-ai-trading\.venv\Lib\site-packages\sklearn\utils\validation.py:2691: UserWarning: X does not have valid feature names, but LGBMClassifier was fitted with feature names
  warnings.warn(
C:\Users\yukik\fx-ai-trading\.venv\Lib\site-packages\sklearn\utils\validation.py:2691: UserWarning: X does not have valid feature names, but LGBMClassifier was fitted with feature names
  warnings.warn(
C:\Users\yukik\fx-ai-trading\.venv\Lib\site-packages\sklearn\utils\validation.py:2691: UserWarning: X does not have valid feature names, but LGBMClassifier was fitted with feature names
  warnings.warn(
C:\Users\yukik\fx-ai-trading\.venv\Lib\site-packages\sklearn\utils\validation.py:2691: UserWarning: X does not have valid feature names, but LGBMClassifier was fitted with feature names
  warnings.warn(
C:\Users\yukik\fx-ai-trading\.venv\Lib\site-packages\sklearn\utils\validation.py:2691: UserWarning: X does not have valid feature names, but LGBMClassifier was fitted with feature names
  warnings.warn(
C:\Users\yukik\fx-ai-trading\.venv\Lib\site-packages\sklearn\utils\validation.py:2691: UserWarning: X does not have valid feature names, but LGBMClassifier was fitted with feature names
  warnings.warn(
C:\Users\yukik\fx-ai-trading\.venv\Lib\site-packages\sklearn\utils\validation.py:2691: UserWarning: X does not have valid feature names, but LGBMClassifier was fitted with feature names
  warnings.warn(
C:\Users\yukik\fx-ai-trading\.venv\Lib\site-packages\sklearn\utils\validation.py:2691: UserWarning: X does not have valid feature names, but LGBMClassifier was fitted with feature names
  warnings.warn(
C:\Users\yukik\fx-ai-trading\.venv\Lib\site-packages\sklearn\utils\validation.py:2691: UserWarning: X does not have valid feature names, but LGBMClassifier was fitted with feature names
  warnings.warn(
C:\Users\yukik\fx-ai-trading\.venv\Lib\site-packages\sklearn\utils\validation.py:2691: UserWarning: X does not have valid feature names, but LGBMClassifier was fitted with feature names
  warnings.warn(
C:\Users\yukik\fx-ai-trading\.venv\Lib\site-packages\sklearn\utils\validation.py:2691: UserWarning: X does not have valid feature names, but LGBMClassifier was fitted with feature names
  warnings.warn(
C:\Users\yukik\fx-ai-trading\.venv\Lib\site-packages\sklearn\utils\validation.py:2691: UserWarning: X does not have valid feature names, but LGBMClassifier was fitted with feature names
  warnings.warn(
C:\Users\yukik\fx-ai-trading\.venv\Lib\site-packages\sklearn\utils\validation.py:2691: UserWarning: X does not have valid feature names, but LGBMClassifier was fitted with feature names
  warnings.warn(
C:\Users\yukik\fx-ai-trading\.venv\Lib\site-packages\sklearn\utils\validation.py:2691: UserWarning: X does not have valid feature names, but LGBMClassifier was fitted with feature names
  warnings.warn(
C:\Users\yukik\fx-ai-trading\.venv\Lib\site-packages\sklearn\utils\validation.py:2691: UserWarning: X does not have valid feature names, but LGBMClassifier was fitted with feature names
  warnings.warn(
C:\Users\yukik\fx-ai-trading\.venv\Lib\site-packages\sklearn\utils\validation.py:2691: UserWarning: X does not have valid feature names, but LGBMClassifier was fitted with feature names
  warnings.warn(
C:\Users\yukik\fx-ai-trading\.venv\Lib\site-packages\sklearn\utils\validation.py:2691: UserWarning: X does not have valid feature names, but LGBMClassifier was fitted with feature names
  warnings.warn(
C:\Users\yukik\fx-ai-trading\.venv\Lib\site-packages\sklearn\utils\validation.py:2691: UserWarning: X does not have valid feature names, but LGBMClassifier was fitted with feature names
  warnings.warn(
C:\Users\yukik\fx-ai-trading\.venv\Lib\site-packages\sklearn\utils\validation.py:2691: UserWarning: X does not have valid feature names, but LGBMClassifier was fitted with feature names
  warnings.warn(
C:\Users\yukik\fx-ai-trading\.venv\Lib\site-packages\sklearn\utils\validation.py:2691: UserWarning: X does not have valid feature names, but LGBMClassifier was fitted with feature names
  warnings.warn(
C:\Users\yukik\fx-ai-trading\.venv\Lib\site-packages\sklearn\utils\validation.py:2691: UserWarning: X does not have valid feature names, but LGBMClassifier was fitted with feature names
  warnings.warn(
C:\Users\yukik\fx-ai-trading\.venv\Lib\site-packages\sklearn\utils\validation.py:2691: UserWarning: X does not have valid feature names, but LGBMClassifier was fitted with feature names
  warnings.warn(
C:\Users\yukik\fx-ai-trading\.venv\Lib\site-packages\sklearn\utils\validation.py:2691: UserWarning: X does not have valid feature names, but LGBMClassifier was fitted with feature names
  warnings.warn(
C:\Users\yukik\fx-ai-trading\.venv\Lib\site-packages\sklearn\utils\validation.py:2691: UserWarning: X does not have valid feature names, but LGBMClassifier was fitted with feature names
  warnings.warn(
C:\Users\yukik\fx-ai-trading\.venv\Lib\site-packages\sklearn\utils\validation.py:2691: UserWarning: X does not have valid feature names, but LGBMClassifier was fitted with feature names
  warnings.warn(
C:\Users\yukik\fx-ai-trading\.venv\Lib\site-packages\sklearn\utils\validation.py:2691: UserWarning: X does not have valid feature names, but LGBMClassifier was fitted with feature names
  warnings.warn(
C:\Users\yukik\fx-ai-trading\.venv\Lib\site-packages\sklearn\utils\validation.py:2691: UserWarning: X does not have valid feature names, but LGBMClassifier was fitted with feature names
  warnings.warn(
C:\Users\yukik\fx-ai-trading\.venv\Lib\site-packages\sklearn\utils\validation.py:2691: UserWarning: X does not have valid feature names, but LGBMClassifier was fitted with feature names
  warnings.warn(
C:\Users\yukik\fx-ai-trading\.venv\Lib\site-packages\sklearn\utils\validation.py:2691: UserWarning: X does not have valid feature names, but LGBMClassifier was fitted with feature names
  warnings.warn(
C:\Users\yukik\fx-ai-trading\.venv\Lib\site-packages\sklearn\utils\validation.py:2691: UserWarning: X does not have valid feature names, but LGBMClassifier was fitted with feature names
  warnings.warn(
C:\Users\yukik\fx-ai-trading\.venv\Lib\site-packages\sklearn\utils\validation.py:2691: UserWarning: X does not have valid feature names, but LGBMClassifier was fitted with feature names
  warnings.warn(
C:\Users\yukik\fx-ai-trading\.venv\Lib\site-packages\sklearn\utils\validation.py:2691: UserWarning: X does not have valid feature names, but LGBMClassifier was fitted with feature names
  warnings.warn(
C:\Users\yukik\fx-ai-trading\.venv\Lib\site-packages\sklearn\utils\validation.py:2691: UserWarning: X does not have valid feature names, but LGBMClassifier was fitted with feature names
  warnings.warn(
C:\Users\yukik\fx-ai-trading\.venv\Lib\site-packages\sklearn\utils\validation.py:2691: UserWarning: X does not have valid feature names, but LGBMClassifier was fitted with feature names
  warnings.warn(
C:\Users\yukik\fx-ai-trading\.venv\Lib\site-packages\sklearn\utils\validation.py:2691: UserWarning: X does not have valid feature names, but LGBMClassifier was fitted with feature names
  warnings.warn(
C:\Users\yukik\fx-ai-trading\.venv\Lib\site-packages\sklearn\utils\validation.py:2691: UserWarning: X does not have valid feature names, but LGBMClassifier was fitted with feature names
  warnings.warn(
C:\Users\yukik\fx-ai-trading\.venv\Lib\site-packages\sklearn\utils\validation.py:2691: UserWarning: X does not have valid feature names, but LGBMClassifier was fitted with feature names
  warnings.warn(
C:\Users\yukik\fx-ai-trading\.venv\Lib\site-packages\sklearn\utils\validation.py:2691: UserWarning: X does not have valid feature names, but LGBMClassifier was fitted with feature names
  warnings.warn(
C:\Users\yukik\fx-ai-trading\.venv\Lib\site-packages\sklearn\utils\validation.py:2691: UserWarning: X does not have valid feature names, but LGBMClassifier was fitted with feature names
  warnings.warn(
C:\Users\yukik\fx-ai-trading\.venv\Lib\site-packages\sklearn\utils\validation.py:2691: UserWarning: X does not have valid feature names, but LGBMClassifier was fitted with feature names
  warnings.warn(
C:\Users\yukik\fx-ai-trading\.venv\Lib\site-packages\sklearn\utils\validation.py:2691: UserWarning: X does not have valid feature names, but LGBMClassifier was fitted with feature names
  warnings.warn(
C:\Users\yukik\fx-ai-trading\.venv\Lib\site-packages\sklearn\utils\validation.py:2691: UserWarning: X does not have valid feature names, but LGBMClassifier was fitted with feature names
  warnings.warn(
C:\Users\yukik\fx-ai-trading\.venv\Lib\site-packages\sklearn\utils\validation.py:2691: UserWarning: X does not have valid feature names, but LGBMClassifier was fitted with feature names
  warnings.warn(
C:\Users\yukik\fx-ai-trading\.venv\Lib\site-packages\sklearn\utils\validation.py:2691: UserWarning: X does not have valid feature names, but LGBMClassifier was fitted with feature names
  warnings.warn(
C:\Users\yukik\fx-ai-trading\.venv\Lib\site-packages\sklearn\utils\validation.py:2691: UserWarning: X does not have valid feature names, but LGBMClassifier was fitted with feature names
  warnings.warn(
C:\Users\yukik\fx-ai-trading\.venv\Lib\site-packages\sklearn\utils\validation.py:2691: UserWarning: X does not have valid feature names, but LGBMClassifier was fitted with feature names
  warnings.warn(
C:\Users\yukik\fx-ai-trading\.venv\Lib\site-packages\sklearn\utils\validation.py:2691: UserWarning: X does not have valid feature names, but LGBMClassifier was fitted with feature names
  warnings.warn(
C:\Users\yukik\fx-ai-trading\.venv\Lib\site-packages\sklearn\utils\validation.py:2691: UserWarning: X does not have valid feature names, but LGBMClassifier was fitted with feature names
  warnings.warn(
C:\Users\yukik\fx-ai-trading\.venv\Lib\site-packages\sklearn\utils\validation.py:2691: UserWarning: X does not have valid feature names, but LGBMClassifier was fitted with feature names
  warnings.warn(
C:\Users\yukik\fx-ai-trading\.venv\Lib\site-packages\sklearn\utils\validation.py:2691: UserWarning: X does not have valid feature names, but LGBMClassifier was fitted with feature names
  warnings.warn(
C:\Users\yukik\fx-ai-trading\.venv\Lib\site-packages\sklearn\utils\validation.py:2691: UserWarning: X does not have valid feature names, but LGBMClassifier was fitted with feature names
  warnings.warn(
C:\Users\yukik\fx-ai-trading\.venv\Lib\site-packages\sklearn\utils\validation.py:2691: UserWarning: X does not have valid feature names, but LGBMClassifier was fitted with feature names
  warnings.warn(
    fold 2/5: trained 5 models (251s)
C:\Users\yukik\fx-ai-trading\.venv\Lib\site-packages\sklearn\utils\validation.py:2691: UserWarning: X does not have valid feature names, but LGBMClassifier was fitted with feature names
  warnings.warn(
C:\Users\yukik\fx-ai-trading\.venv\Lib\site-packages\sklearn\utils\validation.py:2691: UserWarning: X does not have valid feature names, but LGBMClassifier was fitted with feature names
  warnings.warn(
C:\Users\yukik\fx-ai-trading\.venv\Lib\site-packages\sklearn\utils\validation.py:2691: UserWarning: X does not have valid feature names, but LGBMClassifier was fitted with feature names
  warnings.warn(
C:\Users\yukik\fx-ai-trading\.venv\Lib\site-packages\sklearn\utils\validation.py:2691: UserWarning: X does not have valid feature names, but LGBMClassifier was fitted with feature names
  warnings.warn(
C:\Users\yukik\fx-ai-trading\.venv\Lib\site-packages\sklearn\utils\validation.py:2691: UserWarning: X does not have valid feature names, but LGBMClassifier was fitted with feature names
  warnings.warn(
C:\Users\yukik\fx-ai-trading\.venv\Lib\site-packages\sklearn\utils\validation.py:2691: UserWarning: X does not have valid feature names, but LGBMClassifier was fitted with feature names
  warnings.warn(
C:\Users\yukik\fx-ai-trading\.venv\Lib\site-packages\sklearn\utils\validation.py:2691: UserWarning: X does not have valid feature names, but LGBMClassifier was fitted with feature names
  warnings.warn(
C:\Users\yukik\fx-ai-trading\.venv\Lib\site-packages\sklearn\utils\validation.py:2691: UserWarning: X does not have valid feature names, but LGBMClassifier was fitted with feature names
  warnings.warn(
C:\Users\yukik\fx-ai-trading\.venv\Lib\site-packages\sklearn\utils\validation.py:2691: UserWarning: X does not have valid feature names, but LGBMClassifier was fitted with feature names
  warnings.warn(
C:\Users\yukik\fx-ai-trading\.venv\Lib\site-packages\sklearn\utils\validation.py:2691: UserWarning: X does not have valid feature names, but LGBMClassifier was fitted with feature names
  warnings.warn(
C:\Users\yukik\fx-ai-trading\.venv\Lib\site-packages\sklearn\utils\validation.py:2691: UserWarning: X does not have valid feature names, but LGBMClassifier was fitted with feature names
  warnings.warn(
C:\Users\yukik\fx-ai-trading\.venv\Lib\site-packages\sklearn\utils\validation.py:2691: UserWarning: X does not have valid feature names, but LGBMClassifier was fitted with feature names
  warnings.warn(
C:\Users\yukik\fx-ai-trading\.venv\Lib\site-packages\sklearn\utils\validation.py:2691: UserWarning: X does not have valid feature names, but LGBMClassifier was fitted with feature names
  warnings.warn(
C:\Users\yukik\fx-ai-trading\.venv\Lib\site-packages\sklearn\utils\validation.py:2691: UserWarning: X does not have valid feature names, but LGBMClassifier was fitted with feature names
  warnings.warn(
C:\Users\yukik\fx-ai-trading\.venv\Lib\site-packages\sklearn\utils\validation.py:2691: UserWarning: X does not have valid feature names, but LGBMClassifier was fitted with feature names
  warnings.warn(
C:\Users\yukik\fx-ai-trading\.venv\Lib\site-packages\sklearn\utils\validation.py:2691: UserWarning: X does not have valid feature names, but LGBMClassifier was fitted with feature names
  warnings.warn(
C:\Users\yukik\fx-ai-trading\.venv\Lib\site-packages\sklearn\utils\validation.py:2691: UserWarning: X does not have valid feature names, but LGBMClassifier was fitted with feature names
  warnings.warn(
C:\Users\yukik\fx-ai-trading\.venv\Lib\site-packages\sklearn\utils\validation.py:2691: UserWarning: X does not have valid feature names, but LGBMClassifier was fitted with feature names
  warnings.warn(
C:\Users\yukik\fx-ai-trading\.venv\Lib\site-packages\sklearn\utils\validation.py:2691: UserWarning: X does not have valid feature names, but LGBMClassifier was fitted with feature names
  warnings.warn(
C:\Users\yukik\fx-ai-trading\.venv\Lib\site-packages\sklearn\utils\validation.py:2691: UserWarning: X does not have valid feature names, but LGBMClassifier was fitted with feature names
  warnings.warn(
C:\Users\yukik\fx-ai-trading\.venv\Lib\site-packages\sklearn\utils\validation.py:2691: UserWarning: X does not have valid feature names, but LGBMClassifier was fitted with feature names
  warnings.warn(
C:\Users\yukik\fx-ai-trading\.venv\Lib\site-packages\sklearn\utils\validation.py:2691: UserWarning: X does not have valid feature names, but LGBMClassifier was fitted with feature names
  warnings.warn(
C:\Users\yukik\fx-ai-trading\.venv\Lib\site-packages\sklearn\utils\validation.py:2691: UserWarning: X does not have valid feature names, but LGBMClassifier was fitted with feature names
  warnings.warn(
C:\Users\yukik\fx-ai-trading\.venv\Lib\site-packages\sklearn\utils\validation.py:2691: UserWarning: X does not have valid feature names, but LGBMClassifier was fitted with feature names
  warnings.warn(
C:\Users\yukik\fx-ai-trading\.venv\Lib\site-packages\sklearn\utils\validation.py:2691: UserWarning: X does not have valid feature names, but LGBMClassifier was fitted with feature names
  warnings.warn(
C:\Users\yukik\fx-ai-trading\.venv\Lib\site-packages\sklearn\utils\validation.py:2691: UserWarning: X does not have valid feature names, but LGBMClassifier was fitted with feature names
  warnings.warn(
C:\Users\yukik\fx-ai-trading\.venv\Lib\site-packages\sklearn\utils\validation.py:2691: UserWarning: X does not have valid feature names, but LGBMClassifier was fitted with feature names
  warnings.warn(
C:\Users\yukik\fx-ai-trading\.venv\Lib\site-packages\sklearn\utils\validation.py:2691: UserWarning: X does not have valid feature names, but LGBMClassifier was fitted with feature names
  warnings.warn(
C:\Users\yukik\fx-ai-trading\.venv\Lib\site-packages\sklearn\utils\validation.py:2691: UserWarning: X does not have valid feature names, but LGBMClassifier was fitted with feature names
  warnings.warn(
C:\Users\yukik\fx-ai-trading\.venv\Lib\site-packages\sklearn\utils\validation.py:2691: UserWarning: X does not have valid feature names, but LGBMClassifier was fitted with feature names
  warnings.warn(
C:\Users\yukik\fx-ai-trading\.venv\Lib\site-packages\sklearn\utils\validation.py:2691: UserWarning: X does not have valid feature names, but LGBMClassifier was fitted with feature names
  warnings.warn(
C:\Users\yukik\fx-ai-trading\.venv\Lib\site-packages\sklearn\utils\validation.py:2691: UserWarning: X does not have valid feature names, but LGBMClassifier was fitted with feature names
  warnings.warn(
C:\Users\yukik\fx-ai-trading\.venv\Lib\site-packages\sklearn\utils\validation.py:2691: UserWarning: X does not have valid feature names, but LGBMClassifier was fitted with feature names
  warnings.warn(
C:\Users\yukik\fx-ai-trading\.venv\Lib\site-packages\sklearn\utils\validation.py:2691: UserWarning: X does not have valid feature names, but LGBMClassifier was fitted with feature names
  warnings.warn(
C:\Users\yukik\fx-ai-trading\.venv\Lib\site-packages\sklearn\utils\validation.py:2691: UserWarning: X does not have valid feature names, but LGBMClassifier was fitted with feature names
  warnings.warn(
C:\Users\yukik\fx-ai-trading\.venv\Lib\site-packages\sklearn\utils\validation.py:2691: UserWarning: X does not have valid feature names, but LGBMClassifier was fitted with feature names
  warnings.warn(
C:\Users\yukik\fx-ai-trading\.venv\Lib\site-packages\sklearn\utils\validation.py:2691: UserWarning: X does not have valid feature names, but LGBMClassifier was fitted with feature names
  warnings.warn(
C:\Users\yukik\fx-ai-trading\.venv\Lib\site-packages\sklearn\utils\validation.py:2691: UserWarning: X does not have valid feature names, but LGBMClassifier was fitted with feature names
  warnings.warn(
C:\Users\yukik\fx-ai-trading\.venv\Lib\site-packages\sklearn\utils\validation.py:2691: UserWarning: X does not have valid feature names, but LGBMClassifier was fitted with feature names
  warnings.warn(
C:\Users\yukik\fx-ai-trading\.venv\Lib\site-packages\sklearn\utils\validation.py:2691: UserWarning: X does not have valid feature names, but LGBMClassifier was fitted with feature names
  warnings.warn(
C:\Users\yukik\fx-ai-trading\.venv\Lib\site-packages\sklearn\utils\validation.py:2691: UserWarning: X does not have valid feature names, but LGBMClassifier was fitted with feature names
  warnings.warn(
C:\Users\yukik\fx-ai-trading\.venv\Lib\site-packages\sklearn\utils\validation.py:2691: UserWarning: X does not have valid feature names, but LGBMClassifier was fitted with feature names
  warnings.warn(
C:\Users\yukik\fx-ai-trading\.venv\Lib\site-packages\sklearn\utils\validation.py:2691: UserWarning: X does not have valid feature names, but LGBMClassifier was fitted with feature names
  warnings.warn(
C:\Users\yukik\fx-ai-trading\.venv\Lib\site-packages\sklearn\utils\validation.py:2691: UserWarning: X does not have valid feature names, but LGBMClassifier was fitted with feature names
  warnings.warn(
C:\Users\yukik\fx-ai-trading\.venv\Lib\site-packages\sklearn\utils\validation.py:2691: UserWarning: X does not have valid feature names, but LGBMClassifier was fitted with feature names
  warnings.warn(
C:\Users\yukik\fx-ai-trading\.venv\Lib\site-packages\sklearn\utils\validation.py:2691: UserWarning: X does not have valid feature names, but LGBMClassifier was fitted with feature names
  warnings.warn(
C:\Users\yukik\fx-ai-trading\.venv\Lib\site-packages\sklearn\utils\validation.py:2691: UserWarning: X does not have valid feature names, but LGBMClassifier was fitted with feature names
  warnings.warn(
C:\Users\yukik\fx-ai-trading\.venv\Lib\site-packages\sklearn\utils\validation.py:2691: UserWarning: X does not have valid feature names, but LGBMClassifier was fitted with feature names
  warnings.warn(
C:\Users\yukik\fx-ai-trading\.venv\Lib\site-packages\sklearn\utils\validation.py:2691: UserWarning: X does not have valid feature names, but LGBMClassifier was fitted with feature names
  warnings.warn(
C:\Users\yukik\fx-ai-trading\.venv\Lib\site-packages\sklearn\utils\validation.py:2691: UserWarning: X does not have valid feature names, but LGBMClassifier was fitted with feature names
  warnings.warn(
C:\Users\yukik\fx-ai-trading\.venv\Lib\site-packages\sklearn\utils\validation.py:2691: UserWarning: X does not have valid feature names, but LGBMClassifier was fitted with feature names
  warnings.warn(
C:\Users\yukik\fx-ai-trading\.venv\Lib\site-packages\sklearn\utils\validation.py:2691: UserWarning: X does not have valid feature names, but LGBMClassifier was fitted with feature names
  warnings.warn(
C:\Users\yukik\fx-ai-trading\.venv\Lib\site-packages\sklearn\utils\validation.py:2691: UserWarning: X does not have valid feature names, but LGBMClassifier was fitted with feature names
  warnings.warn(
C:\Users\yukik\fx-ai-trading\.venv\Lib\site-packages\sklearn\utils\validation.py:2691: UserWarning: X does not have valid feature names, but LGBMClassifier was fitted with feature names
  warnings.warn(
C:\Users\yukik\fx-ai-trading\.venv\Lib\site-packages\sklearn\utils\validation.py:2691: UserWarning: X does not have valid feature names, but LGBMClassifier was fitted with feature names
  warnings.warn(
C:\Users\yukik\fx-ai-trading\.venv\Lib\site-packages\sklearn\utils\validation.py:2691: UserWarning: X does not have valid feature names, but LGBMClassifier was fitted with feature names
  warnings.warn(
C:\Users\yukik\fx-ai-trading\.venv\Lib\site-packages\sklearn\utils\validation.py:2691: UserWarning: X does not have valid feature names, but LGBMClassifier was fitted with feature names
  warnings.warn(
C:\Users\yukik\fx-ai-trading\.venv\Lib\site-packages\sklearn\utils\validation.py:2691: UserWarning: X does not have valid feature names, but LGBMClassifier was fitted with feature names
  warnings.warn(
C:\Users\yukik\fx-ai-trading\.venv\Lib\site-packages\sklearn\utils\validation.py:2691: UserWarning: X does not have valid feature names, but LGBMClassifier was fitted with feature names
  warnings.warn(
C:\Users\yukik\fx-ai-trading\.venv\Lib\site-packages\sklearn\utils\validation.py:2691: UserWarning: X does not have valid feature names, but LGBMClassifier was fitted with feature names
  warnings.warn(
C:\Users\yukik\fx-ai-trading\.venv\Lib\site-packages\sklearn\utils\validation.py:2691: UserWarning: X does not have valid feature names, but LGBMClassifier was fitted with feature names
  warnings.warn(
C:\Users\yukik\fx-ai-trading\.venv\Lib\site-packages\sklearn\utils\validation.py:2691: UserWarning: X does not have valid feature names, but LGBMClassifier was fitted with feature names
  warnings.warn(
C:\Users\yukik\fx-ai-trading\.venv\Lib\site-packages\sklearn\utils\validation.py:2691: UserWarning: X does not have valid feature names, but LGBMClassifier was fitted with feature names
  warnings.warn(
C:\Users\yukik\fx-ai-trading\.venv\Lib\site-packages\sklearn\utils\validation.py:2691: UserWarning: X does not have valid feature names, but LGBMClassifier was fitted with feature names
  warnings.warn(
C:\Users\yukik\fx-ai-trading\.venv\Lib\site-packages\sklearn\utils\validation.py:2691: UserWarning: X does not have valid feature names, but LGBMClassifier was fitted with feature names
  warnings.warn(
C:\Users\yukik\fx-ai-trading\.venv\Lib\site-packages\sklearn\utils\validation.py:2691: UserWarning: X does not have valid feature names, but LGBMClassifier was fitted with feature names
  warnings.warn(
C:\Users\yukik\fx-ai-trading\.venv\Lib\site-packages\sklearn\utils\validation.py:2691: UserWarning: X does not have valid feature names, but LGBMClassifier was fitted with feature names
  warnings.warn(
C:\Users\yukik\fx-ai-trading\.venv\Lib\site-packages\sklearn\utils\validation.py:2691: UserWarning: X does not have valid feature names, but LGBMClassifier was fitted with feature names
  warnings.warn(
C:\Users\yukik\fx-ai-trading\.venv\Lib\site-packages\sklearn\utils\validation.py:2691: UserWarning: X does not have valid feature names, but LGBMClassifier was fitted with feature names
  warnings.warn(
C:\Users\yukik\fx-ai-trading\.venv\Lib\site-packages\sklearn\utils\validation.py:2691: UserWarning: X does not have valid feature names, but LGBMClassifier was fitted with feature names
  warnings.warn(
C:\Users\yukik\fx-ai-trading\.venv\Lib\site-packages\sklearn\utils\validation.py:2691: UserWarning: X does not have valid feature names, but LGBMClassifier was fitted with feature names
  warnings.warn(
C:\Users\yukik\fx-ai-trading\.venv\Lib\site-packages\sklearn\utils\validation.py:2691: UserWarning: X does not have valid feature names, but LGBMClassifier was fitted with feature names
  warnings.warn(
C:\Users\yukik\fx-ai-trading\.venv\Lib\site-packages\sklearn\utils\validation.py:2691: UserWarning: X does not have valid feature names, but LGBMClassifier was fitted with feature names
  warnings.warn(
C:\Users\yukik\fx-ai-trading\.venv\Lib\site-packages\sklearn\utils\validation.py:2691: UserWarning: X does not have valid feature names, but LGBMClassifier was fitted with feature names
  warnings.warn(
C:\Users\yukik\fx-ai-trading\.venv\Lib\site-packages\sklearn\utils\validation.py:2691: UserWarning: X does not have valid feature names, but LGBMClassifier was fitted with feature names
  warnings.warn(
C:\Users\yukik\fx-ai-trading\.venv\Lib\site-packages\sklearn\utils\validation.py:2691: UserWarning: X does not have valid feature names, but LGBMClassifier was fitted with feature names
  warnings.warn(
C:\Users\yukik\fx-ai-trading\.venv\Lib\site-packages\sklearn\utils\validation.py:2691: UserWarning: X does not have valid feature names, but LGBMClassifier was fitted with feature names
  warnings.warn(
C:\Users\yukik\fx-ai-trading\.venv\Lib\site-packages\sklearn\utils\validation.py:2691: UserWarning: X does not have valid feature names, but LGBMClassifier was fitted with feature names
  warnings.warn(
C:\Users\yukik\fx-ai-trading\.venv\Lib\site-packages\sklearn\utils\validation.py:2691: UserWarning: X does not have valid feature names, but LGBMClassifier was fitted with feature names
  warnings.warn(
C:\Users\yukik\fx-ai-trading\.venv\Lib\site-packages\sklearn\utils\validation.py:2691: UserWarning: X does not have valid feature names, but LGBMClassifier was fitted with feature names
  warnings.warn(
C:\Users\yukik\fx-ai-trading\.venv\Lib\site-packages\sklearn\utils\validation.py:2691: UserWarning: X does not have valid feature names, but LGBMClassifier was fitted with feature names
  warnings.warn(
C:\Users\yukik\fx-ai-trading\.venv\Lib\site-packages\sklearn\utils\validation.py:2691: UserWarning: X does not have valid feature names, but LGBMClassifier was fitted with feature names
  warnings.warn(
C:\Users\yukik\fx-ai-trading\.venv\Lib\site-packages\sklearn\utils\validation.py:2691: UserWarning: X does not have valid feature names, but LGBMClassifier was fitted with feature names
  warnings.warn(
C:\Users\yukik\fx-ai-trading\.venv\Lib\site-packages\sklearn\utils\validation.py:2691: UserWarning: X does not have valid feature names, but LGBMClassifier was fitted with feature names
  warnings.warn(
C:\Users\yukik\fx-ai-trading\.venv\Lib\site-packages\sklearn\utils\validation.py:2691: UserWarning: X does not have valid feature names, but LGBMClassifier was fitted with feature names
  warnings.warn(
C:\Users\yukik\fx-ai-trading\.venv\Lib\site-packages\sklearn\utils\validation.py:2691: UserWarning: X does not have valid feature names, but LGBMClassifier was fitted with feature names
  warnings.warn(
C:\Users\yukik\fx-ai-trading\.venv\Lib\site-packages\sklearn\utils\validation.py:2691: UserWarning: X does not have valid feature names, but LGBMClassifier was fitted with feature names
  warnings.warn(
C:\Users\yukik\fx-ai-trading\.venv\Lib\site-packages\sklearn\utils\validation.py:2691: UserWarning: X does not have valid feature names, but LGBMClassifier was fitted with feature names
  warnings.warn(
C:\Users\yukik\fx-ai-trading\.venv\Lib\site-packages\sklearn\utils\validation.py:2691: UserWarning: X does not have valid feature names, but LGBMClassifier was fitted with feature names
  warnings.warn(
C:\Users\yukik\fx-ai-trading\.venv\Lib\site-packages\sklearn\utils\validation.py:2691: UserWarning: X does not have valid feature names, but LGBMClassifier was fitted with feature names
  warnings.warn(
C:\Users\yukik\fx-ai-trading\.venv\Lib\site-packages\sklearn\utils\validation.py:2691: UserWarning: X does not have valid feature names, but LGBMClassifier was fitted with feature names
  warnings.warn(
C:\Users\yukik\fx-ai-trading\.venv\Lib\site-packages\sklearn\utils\validation.py:2691: UserWarning: X does not have valid feature names, but LGBMClassifier was fitted with feature names
  warnings.warn(
C:\Users\yukik\fx-ai-trading\.venv\Lib\site-packages\sklearn\utils\validation.py:2691: UserWarning: X does not have valid feature names, but LGBMClassifier was fitted with feature names
  warnings.warn(
C:\Users\yukik\fx-ai-trading\.venv\Lib\site-packages\sklearn\utils\validation.py:2691: UserWarning: X does not have valid feature names, but LGBMClassifier was fitted with feature names
  warnings.warn(
C:\Users\yukik\fx-ai-trading\.venv\Lib\site-packages\sklearn\utils\validation.py:2691: UserWarning: X does not have valid feature names, but LGBMClassifier was fitted with feature names
  warnings.warn(
C:\Users\yukik\fx-ai-trading\.venv\Lib\site-packages\sklearn\utils\validation.py:2691: UserWarning: X does not have valid feature names, but LGBMClassifier was fitted with feature names
  warnings.warn(
C:\Users\yukik\fx-ai-trading\.venv\Lib\site-packages\sklearn\utils\validation.py:2691: UserWarning: X does not have valid feature names, but LGBMClassifier was fitted with feature names
  warnings.warn(
C:\Users\yukik\fx-ai-trading\.venv\Lib\site-packages\sklearn\utils\validation.py:2691: UserWarning: X does not have valid feature names, but LGBMClassifier was fitted with feature names
  warnings.warn(
C:\Users\yukik\fx-ai-trading\.venv\Lib\site-packages\sklearn\utils\validation.py:2691: UserWarning: X does not have valid feature names, but LGBMClassifier was fitted with feature names
  warnings.warn(
C:\Users\yukik\fx-ai-trading\.venv\Lib\site-packages\sklearn\utils\validation.py:2691: UserWarning: X does not have valid feature names, but LGBMClassifier was fitted with feature names
  warnings.warn(
C:\Users\yukik\fx-ai-trading\.venv\Lib\site-packages\sklearn\utils\validation.py:2691: UserWarning: X does not have valid feature names, but LGBMClassifier was fitted with feature names
  warnings.warn(
C:\Users\yukik\fx-ai-trading\.venv\Lib\site-packages\sklearn\utils\validation.py:2691: UserWarning: X does not have valid feature names, but LGBMClassifier was fitted with feature names
  warnings.warn(
C:\Users\yukik\fx-ai-trading\.venv\Lib\site-packages\sklearn\utils\validation.py:2691: UserWarning: X does not have valid feature names, but LGBMClassifier was fitted with feature names
  warnings.warn(
C:\Users\yukik\fx-ai-trading\.venv\Lib\site-packages\sklearn\utils\validation.py:2691: UserWarning: X does not have valid feature names, but LGBMClassifier was fitted with feature names
  warnings.warn(
C:\Users\yukik\fx-ai-trading\.venv\Lib\site-packages\sklearn\utils\validation.py:2691: UserWarning: X does not have valid feature names, but LGBMClassifier was fitted with feature names
  warnings.warn(
C:\Users\yukik\fx-ai-trading\.venv\Lib\site-packages\sklearn\utils\validation.py:2691: UserWarning: X does not have valid feature names, but LGBMClassifier was fitted with feature names
  warnings.warn(
C:\Users\yukik\fx-ai-trading\.venv\Lib\site-packages\sklearn\utils\validation.py:2691: UserWarning: X does not have valid feature names, but LGBMClassifier was fitted with feature names
  warnings.warn(
C:\Users\yukik\fx-ai-trading\.venv\Lib\site-packages\sklearn\utils\validation.py:2691: UserWarning: X does not have valid feature names, but LGBMClassifier was fitted with feature names
  warnings.warn(
C:\Users\yukik\fx-ai-trading\.venv\Lib\site-packages\sklearn\utils\validation.py:2691: UserWarning: X does not have valid feature names, but LGBMClassifier was fitted with feature names
  warnings.warn(
C:\Users\yukik\fx-ai-trading\.venv\Lib\site-packages\sklearn\utils\validation.py:2691: UserWarning: X does not have valid feature names, but LGBMClassifier was fitted with feature names
  warnings.warn(
C:\Users\yukik\fx-ai-trading\.venv\Lib\site-packages\sklearn\utils\validation.py:2691: UserWarning: X does not have valid feature names, but LGBMClassifier was fitted with feature names
  warnings.warn(
C:\Users\yukik\fx-ai-trading\.venv\Lib\site-packages\sklearn\utils\validation.py:2691: UserWarning: X does not have valid feature names, but LGBMClassifier was fitted with feature names
  warnings.warn(
C:\Users\yukik\fx-ai-trading\.venv\Lib\site-packages\sklearn\utils\validation.py:2691: UserWarning: X does not have valid feature names, but LGBMClassifier was fitted with feature names
  warnings.warn(
C:\Users\yukik\fx-ai-trading\.venv\Lib\site-packages\sklearn\utils\validation.py:2691: UserWarning: X does not have valid feature names, but LGBMClassifier was fitted with feature names
  warnings.warn(
C:\Users\yukik\fx-ai-trading\.venv\Lib\site-packages\sklearn\utils\validation.py:2691: UserWarning: X does not have valid feature names, but LGBMClassifier was fitted with feature names
  warnings.warn(
C:\Users\yukik\fx-ai-trading\.venv\Lib\site-packages\sklearn\utils\validation.py:2691: UserWarning: X does not have valid feature names, but LGBMClassifier was fitted with feature names
  warnings.warn(
C:\Users\yukik\fx-ai-trading\.venv\Lib\site-packages\sklearn\utils\validation.py:2691: UserWarning: X does not have valid feature names, but LGBMClassifier was fitted with feature names
  warnings.warn(
C:\Users\yukik\fx-ai-trading\.venv\Lib\site-packages\sklearn\utils\validation.py:2691: UserWarning: X does not have valid feature names, but LGBMClassifier was fitted with feature names
  warnings.warn(
C:\Users\yukik\fx-ai-trading\.venv\Lib\site-packages\sklearn\utils\validation.py:2691: UserWarning: X does not have valid feature names, but LGBMClassifier was fitted with feature names
  warnings.warn(
C:\Users\yukik\fx-ai-trading\.venv\Lib\site-packages\sklearn\utils\validation.py:2691: UserWarning: X does not have valid feature names, but LGBMClassifier was fitted with feature names
  warnings.warn(
    fold 3/5: trained 5 models (139s)
C:\Users\yukik\fx-ai-trading\.venv\Lib\site-packages\sklearn\utils\validation.py:2691: UserWarning: X does not have valid feature names, but LGBMClassifier was fitted with feature names
  warnings.warn(
C:\Users\yukik\fx-ai-trading\.venv\Lib\site-packages\sklearn\utils\validation.py:2691: UserWarning: X does not have valid feature names, but LGBMClassifier was fitted with feature names
  warnings.warn(
C:\Users\yukik\fx-ai-trading\.venv\Lib\site-packages\sklearn\utils\validation.py:2691: UserWarning: X does not have valid feature names, but LGBMClassifier was fitted with feature names
  warnings.warn(
C:\Users\yukik\fx-ai-trading\.venv\Lib\site-packages\sklearn\utils\validation.py:2691: UserWarning: X does not have valid feature names, but LGBMClassifier was fitted with feature names
  warnings.warn(
C:\Users\yukik\fx-ai-trading\.venv\Lib\site-packages\sklearn\utils\validation.py:2691: UserWarning: X does not have valid feature names, but LGBMClassifier was fitted with feature names
  warnings.warn(
C:\Users\yukik\fx-ai-trading\.venv\Lib\site-packages\sklearn\utils\validation.py:2691: UserWarning: X does not have valid feature names, but LGBMClassifier was fitted with feature names
  warnings.warn(
C:\Users\yukik\fx-ai-trading\.venv\Lib\site-packages\sklearn\utils\validation.py:2691: UserWarning: X does not have valid feature names, but LGBMClassifier was fitted with feature names
  warnings.warn(
C:\Users\yukik\fx-ai-trading\.venv\Lib\site-packages\sklearn\utils\validation.py:2691: UserWarning: X does not have valid feature names, but LGBMClassifier was fitted with feature names
  warnings.warn(
C:\Users\yukik\fx-ai-trading\.venv\Lib\site-packages\sklearn\utils\validation.py:2691: UserWarning: X does not have valid feature names, but LGBMClassifier was fitted with feature names
  warnings.warn(
C:\Users\yukik\fx-ai-trading\.venv\Lib\site-packages\sklearn\utils\validation.py:2691: UserWarning: X does not have valid feature names, but LGBMClassifier was fitted with feature names
  warnings.warn(
C:\Users\yukik\fx-ai-trading\.venv\Lib\site-packages\sklearn\utils\validation.py:2691: UserWarning: X does not have valid feature names, but LGBMClassifier was fitted with feature names
  warnings.warn(
C:\Users\yukik\fx-ai-trading\.venv\Lib\site-packages\sklearn\utils\validation.py:2691: UserWarning: X does not have valid feature names, but LGBMClassifier was fitted with feature names
  warnings.warn(
C:\Users\yukik\fx-ai-trading\.venv\Lib\site-packages\sklearn\utils\validation.py:2691: UserWarning: X does not have valid feature names, but LGBMClassifier was fitted with feature names
  warnings.warn(
C:\Users\yukik\fx-ai-trading\.venv\Lib\site-packages\sklearn\utils\validation.py:2691: UserWarning: X does not have valid feature names, but LGBMClassifier was fitted with feature names
  warnings.warn(
C:\Users\yukik\fx-ai-trading\.venv\Lib\site-packages\sklearn\utils\validation.py:2691: UserWarning: X does not have valid feature names, but LGBMClassifier was fitted with feature names
  warnings.warn(
C:\Users\yukik\fx-ai-trading\.venv\Lib\site-packages\sklearn\utils\validation.py:2691: UserWarning: X does not have valid feature names, but LGBMClassifier was fitted with feature names
  warnings.warn(
C:\Users\yukik\fx-ai-trading\.venv\Lib\site-packages\sklearn\utils\validation.py:2691: UserWarning: X does not have valid feature names, but LGBMClassifier was fitted with feature names
  warnings.warn(
C:\Users\yukik\fx-ai-trading\.venv\Lib\site-packages\sklearn\utils\validation.py:2691: UserWarning: X does not have valid feature names, but LGBMClassifier was fitted with feature names
  warnings.warn(
C:\Users\yukik\fx-ai-trading\.venv\Lib\site-packages\sklearn\utils\validation.py:2691: UserWarning: X does not have valid feature names, but LGBMClassifier was fitted with feature names
  warnings.warn(
C:\Users\yukik\fx-ai-trading\.venv\Lib\site-packages\sklearn\utils\validation.py:2691: UserWarning: X does not have valid feature names, but LGBMClassifier was fitted with feature names
  warnings.warn(
C:\Users\yukik\fx-ai-trading\.venv\Lib\site-packages\sklearn\utils\validation.py:2691: UserWarning: X does not have valid feature names, but LGBMClassifier was fitted with feature names
  warnings.warn(
C:\Users\yukik\fx-ai-trading\.venv\Lib\site-packages\sklearn\utils\validation.py:2691: UserWarning: X does not have valid feature names, but LGBMClassifier was fitted with feature names
  warnings.warn(
C:\Users\yukik\fx-ai-trading\.venv\Lib\site-packages\sklearn\utils\validation.py:2691: UserWarning: X does not have valid feature names, but LGBMClassifier was fitted with feature names
  warnings.warn(
C:\Users\yukik\fx-ai-trading\.venv\Lib\site-packages\sklearn\utils\validation.py:2691: UserWarning: X does not have valid feature names, but LGBMClassifier was fitted with feature names
  warnings.warn(
C:\Users\yukik\fx-ai-trading\.venv\Lib\site-packages\sklearn\utils\validation.py:2691: UserWarning: X does not have valid feature names, but LGBMClassifier was fitted with feature names
  warnings.warn(
C:\Users\yukik\fx-ai-trading\.venv\Lib\site-packages\sklearn\utils\validation.py:2691: UserWarning: X does not have valid feature names, but LGBMClassifier was fitted with feature names
  warnings.warn(
C:\Users\yukik\fx-ai-trading\.venv\Lib\site-packages\sklearn\utils\validation.py:2691: UserWarning: X does not have valid feature names, but LGBMClassifier was fitted with feature names
  warnings.warn(
C:\Users\yukik\fx-ai-trading\.venv\Lib\site-packages\sklearn\utils\validation.py:2691: UserWarning: X does not have valid feature names, but LGBMClassifier was fitted with feature names
  warnings.warn(
C:\Users\yukik\fx-ai-trading\.venv\Lib\site-packages\sklearn\utils\validation.py:2691: UserWarning: X does not have valid feature names, but LGBMClassifier was fitted with feature names
  warnings.warn(
C:\Users\yukik\fx-ai-trading\.venv\Lib\site-packages\sklearn\utils\validation.py:2691: UserWarning: X does not have valid feature names, but LGBMClassifier was fitted with feature names
  warnings.warn(
C:\Users\yukik\fx-ai-trading\.venv\Lib\site-packages\sklearn\utils\validation.py:2691: UserWarning: X does not have valid feature names, but LGBMClassifier was fitted with feature names
  warnings.warn(
C:\Users\yukik\fx-ai-trading\.venv\Lib\site-packages\sklearn\utils\validation.py:2691: UserWarning: X does not have valid feature names, but LGBMClassifier was fitted with feature names
  warnings.warn(
C:\Users\yukik\fx-ai-trading\.venv\Lib\site-packages\sklearn\utils\validation.py:2691: UserWarning: X does not have valid feature names, but LGBMClassifier was fitted with feature names
  warnings.warn(
C:\Users\yukik\fx-ai-trading\.venv\Lib\site-packages\sklearn\utils\validation.py:2691: UserWarning: X does not have valid feature names, but LGBMClassifier was fitted with feature names
  warnings.warn(
C:\Users\yukik\fx-ai-trading\.venv\Lib\site-packages\sklearn\utils\validation.py:2691: UserWarning: X does not have valid feature names, but LGBMClassifier was fitted with feature names
  warnings.warn(
C:\Users\yukik\fx-ai-trading\.venv\Lib\site-packages\sklearn\utils\validation.py:2691: UserWarning: X does not have valid feature names, but LGBMClassifier was fitted with feature names
  warnings.warn(
C:\Users\yukik\fx-ai-trading\.venv\Lib\site-packages\sklearn\utils\validation.py:2691: UserWarning: X does not have valid feature names, but LGBMClassifier was fitted with feature names
  warnings.warn(
C:\Users\yukik\fx-ai-trading\.venv\Lib\site-packages\sklearn\utils\validation.py:2691: UserWarning: X does not have valid feature names, but LGBMClassifier was fitted with feature names
  warnings.warn(
C:\Users\yukik\fx-ai-trading\.venv\Lib\site-packages\sklearn\utils\validation.py:2691: UserWarning: X does not have valid feature names, but LGBMClassifier was fitted with feature names
  warnings.warn(
C:\Users\yukik\fx-ai-trading\.venv\Lib\site-packages\sklearn\utils\validation.py:2691: UserWarning: X does not have valid feature names, but LGBMClassifier was fitted with feature names
  warnings.warn(
C:\Users\yukik\fx-ai-trading\.venv\Lib\site-packages\sklearn\utils\validation.py:2691: UserWarning: X does not have valid feature names, but LGBMClassifier was fitted with feature names
  warnings.warn(
C:\Users\yukik\fx-ai-trading\.venv\Lib\site-packages\sklearn\utils\validation.py:2691: UserWarning: X does not have valid feature names, but LGBMClassifier was fitted with feature names
  warnings.warn(
C:\Users\yukik\fx-ai-trading\.venv\Lib\site-packages\sklearn\utils\validation.py:2691: UserWarning: X does not have valid feature names, but LGBMClassifier was fitted with feature names
  warnings.warn(
C:\Users\yukik\fx-ai-trading\.venv\Lib\site-packages\sklearn\utils\validation.py:2691: UserWarning: X does not have valid feature names, but LGBMClassifier was fitted with feature names
  warnings.warn(
C:\Users\yukik\fx-ai-trading\.venv\Lib\site-packages\sklearn\utils\validation.py:2691: UserWarning: X does not have valid feature names, but LGBMClassifier was fitted with feature names
  warnings.warn(
C:\Users\yukik\fx-ai-trading\.venv\Lib\site-packages\sklearn\utils\validation.py:2691: UserWarning: X does not have valid feature names, but LGBMClassifier was fitted with feature names
  warnings.warn(
C:\Users\yukik\fx-ai-trading\.venv\Lib\site-packages\sklearn\utils\validation.py:2691: UserWarning: X does not have valid feature names, but LGBMClassifier was fitted with feature names
  warnings.warn(
C:\Users\yukik\fx-ai-trading\.venv\Lib\site-packages\sklearn\utils\validation.py:2691: UserWarning: X does not have valid feature names, but LGBMClassifier was fitted with feature names
  warnings.warn(
C:\Users\yukik\fx-ai-trading\.venv\Lib\site-packages\sklearn\utils\validation.py:2691: UserWarning: X does not have valid feature names, but LGBMClassifier was fitted with feature names
  warnings.warn(
C:\Users\yukik\fx-ai-trading\.venv\Lib\site-packages\sklearn\utils\validation.py:2691: UserWarning: X does not have valid feature names, but LGBMClassifier was fitted with feature names
  warnings.warn(
C:\Users\yukik\fx-ai-trading\.venv\Lib\site-packages\sklearn\utils\validation.py:2691: UserWarning: X does not have valid feature names, but LGBMClassifier was fitted with feature names
  warnings.warn(
C:\Users\yukik\fx-ai-trading\.venv\Lib\site-packages\sklearn\utils\validation.py:2691: UserWarning: X does not have valid feature names, but LGBMClassifier was fitted with feature names
  warnings.warn(
C:\Users\yukik\fx-ai-trading\.venv\Lib\site-packages\sklearn\utils\validation.py:2691: UserWarning: X does not have valid feature names, but LGBMClassifier was fitted with feature names
  warnings.warn(
C:\Users\yukik\fx-ai-trading\.venv\Lib\site-packages\sklearn\utils\validation.py:2691: UserWarning: X does not have valid feature names, but LGBMClassifier was fitted with feature names
  warnings.warn(
C:\Users\yukik\fx-ai-trading\.venv\Lib\site-packages\sklearn\utils\validation.py:2691: UserWarning: X does not have valid feature names, but LGBMClassifier was fitted with feature names
  warnings.warn(
C:\Users\yukik\fx-ai-trading\.venv\Lib\site-packages\sklearn\utils\validation.py:2691: UserWarning: X does not have valid feature names, but LGBMClassifier was fitted with feature names
  warnings.warn(
C:\Users\yukik\fx-ai-trading\.venv\Lib\site-packages\sklearn\utils\validation.py:2691: UserWarning: X does not have valid feature names, but LGBMClassifier was fitted with feature names
  warnings.warn(
C:\Users\yukik\fx-ai-trading\.venv\Lib\site-packages\sklearn\utils\validation.py:2691: UserWarning: X does not have valid feature names, but LGBMClassifier was fitted with feature names
  warnings.warn(
C:\Users\yukik\fx-ai-trading\.venv\Lib\site-packages\sklearn\utils\validation.py:2691: UserWarning: X does not have valid feature names, but LGBMClassifier was fitted with feature names
  warnings.warn(
C:\Users\yukik\fx-ai-trading\.venv\Lib\site-packages\sklearn\utils\validation.py:2691: UserWarning: X does not have valid feature names, but LGBMClassifier was fitted with feature names
  warnings.warn(
C:\Users\yukik\fx-ai-trading\.venv\Lib\site-packages\sklearn\utils\validation.py:2691: UserWarning: X does not have valid feature names, but LGBMClassifier was fitted with feature names
  warnings.warn(
C:\Users\yukik\fx-ai-trading\.venv\Lib\site-packages\sklearn\utils\validation.py:2691: UserWarning: X does not have valid feature names, but LGBMClassifier was fitted with feature names
  warnings.warn(
C:\Users\yukik\fx-ai-trading\.venv\Lib\site-packages\sklearn\utils\validation.py:2691: UserWarning: X does not have valid feature names, but LGBMClassifier was fitted with feature names
  warnings.warn(
C:\Users\yukik\fx-ai-trading\.venv\Lib\site-packages\sklearn\utils\validation.py:2691: UserWarning: X does not have valid feature names, but LGBMClassifier was fitted with feature names
  warnings.warn(
C:\Users\yukik\fx-ai-trading\.venv\Lib\site-packages\sklearn\utils\validation.py:2691: UserWarning: X does not have valid feature names, but LGBMClassifier was fitted with feature names
  warnings.warn(
C:\Users\yukik\fx-ai-trading\.venv\Lib\site-packages\sklearn\utils\validation.py:2691: UserWarning: X does not have valid feature names, but LGBMClassifier was fitted with feature names
  warnings.warn(
C:\Users\yukik\fx-ai-trading\.venv\Lib\site-packages\sklearn\utils\validation.py:2691: UserWarning: X does not have valid feature names, but LGBMClassifier was fitted with feature names
  warnings.warn(
C:\Users\yukik\fx-ai-trading\.venv\Lib\site-packages\sklearn\utils\validation.py:2691: UserWarning: X does not have valid feature names, but LGBMClassifier was fitted with feature names
  warnings.warn(
C:\Users\yukik\fx-ai-trading\.venv\Lib\site-packages\sklearn\utils\validation.py:2691: UserWarning: X does not have valid feature names, but LGBMClassifier was fitted with feature names
  warnings.warn(
C:\Users\yukik\fx-ai-trading\.venv\Lib\site-packages\sklearn\utils\validation.py:2691: UserWarning: X does not have valid feature names, but LGBMClassifier was fitted with feature names
  warnings.warn(
C:\Users\yukik\fx-ai-trading\.venv\Lib\site-packages\sklearn\utils\validation.py:2691: UserWarning: X does not have valid feature names, but LGBMClassifier was fitted with feature names
  warnings.warn(
C:\Users\yukik\fx-ai-trading\.venv\Lib\site-packages\sklearn\utils\validation.py:2691: UserWarning: X does not have valid feature names, but LGBMClassifier was fitted with feature names
  warnings.warn(
C:\Users\yukik\fx-ai-trading\.venv\Lib\site-packages\sklearn\utils\validation.py:2691: UserWarning: X does not have valid feature names, but LGBMClassifier was fitted with feature names
  warnings.warn(
C:\Users\yukik\fx-ai-trading\.venv\Lib\site-packages\sklearn\utils\validation.py:2691: UserWarning: X does not have valid feature names, but LGBMClassifier was fitted with feature names
  warnings.warn(
C:\Users\yukik\fx-ai-trading\.venv\Lib\site-packages\sklearn\utils\validation.py:2691: UserWarning: X does not have valid feature names, but LGBMClassifier was fitted with feature names
  warnings.warn(
C:\Users\yukik\fx-ai-trading\.venv\Lib\site-packages\sklearn\utils\validation.py:2691: UserWarning: X does not have valid feature names, but LGBMClassifier was fitted with feature names
  warnings.warn(
C:\Users\yukik\fx-ai-trading\.venv\Lib\site-packages\sklearn\utils\validation.py:2691: UserWarning: X does not have valid feature names, but LGBMClassifier was fitted with feature names
  warnings.warn(
C:\Users\yukik\fx-ai-trading\.venv\Lib\site-packages\sklearn\utils\validation.py:2691: UserWarning: X does not have valid feature names, but LGBMClassifier was fitted with feature names
  warnings.warn(
C:\Users\yukik\fx-ai-trading\.venv\Lib\site-packages\sklearn\utils\validation.py:2691: UserWarning: X does not have valid feature names, but LGBMClassifier was fitted with feature names
  warnings.warn(
C:\Users\yukik\fx-ai-trading\.venv\Lib\site-packages\sklearn\utils\validation.py:2691: UserWarning: X does not have valid feature names, but LGBMClassifier was fitted with feature names
  warnings.warn(
C:\Users\yukik\fx-ai-trading\.venv\Lib\site-packages\sklearn\utils\validation.py:2691: UserWarning: X does not have valid feature names, but LGBMClassifier was fitted with feature names
  warnings.warn(
C:\Users\yukik\fx-ai-trading\.venv\Lib\site-packages\sklearn\utils\validation.py:2691: UserWarning: X does not have valid feature names, but LGBMClassifier was fitted with feature names
  warnings.warn(
C:\Users\yukik\fx-ai-trading\.venv\Lib\site-packages\sklearn\utils\validation.py:2691: UserWarning: X does not have valid feature names, but LGBMClassifier was fitted with feature names
  warnings.warn(
C:\Users\yukik\fx-ai-trading\.venv\Lib\site-packages\sklearn\utils\validation.py:2691: UserWarning: X does not have valid feature names, but LGBMClassifier was fitted with feature names
  warnings.warn(
C:\Users\yukik\fx-ai-trading\.venv\Lib\site-packages\sklearn\utils\validation.py:2691: UserWarning: X does not have valid feature names, but LGBMClassifier was fitted with feature names
  warnings.warn(
C:\Users\yukik\fx-ai-trading\.venv\Lib\site-packages\sklearn\utils\validation.py:2691: UserWarning: X does not have valid feature names, but LGBMClassifier was fitted with feature names
  warnings.warn(
C:\Users\yukik\fx-ai-trading\.venv\Lib\site-packages\sklearn\utils\validation.py:2691: UserWarning: X does not have valid feature names, but LGBMClassifier was fitted with feature names
  warnings.warn(
C:\Users\yukik\fx-ai-trading\.venv\Lib\site-packages\sklearn\utils\validation.py:2691: UserWarning: X does not have valid feature names, but LGBMClassifier was fitted with feature names
  warnings.warn(
C:\Users\yukik\fx-ai-trading\.venv\Lib\site-packages\sklearn\utils\validation.py:2691: UserWarning: X does not have valid feature names, but LGBMClassifier was fitted with feature names
  warnings.warn(
C:\Users\yukik\fx-ai-trading\.venv\Lib\site-packages\sklearn\utils\validation.py:2691: UserWarning: X does not have valid feature names, but LGBMClassifier was fitted with feature names
  warnings.warn(
C:\Users\yukik\fx-ai-trading\.venv\Lib\site-packages\sklearn\utils\validation.py:2691: UserWarning: X does not have valid feature names, but LGBMClassifier was fitted with feature names
  warnings.warn(
C:\Users\yukik\fx-ai-trading\.venv\Lib\site-packages\sklearn\utils\validation.py:2691: UserWarning: X does not have valid feature names, but LGBMClassifier was fitted with feature names
  warnings.warn(
C:\Users\yukik\fx-ai-trading\.venv\Lib\site-packages\sklearn\utils\validation.py:2691: UserWarning: X does not have valid feature names, but LGBMClassifier was fitted with feature names
  warnings.warn(
C:\Users\yukik\fx-ai-trading\.venv\Lib\site-packages\sklearn\utils\validation.py:2691: UserWarning: X does not have valid feature names, but LGBMClassifier was fitted with feature names
  warnings.warn(
C:\Users\yukik\fx-ai-trading\.venv\Lib\site-packages\sklearn\utils\validation.py:2691: UserWarning: X does not have valid feature names, but LGBMClassifier was fitted with feature names
  warnings.warn(
C:\Users\yukik\fx-ai-trading\.venv\Lib\site-packages\sklearn\utils\validation.py:2691: UserWarning: X does not have valid feature names, but LGBMClassifier was fitted with feature names
  warnings.warn(
C:\Users\yukik\fx-ai-trading\.venv\Lib\site-packages\sklearn\utils\validation.py:2691: UserWarning: X does not have valid feature names, but LGBMClassifier was fitted with feature names
  warnings.warn(
C:\Users\yukik\fx-ai-trading\.venv\Lib\site-packages\sklearn\utils\validation.py:2691: UserWarning: X does not have valid feature names, but LGBMClassifier was fitted with feature names
  warnings.warn(
C:\Users\yukik\fx-ai-trading\.venv\Lib\site-packages\sklearn\utils\validation.py:2691: UserWarning: X does not have valid feature names, but LGBMClassifier was fitted with feature names
  warnings.warn(
C:\Users\yukik\fx-ai-trading\.venv\Lib\site-packages\sklearn\utils\validation.py:2691: UserWarning: X does not have valid feature names, but LGBMClassifier was fitted with feature names
  warnings.warn(
C:\Users\yukik\fx-ai-trading\.venv\Lib\site-packages\sklearn\utils\validation.py:2691: UserWarning: X does not have valid feature names, but LGBMClassifier was fitted with feature names
  warnings.warn(
C:\Users\yukik\fx-ai-trading\.venv\Lib\site-packages\sklearn\utils\validation.py:2691: UserWarning: X does not have valid feature names, but LGBMClassifier was fitted with feature names
  warnings.warn(
C:\Users\yukik\fx-ai-trading\.venv\Lib\site-packages\sklearn\utils\validation.py:2691: UserWarning: X does not have valid feature names, but LGBMClassifier was fitted with feature names
  warnings.warn(
C:\Users\yukik\fx-ai-trading\.venv\Lib\site-packages\sklearn\utils\validation.py:2691: UserWarning: X does not have valid feature names, but LGBMClassifier was fitted with feature names
  warnings.warn(
C:\Users\yukik\fx-ai-trading\.venv\Lib\site-packages\sklearn\utils\validation.py:2691: UserWarning: X does not have valid feature names, but LGBMClassifier was fitted with feature names
  warnings.warn(
C:\Users\yukik\fx-ai-trading\.venv\Lib\site-packages\sklearn\utils\validation.py:2691: UserWarning: X does not have valid feature names, but LGBMClassifier was fitted with feature names
  warnings.warn(
C:\Users\yukik\fx-ai-trading\.venv\Lib\site-packages\sklearn\utils\validation.py:2691: UserWarning: X does not have valid feature names, but LGBMClassifier was fitted with feature names
  warnings.warn(
C:\Users\yukik\fx-ai-trading\.venv\Lib\site-packages\sklearn\utils\validation.py:2691: UserWarning: X does not have valid feature names, but LGBMClassifier was fitted with feature names
  warnings.warn(
C:\Users\yukik\fx-ai-trading\.venv\Lib\site-packages\sklearn\utils\validation.py:2691: UserWarning: X does not have valid feature names, but LGBMClassifier was fitted with feature names
  warnings.warn(
C:\Users\yukik\fx-ai-trading\.venv\Lib\site-packages\sklearn\utils\validation.py:2691: UserWarning: X does not have valid feature names, but LGBMClassifier was fitted with feature names
  warnings.warn(
C:\Users\yukik\fx-ai-trading\.venv\Lib\site-packages\sklearn\utils\validation.py:2691: UserWarning: X does not have valid feature names, but LGBMClassifier was fitted with feature names
  warnings.warn(
C:\Users\yukik\fx-ai-trading\.venv\Lib\site-packages\sklearn\utils\validation.py:2691: UserWarning: X does not have valid feature names, but LGBMClassifier was fitted with feature names
  warnings.warn(
C:\Users\yukik\fx-ai-trading\.venv\Lib\site-packages\sklearn\utils\validation.py:2691: UserWarning: X does not have valid feature names, but LGBMClassifier was fitted with feature names
  warnings.warn(
C:\Users\yukik\fx-ai-trading\.venv\Lib\site-packages\sklearn\utils\validation.py:2691: UserWarning: X does not have valid feature names, but LGBMClassifier was fitted with feature names
  warnings.warn(
C:\Users\yukik\fx-ai-trading\.venv\Lib\site-packages\sklearn\utils\validation.py:2691: UserWarning: X does not have valid feature names, but LGBMClassifier was fitted with feature names
  warnings.warn(
C:\Users\yukik\fx-ai-trading\.venv\Lib\site-packages\sklearn\utils\validation.py:2691: UserWarning: X does not have valid feature names, but LGBMClassifier was fitted with feature names
  warnings.warn(
C:\Users\yukik\fx-ai-trading\.venv\Lib\site-packages\sklearn\utils\validation.py:2691: UserWarning: X does not have valid feature names, but LGBMClassifier was fitted with feature names
  warnings.warn(
C:\Users\yukik\fx-ai-trading\.venv\Lib\site-packages\sklearn\utils\validation.py:2691: UserWarning: X does not have valid feature names, but LGBMClassifier was fitted with feature names
  warnings.warn(
C:\Users\yukik\fx-ai-trading\.venv\Lib\site-packages\sklearn\utils\validation.py:2691: UserWarning: X does not have valid feature names, but LGBMClassifier was fitted with feature names
  warnings.warn(
C:\Users\yukik\fx-ai-trading\.venv\Lib\site-packages\sklearn\utils\validation.py:2691: UserWarning: X does not have valid feature names, but LGBMClassifier was fitted with feature names
  warnings.warn(
    fold 4/5: trained 5 models (162s)
C:\Users\yukik\fx-ai-trading\.venv\Lib\site-packages\sklearn\utils\validation.py:2691: UserWarning: X does not have valid feature names, but LGBMClassifier was fitted with feature names
  warnings.warn(
C:\Users\yukik\fx-ai-trading\.venv\Lib\site-packages\sklearn\utils\validation.py:2691: UserWarning: X does not have valid feature names, but LGBMClassifier was fitted with feature names
  warnings.warn(
C:\Users\yukik\fx-ai-trading\.venv\Lib\site-packages\sklearn\utils\validation.py:2691: UserWarning: X does not have valid feature names, but LGBMClassifier was fitted with feature names
  warnings.warn(
C:\Users\yukik\fx-ai-trading\.venv\Lib\site-packages\sklearn\utils\validation.py:2691: UserWarning: X does not have valid feature names, but LGBMClassifier was fitted with feature names
  warnings.warn(
C:\Users\yukik\fx-ai-trading\.venv\Lib\site-packages\sklearn\utils\validation.py:2691: UserWarning: X does not have valid feature names, but LGBMClassifier was fitted with feature names
  warnings.warn(
C:\Users\yukik\fx-ai-trading\.venv\Lib\site-packages\sklearn\utils\validation.py:2691: UserWarning: X does not have valid feature names, but LGBMClassifier was fitted with feature names
  warnings.warn(
C:\Users\yukik\fx-ai-trading\.venv\Lib\site-packages\sklearn\utils\validation.py:2691: UserWarning: X does not have valid feature names, but LGBMClassifier was fitted with feature names
  warnings.warn(
C:\Users\yukik\fx-ai-trading\.venv\Lib\site-packages\sklearn\utils\validation.py:2691: UserWarning: X does not have valid feature names, but LGBMClassifier was fitted with feature names
  warnings.warn(
C:\Users\yukik\fx-ai-trading\.venv\Lib\site-packages\sklearn\utils\validation.py:2691: UserWarning: X does not have valid feature names, but LGBMClassifier was fitted with feature names
  warnings.warn(
C:\Users\yukik\fx-ai-trading\.venv\Lib\site-packages\sklearn\utils\validation.py:2691: UserWarning: X does not have valid feature names, but LGBMClassifier was fitted with feature names
  warnings.warn(
C:\Users\yukik\fx-ai-trading\.venv\Lib\site-packages\sklearn\utils\validation.py:2691: UserWarning: X does not have valid feature names, but LGBMClassifier was fitted with feature names
  warnings.warn(
C:\Users\yukik\fx-ai-trading\.venv\Lib\site-packages\sklearn\utils\validation.py:2691: UserWarning: X does not have valid feature names, but LGBMClassifier was fitted with feature names
  warnings.warn(
C:\Users\yukik\fx-ai-trading\.venv\Lib\site-packages\sklearn\utils\validation.py:2691: UserWarning: X does not have valid feature names, but LGBMClassifier was fitted with feature names
  warnings.warn(
C:\Users\yukik\fx-ai-trading\.venv\Lib\site-packages\sklearn\utils\validation.py:2691: UserWarning: X does not have valid feature names, but LGBMClassifier was fitted with feature names
  warnings.warn(
C:\Users\yukik\fx-ai-trading\.venv\Lib\site-packages\sklearn\utils\validation.py:2691: UserWarning: X does not have valid feature names, but LGBMClassifier was fitted with feature names
  warnings.warn(
C:\Users\yukik\fx-ai-trading\.venv\Lib\site-packages\sklearn\utils\validation.py:2691: UserWarning: X does not have valid feature names, but LGBMClassifier was fitted with feature names
  warnings.warn(
C:\Users\yukik\fx-ai-trading\.venv\Lib\site-packages\sklearn\utils\validation.py:2691: UserWarning: X does not have valid feature names, but LGBMClassifier was fitted with feature names
  warnings.warn(
C:\Users\yukik\fx-ai-trading\.venv\Lib\site-packages\sklearn\utils\validation.py:2691: UserWarning: X does not have valid feature names, but LGBMClassifier was fitted with feature names
  warnings.warn(
C:\Users\yukik\fx-ai-trading\.venv\Lib\site-packages\sklearn\utils\validation.py:2691: UserWarning: X does not have valid feature names, but LGBMClassifier was fitted with feature names
  warnings.warn(
C:\Users\yukik\fx-ai-trading\.venv\Lib\site-packages\sklearn\utils\validation.py:2691: UserWarning: X does not have valid feature names, but LGBMClassifier was fitted with feature names
  warnings.warn(
C:\Users\yukik\fx-ai-trading\.venv\Lib\site-packages\sklearn\utils\validation.py:2691: UserWarning: X does not have valid feature names, but LGBMClassifier was fitted with feature names
  warnings.warn(
C:\Users\yukik\fx-ai-trading\.venv\Lib\site-packages\sklearn\utils\validation.py:2691: UserWarning: X does not have valid feature names, but LGBMClassifier was fitted with feature names
  warnings.warn(
C:\Users\yukik\fx-ai-trading\.venv\Lib\site-packages\sklearn\utils\validation.py:2691: UserWarning: X does not have valid feature names, but LGBMClassifier was fitted with feature names
  warnings.warn(
C:\Users\yukik\fx-ai-trading\.venv\Lib\site-packages\sklearn\utils\validation.py:2691: UserWarning: X does not have valid feature names, but LGBMClassifier was fitted with feature names
  warnings.warn(
C:\Users\yukik\fx-ai-trading\.venv\Lib\site-packages\sklearn\utils\validation.py:2691: UserWarning: X does not have valid feature names, but LGBMClassifier was fitted with feature names
  warnings.warn(
C:\Users\yukik\fx-ai-trading\.venv\Lib\site-packages\sklearn\utils\validation.py:2691: UserWarning: X does not have valid feature names, but LGBMClassifier was fitted with feature names
  warnings.warn(
C:\Users\yukik\fx-ai-trading\.venv\Lib\site-packages\sklearn\utils\validation.py:2691: UserWarning: X does not have valid feature names, but LGBMClassifier was fitted with feature names
  warnings.warn(
C:\Users\yukik\fx-ai-trading\.venv\Lib\site-packages\sklearn\utils\validation.py:2691: UserWarning: X does not have valid feature names, but LGBMClassifier was fitted with feature names
  warnings.warn(
C:\Users\yukik\fx-ai-trading\.venv\Lib\site-packages\sklearn\utils\validation.py:2691: UserWarning: X does not have valid feature names, but LGBMClassifier was fitted with feature names
  warnings.warn(
C:\Users\yukik\fx-ai-trading\.venv\Lib\site-packages\sklearn\utils\validation.py:2691: UserWarning: X does not have valid feature names, but LGBMClassifier was fitted with feature names
  warnings.warn(
C:\Users\yukik\fx-ai-trading\.venv\Lib\site-packages\sklearn\utils\validation.py:2691: UserWarning: X does not have valid feature names, but LGBMClassifier was fitted with feature names
  warnings.warn(
C:\Users\yukik\fx-ai-trading\.venv\Lib\site-packages\sklearn\utils\validation.py:2691: UserWarning: X does not have valid feature names, but LGBMClassifier was fitted with feature names
  warnings.warn(
C:\Users\yukik\fx-ai-trading\.venv\Lib\site-packages\sklearn\utils\validation.py:2691: UserWarning: X does not have valid feature names, but LGBMClassifier was fitted with feature names
  warnings.warn(
C:\Users\yukik\fx-ai-trading\.venv\Lib\site-packages\sklearn\utils\validation.py:2691: UserWarning: X does not have valid feature names, but LGBMClassifier was fitted with feature names
  warnings.warn(
C:\Users\yukik\fx-ai-trading\.venv\Lib\site-packages\sklearn\utils\validation.py:2691: UserWarning: X does not have valid feature names, but LGBMClassifier was fitted with feature names
  warnings.warn(
C:\Users\yukik\fx-ai-trading\.venv\Lib\site-packages\sklearn\utils\validation.py:2691: UserWarning: X does not have valid feature names, but LGBMClassifier was fitted with feature names
  warnings.warn(
C:\Users\yukik\fx-ai-trading\.venv\Lib\site-packages\sklearn\utils\validation.py:2691: UserWarning: X does not have valid feature names, but LGBMClassifier was fitted with feature names
  warnings.warn(
C:\Users\yukik\fx-ai-trading\.venv\Lib\site-packages\sklearn\utils\validation.py:2691: UserWarning: X does not have valid feature names, but LGBMClassifier was fitted with feature names
  warnings.warn(
C:\Users\yukik\fx-ai-trading\.venv\Lib\site-packages\sklearn\utils\validation.py:2691: UserWarning: X does not have valid feature names, but LGBMClassifier was fitted with feature names
  warnings.warn(
C:\Users\yukik\fx-ai-trading\.venv\Lib\site-packages\sklearn\utils\validation.py:2691: UserWarning: X does not have valid feature names, but LGBMClassifier was fitted with feature names
  warnings.warn(
C:\Users\yukik\fx-ai-trading\.venv\Lib\site-packages\sklearn\utils\validation.py:2691: UserWarning: X does not have valid feature names, but LGBMClassifier was fitted with feature names
  warnings.warn(
C:\Users\yukik\fx-ai-trading\.venv\Lib\site-packages\sklearn\utils\validation.py:2691: UserWarning: X does not have valid feature names, but LGBMClassifier was fitted with feature names
  warnings.warn(
C:\Users\yukik\fx-ai-trading\.venv\Lib\site-packages\sklearn\utils\validation.py:2691: UserWarning: X does not have valid feature names, but LGBMClassifier was fitted with feature names
  warnings.warn(
C:\Users\yukik\fx-ai-trading\.venv\Lib\site-packages\sklearn\utils\validation.py:2691: UserWarning: X does not have valid feature names, but LGBMClassifier was fitted with feature names
  warnings.warn(
C:\Users\yukik\fx-ai-trading\.venv\Lib\site-packages\sklearn\utils\validation.py:2691: UserWarning: X does not have valid feature names, but LGBMClassifier was fitted with feature names
  warnings.warn(
C:\Users\yukik\fx-ai-trading\.venv\Lib\site-packages\sklearn\utils\validation.py:2691: UserWarning: X does not have valid feature names, but LGBMClassifier was fitted with feature names
  warnings.warn(
C:\Users\yukik\fx-ai-trading\.venv\Lib\site-packages\sklearn\utils\validation.py:2691: UserWarning: X does not have valid feature names, but LGBMClassifier was fitted with feature names
  warnings.warn(
C:\Users\yukik\fx-ai-trading\.venv\Lib\site-packages\sklearn\utils\validation.py:2691: UserWarning: X does not have valid feature names, but LGBMClassifier was fitted with feature names
  warnings.warn(
C:\Users\yukik\fx-ai-trading\.venv\Lib\site-packages\sklearn\utils\validation.py:2691: UserWarning: X does not have valid feature names, but LGBMClassifier was fitted with feature names
  warnings.warn(
C:\Users\yukik\fx-ai-trading\.venv\Lib\site-packages\sklearn\utils\validation.py:2691: UserWarning: X does not have valid feature names, but LGBMClassifier was fitted with feature names
  warnings.warn(
C:\Users\yukik\fx-ai-trading\.venv\Lib\site-packages\sklearn\utils\validation.py:2691: UserWarning: X does not have valid feature names, but LGBMClassifier was fitted with feature names
  warnings.warn(
C:\Users\yukik\fx-ai-trading\.venv\Lib\site-packages\sklearn\utils\validation.py:2691: UserWarning: X does not have valid feature names, but LGBMClassifier was fitted with feature names
  warnings.warn(
C:\Users\yukik\fx-ai-trading\.venv\Lib\site-packages\sklearn\utils\validation.py:2691: UserWarning: X does not have valid feature names, but LGBMClassifier was fitted with feature names
  warnings.warn(
C:\Users\yukik\fx-ai-trading\.venv\Lib\site-packages\sklearn\utils\validation.py:2691: UserWarning: X does not have valid feature names, but LGBMClassifier was fitted with feature names
  warnings.warn(
C:\Users\yukik\fx-ai-trading\.venv\Lib\site-packages\sklearn\utils\validation.py:2691: UserWarning: X does not have valid feature names, but LGBMClassifier was fitted with feature names
  warnings.warn(
C:\Users\yukik\fx-ai-trading\.venv\Lib\site-packages\sklearn\utils\validation.py:2691: UserWarning: X does not have valid feature names, but LGBMClassifier was fitted with feature names
  warnings.warn(
C:\Users\yukik\fx-ai-trading\.venv\Lib\site-packages\sklearn\utils\validation.py:2691: UserWarning: X does not have valid feature names, but LGBMClassifier was fitted with feature names
  warnings.warn(
C:\Users\yukik\fx-ai-trading\.venv\Lib\site-packages\sklearn\utils\validation.py:2691: UserWarning: X does not have valid feature names, but LGBMClassifier was fitted with feature names
  warnings.warn(
C:\Users\yukik\fx-ai-trading\.venv\Lib\site-packages\sklearn\utils\validation.py:2691: UserWarning: X does not have valid feature names, but LGBMClassifier was fitted with feature names
  warnings.warn(
C:\Users\yukik\fx-ai-trading\.venv\Lib\site-packages\sklearn\utils\validation.py:2691: UserWarning: X does not have valid feature names, but LGBMClassifier was fitted with feature names
  warnings.warn(
C:\Users\yukik\fx-ai-trading\.venv\Lib\site-packages\sklearn\utils\validation.py:2691: UserWarning: X does not have valid feature names, but LGBMClassifier was fitted with feature names
  warnings.warn(
C:\Users\yukik\fx-ai-trading\.venv\Lib\site-packages\sklearn\utils\validation.py:2691: UserWarning: X does not have valid feature names, but LGBMClassifier was fitted with feature names
  warnings.warn(
C:\Users\yukik\fx-ai-trading\.venv\Lib\site-packages\sklearn\utils\validation.py:2691: UserWarning: X does not have valid feature names, but LGBMClassifier was fitted with feature names
  warnings.warn(
C:\Users\yukik\fx-ai-trading\.venv\Lib\site-packages\sklearn\utils\validation.py:2691: UserWarning: X does not have valid feature names, but LGBMClassifier was fitted with feature names
  warnings.warn(
C:\Users\yukik\fx-ai-trading\.venv\Lib\site-packages\sklearn\utils\validation.py:2691: UserWarning: X does not have valid feature names, but LGBMClassifier was fitted with feature names
  warnings.warn(
C:\Users\yukik\fx-ai-trading\.venv\Lib\site-packages\sklearn\utils\validation.py:2691: UserWarning: X does not have valid feature names, but LGBMClassifier was fitted with feature names
  warnings.warn(
C:\Users\yukik\fx-ai-trading\.venv\Lib\site-packages\sklearn\utils\validation.py:2691: UserWarning: X does not have valid feature names, but LGBMClassifier was fitted with feature names
  warnings.warn(
C:\Users\yukik\fx-ai-trading\.venv\Lib\site-packages\sklearn\utils\validation.py:2691: UserWarning: X does not have valid feature names, but LGBMClassifier was fitted with feature names
  warnings.warn(
C:\Users\yukik\fx-ai-trading\.venv\Lib\site-packages\sklearn\utils\validation.py:2691: UserWarning: X does not have valid feature names, but LGBMClassifier was fitted with feature names
  warnings.warn(
C:\Users\yukik\fx-ai-trading\.venv\Lib\site-packages\sklearn\utils\validation.py:2691: UserWarning: X does not have valid feature names, but LGBMClassifier was fitted with feature names
  warnings.warn(
C:\Users\yukik\fx-ai-trading\.venv\Lib\site-packages\sklearn\utils\validation.py:2691: UserWarning: X does not have valid feature names, but LGBMClassifier was fitted with feature names
  warnings.warn(
C:\Users\yukik\fx-ai-trading\.venv\Lib\site-packages\sklearn\utils\validation.py:2691: UserWarning: X does not have valid feature names, but LGBMClassifier was fitted with feature names
  warnings.warn(
C:\Users\yukik\fx-ai-trading\.venv\Lib\site-packages\sklearn\utils\validation.py:2691: UserWarning: X does not have valid feature names, but LGBMClassifier was fitted with feature names
  warnings.warn(
C:\Users\yukik\fx-ai-trading\.venv\Lib\site-packages\sklearn\utils\validation.py:2691: UserWarning: X does not have valid feature names, but LGBMClassifier was fitted with feature names
  warnings.warn(
C:\Users\yukik\fx-ai-trading\.venv\Lib\site-packages\sklearn\utils\validation.py:2691: UserWarning: X does not have valid feature names, but LGBMClassifier was fitted with feature names
  warnings.warn(
C:\Users\yukik\fx-ai-trading\.venv\Lib\site-packages\sklearn\utils\validation.py:2691: UserWarning: X does not have valid feature names, but LGBMClassifier was fitted with feature names
  warnings.warn(
C:\Users\yukik\fx-ai-trading\.venv\Lib\site-packages\sklearn\utils\validation.py:2691: UserWarning: X does not have valid feature names, but LGBMClassifier was fitted with feature names
  warnings.warn(
C:\Users\yukik\fx-ai-trading\.venv\Lib\site-packages\sklearn\utils\validation.py:2691: UserWarning: X does not have valid feature names, but LGBMClassifier was fitted with feature names
  warnings.warn(
C:\Users\yukik\fx-ai-trading\.venv\Lib\site-packages\sklearn\utils\validation.py:2691: UserWarning: X does not have valid feature names, but LGBMClassifier was fitted with feature names
  warnings.warn(
C:\Users\yukik\fx-ai-trading\.venv\Lib\site-packages\sklearn\utils\validation.py:2691: UserWarning: X does not have valid feature names, but LGBMClassifier was fitted with feature names
  warnings.warn(
C:\Users\yukik\fx-ai-trading\.venv\Lib\site-packages\sklearn\utils\validation.py:2691: UserWarning: X does not have valid feature names, but LGBMClassifier was fitted with feature names
  warnings.warn(
C:\Users\yukik\fx-ai-trading\.venv\Lib\site-packages\sklearn\utils\validation.py:2691: UserWarning: X does not have valid feature names, but LGBMClassifier was fitted with feature names
  warnings.warn(
C:\Users\yukik\fx-ai-trading\.venv\Lib\site-packages\sklearn\utils\validation.py:2691: UserWarning: X does not have valid feature names, but LGBMClassifier was fitted with feature names
  warnings.warn(
C:\Users\yukik\fx-ai-trading\.venv\Lib\site-packages\sklearn\utils\validation.py:2691: UserWarning: X does not have valid feature names, but LGBMClassifier was fitted with feature names
  warnings.warn(
C:\Users\yukik\fx-ai-trading\.venv\Lib\site-packages\sklearn\utils\validation.py:2691: UserWarning: X does not have valid feature names, but LGBMClassifier was fitted with feature names
  warnings.warn(
C:\Users\yukik\fx-ai-trading\.venv\Lib\site-packages\sklearn\utils\validation.py:2691: UserWarning: X does not have valid feature names, but LGBMClassifier was fitted with feature names
  warnings.warn(
C:\Users\yukik\fx-ai-trading\.venv\Lib\site-packages\sklearn\utils\validation.py:2691: UserWarning: X does not have valid feature names, but LGBMClassifier was fitted with feature names
  warnings.warn(
C:\Users\yukik\fx-ai-trading\.venv\Lib\site-packages\sklearn\utils\validation.py:2691: UserWarning: X does not have valid feature names, but LGBMClassifier was fitted with feature names
  warnings.warn(
C:\Users\yukik\fx-ai-trading\.venv\Lib\site-packages\sklearn\utils\validation.py:2691: UserWarning: X does not have valid feature names, but LGBMClassifier was fitted with feature names
  warnings.warn(
C:\Users\yukik\fx-ai-trading\.venv\Lib\site-packages\sklearn\utils\validation.py:2691: UserWarning: X does not have valid feature names, but LGBMClassifier was fitted with feature names
  warnings.warn(
C:\Users\yukik\fx-ai-trading\.venv\Lib\site-packages\sklearn\utils\validation.py:2691: UserWarning: X does not have valid feature names, but LGBMClassifier was fitted with feature names
  warnings.warn(
C:\Users\yukik\fx-ai-trading\.venv\Lib\site-packages\sklearn\utils\validation.py:2691: UserWarning: X does not have valid feature names, but LGBMClassifier was fitted with feature names
  warnings.warn(
C:\Users\yukik\fx-ai-trading\.venv\Lib\site-packages\sklearn\utils\validation.py:2691: UserWarning: X does not have valid feature names, but LGBMClassifier was fitted with feature names
  warnings.warn(
C:\Users\yukik\fx-ai-trading\.venv\Lib\site-packages\sklearn\utils\validation.py:2691: UserWarning: X does not have valid feature names, but LGBMClassifier was fitted with feature names
  warnings.warn(
C:\Users\yukik\fx-ai-trading\.venv\Lib\site-packages\sklearn\utils\validation.py:2691: UserWarning: X does not have valid feature names, but LGBMClassifier was fitted with feature names
  warnings.warn(
C:\Users\yukik\fx-ai-trading\.venv\Lib\site-packages\sklearn\utils\validation.py:2691: UserWarning: X does not have valid feature names, but LGBMClassifier was fitted with feature names
  warnings.warn(
C:\Users\yukik\fx-ai-trading\.venv\Lib\site-packages\sklearn\utils\validation.py:2691: UserWarning: X does not have valid feature names, but LGBMClassifier was fitted with feature names
  warnings.warn(
C:\Users\yukik\fx-ai-trading\.venv\Lib\site-packages\sklearn\utils\validation.py:2691: UserWarning: X does not have valid feature names, but LGBMClassifier was fitted with feature names
  warnings.warn(
C:\Users\yukik\fx-ai-trading\.venv\Lib\site-packages\sklearn\utils\validation.py:2691: UserWarning: X does not have valid feature names, but LGBMClassifier was fitted with feature names
  warnings.warn(
C:\Users\yukik\fx-ai-trading\.venv\Lib\site-packages\sklearn\utils\validation.py:2691: UserWarning: X does not have valid feature names, but LGBMClassifier was fitted with feature names
  warnings.warn(
C:\Users\yukik\fx-ai-trading\.venv\Lib\site-packages\sklearn\utils\validation.py:2691: UserWarning: X does not have valid feature names, but LGBMClassifier was fitted with feature names
  warnings.warn(
C:\Users\yukik\fx-ai-trading\.venv\Lib\site-packages\sklearn\utils\validation.py:2691: UserWarning: X does not have valid feature names, but LGBMClassifier was fitted with feature names
  warnings.warn(
C:\Users\yukik\fx-ai-trading\.venv\Lib\site-packages\sklearn\utils\validation.py:2691: UserWarning: X does not have valid feature names, but LGBMClassifier was fitted with feature names
  warnings.warn(
C:\Users\yukik\fx-ai-trading\.venv\Lib\site-packages\sklearn\utils\validation.py:2691: UserWarning: X does not have valid feature names, but LGBMClassifier was fitted with feature names
  warnings.warn(
C:\Users\yukik\fx-ai-trading\.venv\Lib\site-packages\sklearn\utils\validation.py:2691: UserWarning: X does not have valid feature names, but LGBMClassifier was fitted with feature names
  warnings.warn(
C:\Users\yukik\fx-ai-trading\.venv\Lib\site-packages\sklearn\utils\validation.py:2691: UserWarning: X does not have valid feature names, but LGBMClassifier was fitted with feature names
  warnings.warn(
C:\Users\yukik\fx-ai-trading\.venv\Lib\site-packages\sklearn\utils\validation.py:2691: UserWarning: X does not have valid feature names, but LGBMClassifier was fitted with feature names
  warnings.warn(
C:\Users\yukik\fx-ai-trading\.venv\Lib\site-packages\sklearn\utils\validation.py:2691: UserWarning: X does not have valid feature names, but LGBMClassifier was fitted with feature names
  warnings.warn(
C:\Users\yukik\fx-ai-trading\.venv\Lib\site-packages\sklearn\utils\validation.py:2691: UserWarning: X does not have valid feature names, but LGBMClassifier was fitted with feature names
  warnings.warn(
C:\Users\yukik\fx-ai-trading\.venv\Lib\site-packages\sklearn\utils\validation.py:2691: UserWarning: X does not have valid feature names, but LGBMClassifier was fitted with feature names
  warnings.warn(
C:\Users\yukik\fx-ai-trading\.venv\Lib\site-packages\sklearn\utils\validation.py:2691: UserWarning: X does not have valid feature names, but LGBMClassifier was fitted with feature names
  warnings.warn(
C:\Users\yukik\fx-ai-trading\.venv\Lib\site-packages\sklearn\utils\validation.py:2691: UserWarning: X does not have valid feature names, but LGBMClassifier was fitted with feature names
  warnings.warn(
C:\Users\yukik\fx-ai-trading\.venv\Lib\site-packages\sklearn\utils\validation.py:2691: UserWarning: X does not have valid feature names, but LGBMClassifier was fitted with feature names
  warnings.warn(
C:\Users\yukik\fx-ai-trading\.venv\Lib\site-packages\sklearn\utils\validation.py:2691: UserWarning: X does not have valid feature names, but LGBMClassifier was fitted with feature names
  warnings.warn(
C:\Users\yukik\fx-ai-trading\.venv\Lib\site-packages\sklearn\utils\validation.py:2691: UserWarning: X does not have valid feature names, but LGBMClassifier was fitted with feature names
  warnings.warn(
C:\Users\yukik\fx-ai-trading\.venv\Lib\site-packages\sklearn\utils\validation.py:2691: UserWarning: X does not have valid feature names, but LGBMClassifier was fitted with feature names
  warnings.warn(
C:\Users\yukik\fx-ai-trading\.venv\Lib\site-packages\sklearn\utils\validation.py:2691: UserWarning: X does not have valid feature names, but LGBMClassifier was fitted with feature names
  warnings.warn(
C:\Users\yukik\fx-ai-trading\.venv\Lib\site-packages\sklearn\utils\validation.py:2691: UserWarning: X does not have valid feature names, but LGBMClassifier was fitted with feature names
  warnings.warn(
C:\Users\yukik\fx-ai-trading\.venv\Lib\site-packages\sklearn\utils\validation.py:2691: UserWarning: X does not have valid feature names, but LGBMClassifier was fitted with feature names
  warnings.warn(
C:\Users\yukik\fx-ai-trading\.venv\Lib\site-packages\sklearn\utils\validation.py:2691: UserWarning: X does not have valid feature names, but LGBMClassifier was fitted with feature names
  warnings.warn(
    fold 5/5: trained 5 models (151s)
C:\Users\yukik\fx-ai-trading\.venv\Lib\site-packages\sklearn\utils\validation.py:2691: UserWarning: X does not have valid feature names, but LGBMClassifier was fitted with feature names
  warnings.warn(
C:\Users\yukik\fx-ai-trading\.venv\Lib\site-packages\sklearn\utils\validation.py:2691: UserWarning: X does not have valid feature names, but LGBMClassifier was fitted with feature names
  warnings.warn(
C:\Users\yukik\fx-ai-trading\.venv\Lib\site-packages\sklearn\utils\validation.py:2691: UserWarning: X does not have valid feature names, but LGBMClassifier was fitted with feature names
  warnings.warn(
C:\Users\yukik\fx-ai-trading\.venv\Lib\site-packages\sklearn\utils\validation.py:2691: UserWarning: X does not have valid feature names, but LGBMClassifier was fitted with feature names
  warnings.warn(
C:\Users\yukik\fx-ai-trading\.venv\Lib\site-packages\sklearn\utils\validation.py:2691: UserWarning: X does not have valid feature names, but LGBMClassifier was fitted with feature names
  warnings.warn(
C:\Users\yukik\fx-ai-trading\.venv\Lib\site-packages\sklearn\utils\validation.py:2691: UserWarning: X does not have valid feature names, but LGBMClassifier was fitted with feature names
  warnings.warn(
C:\Users\yukik\fx-ai-trading\.venv\Lib\site-packages\sklearn\utils\validation.py:2691: UserWarning: X does not have valid feature names, but LGBMClassifier was fitted with feature names
  warnings.warn(
C:\Users\yukik\fx-ai-trading\.venv\Lib\site-packages\sklearn\utils\validation.py:2691: UserWarning: X does not have valid feature names, but LGBMClassifier was fitted with feature names
  warnings.warn(
C:\Users\yukik\fx-ai-trading\.venv\Lib\site-packages\sklearn\utils\validation.py:2691: UserWarning: X does not have valid feature names, but LGBMClassifier was fitted with feature names
  warnings.warn(
C:\Users\yukik\fx-ai-trading\.venv\Lib\site-packages\sklearn\utils\validation.py:2691: UserWarning: X does not have valid feature names, but LGBMClassifier was fitted with feature names
  warnings.warn(
C:\Users\yukik\fx-ai-trading\.venv\Lib\site-packages\sklearn\utils\validation.py:2691: UserWarning: X does not have valid feature names, but LGBMClassifier was fitted with feature names
  warnings.warn(
C:\Users\yukik\fx-ai-trading\.venv\Lib\site-packages\sklearn\utils\validation.py:2691: UserWarning: X does not have valid feature names, but LGBMClassifier was fitted with feature names
  warnings.warn(
C:\Users\yukik\fx-ai-trading\.venv\Lib\site-packages\sklearn\utils\validation.py:2691: UserWarning: X does not have valid feature names, but LGBMClassifier was fitted with feature names
  warnings.warn(
C:\Users\yukik\fx-ai-trading\.venv\Lib\site-packages\sklearn\utils\validation.py:2691: UserWarning: X does not have valid feature names, but LGBMClassifier was fitted with feature names
  warnings.warn(
C:\Users\yukik\fx-ai-trading\.venv\Lib\site-packages\sklearn\utils\validation.py:2691: UserWarning: X does not have valid feature names, but LGBMClassifier was fitted with feature names
  warnings.warn(
C:\Users\yukik\fx-ai-trading\.venv\Lib\site-packages\sklearn\utils\validation.py:2691: UserWarning: X does not have valid feature names, but LGBMClassifier was fitted with feature names
  warnings.warn(
C:\Users\yukik\fx-ai-trading\.venv\Lib\site-packages\sklearn\utils\validation.py:2691: UserWarning: X does not have valid feature names, but LGBMClassifier was fitted with feature names
  warnings.warn(
C:\Users\yukik\fx-ai-trading\.venv\Lib\site-packages\sklearn\utils\validation.py:2691: UserWarning: X does not have valid feature names, but LGBMClassifier was fitted with feature names
  warnings.warn(
C:\Users\yukik\fx-ai-trading\.venv\Lib\site-packages\sklearn\utils\validation.py:2691: UserWarning: X does not have valid feature names, but LGBMClassifier was fitted with feature names
  warnings.warn(
C:\Users\yukik\fx-ai-trading\.venv\Lib\site-packages\sklearn\utils\validation.py:2691: UserWarning: X does not have valid feature names, but LGBMClassifier was fitted with feature names
  warnings.warn(
C:\Users\yukik\fx-ai-trading\.venv\Lib\site-packages\sklearn\utils\validation.py:2691: UserWarning: X does not have valid feature names, but LGBMClassifier was fitted with feature names
  warnings.warn(
C:\Users\yukik\fx-ai-trading\.venv\Lib\site-packages\sklearn\utils\validation.py:2691: UserWarning: X does not have valid feature names, but LGBMClassifier was fitted with feature names
  warnings.warn(
C:\Users\yukik\fx-ai-trading\.venv\Lib\site-packages\sklearn\utils\validation.py:2691: UserWarning: X does not have valid feature names, but LGBMClassifier was fitted with feature names
  warnings.warn(
C:\Users\yukik\fx-ai-trading\.venv\Lib\site-packages\sklearn\utils\validation.py:2691: UserWarning: X does not have valid feature names, but LGBMClassifier was fitted with feature names
  warnings.warn(
C:\Users\yukik\fx-ai-trading\.venv\Lib\site-packages\sklearn\utils\validation.py:2691: UserWarning: X does not have valid feature names, but LGBMClassifier was fitted with feature names
  warnings.warn(
C:\Users\yukik\fx-ai-trading\.venv\Lib\site-packages\sklearn\utils\validation.py:2691: UserWarning: X does not have valid feature names, but LGBMClassifier was fitted with feature names
  warnings.warn(
C:\Users\yukik\fx-ai-trading\.venv\Lib\site-packages\sklearn\utils\validation.py:2691: UserWarning: X does not have valid feature names, but LGBMClassifier was fitted with feature names
  warnings.warn(
C:\Users\yukik\fx-ai-trading\.venv\Lib\site-packages\sklearn\utils\validation.py:2691: UserWarning: X does not have valid feature names, but LGBMClassifier was fitted with feature names
  warnings.warn(
C:\Users\yukik\fx-ai-trading\.venv\Lib\site-packages\sklearn\utils\validation.py:2691: UserWarning: X does not have valid feature names, but LGBMClassifier was fitted with feature names
  warnings.warn(
C:\Users\yukik\fx-ai-trading\.venv\Lib\site-packages\sklearn\utils\validation.py:2691: UserWarning: X does not have valid feature names, but LGBMClassifier was fitted with feature names
  warnings.warn(
C:\Users\yukik\fx-ai-trading\.venv\Lib\site-packages\sklearn\utils\validation.py:2691: UserWarning: X does not have valid feature names, but LGBMClassifier was fitted with feature names
  warnings.warn(
C:\Users\yukik\fx-ai-trading\.venv\Lib\site-packages\sklearn\utils\validation.py:2691: UserWarning: X does not have valid feature names, but LGBMClassifier was fitted with feature names
  warnings.warn(
C:\Users\yukik\fx-ai-trading\.venv\Lib\site-packages\sklearn\utils\validation.py:2691: UserWarning: X does not have valid feature names, but LGBMClassifier was fitted with feature names
  warnings.warn(
C:\Users\yukik\fx-ai-trading\.venv\Lib\site-packages\sklearn\utils\validation.py:2691: UserWarning: X does not have valid feature names, but LGBMClassifier was fitted with feature names
  warnings.warn(
C:\Users\yukik\fx-ai-trading\.venv\Lib\site-packages\sklearn\utils\validation.py:2691: UserWarning: X does not have valid feature names, but LGBMClassifier was fitted with feature names
  warnings.warn(
C:\Users\yukik\fx-ai-trading\.venv\Lib\site-packages\sklearn\utils\validation.py:2691: UserWarning: X does not have valid feature names, but LGBMClassifier was fitted with feature names
  warnings.warn(
C:\Users\yukik\fx-ai-trading\.venv\Lib\site-packages\sklearn\utils\validation.py:2691: UserWarning: X does not have valid feature names, but LGBMClassifier was fitted with feature names
  warnings.warn(
C:\Users\yukik\fx-ai-trading\.venv\Lib\site-packages\sklearn\utils\validation.py:2691: UserWarning: X does not have valid feature names, but LGBMClassifier was fitted with feature names
  warnings.warn(
C:\Users\yukik\fx-ai-trading\.venv\Lib\site-packages\sklearn\utils\validation.py:2691: UserWarning: X does not have valid feature names, but LGBMClassifier was fitted with feature names
  warnings.warn(
C:\Users\yukik\fx-ai-trading\.venv\Lib\site-packages\sklearn\utils\validation.py:2691: UserWarning: X does not have valid feature names, but LGBMClassifier was fitted with feature names
  warnings.warn(
C:\Users\yukik\fx-ai-trading\.venv\Lib\site-packages\sklearn\utils\validation.py:2691: UserWarning: X does not have valid feature names, but LGBMClassifier was fitted with feature names
  warnings.warn(
C:\Users\yukik\fx-ai-trading\.venv\Lib\site-packages\sklearn\utils\validation.py:2691: UserWarning: X does not have valid feature names, but LGBMClassifier was fitted with feature names
  warnings.warn(
C:\Users\yukik\fx-ai-trading\.venv\Lib\site-packages\sklearn\utils\validation.py:2691: UserWarning: X does not have valid feature names, but LGBMClassifier was fitted with feature names
  warnings.warn(
C:\Users\yukik\fx-ai-trading\.venv\Lib\site-packages\sklearn\utils\validation.py:2691: UserWarning: X does not have valid feature names, but LGBMClassifier was fitted with feature names
  warnings.warn(
C:\Users\yukik\fx-ai-trading\.venv\Lib\site-packages\sklearn\utils\validation.py:2691: UserWarning: X does not have valid feature names, but LGBMClassifier was fitted with feature names
  warnings.warn(
C:\Users\yukik\fx-ai-trading\.venv\Lib\site-packages\sklearn\utils\validation.py:2691: UserWarning: X does not have valid feature names, but LGBMClassifier was fitted with feature names
  warnings.warn(
C:\Users\yukik\fx-ai-trading\.venv\Lib\site-packages\sklearn\utils\validation.py:2691: UserWarning: X does not have valid feature names, but LGBMClassifier was fitted with feature names
  warnings.warn(
C:\Users\yukik\fx-ai-trading\.venv\Lib\site-packages\sklearn\utils\validation.py:2691: UserWarning: X does not have valid feature names, but LGBMClassifier was fitted with feature names
  warnings.warn(
C:\Users\yukik\fx-ai-trading\.venv\Lib\site-packages\sklearn\utils\validation.py:2691: UserWarning: X does not have valid feature names, but LGBMClassifier was fitted with feature names
  warnings.warn(
C:\Users\yukik\fx-ai-trading\.venv\Lib\site-packages\sklearn\utils\validation.py:2691: UserWarning: X does not have valid feature names, but LGBMClassifier was fitted with feature names
  warnings.warn(
C:\Users\yukik\fx-ai-trading\.venv\Lib\site-packages\sklearn\utils\validation.py:2691: UserWarning: X does not have valid feature names, but LGBMClassifier was fitted with feature names
  warnings.warn(
C:\Users\yukik\fx-ai-trading\.venv\Lib\site-packages\sklearn\utils\validation.py:2691: UserWarning: X does not have valid feature names, but LGBMClassifier was fitted with feature names
  warnings.warn(
C:\Users\yukik\fx-ai-trading\.venv\Lib\site-packages\sklearn\utils\validation.py:2691: UserWarning: X does not have valid feature names, but LGBMClassifier was fitted with feature names
  warnings.warn(
C:\Users\yukik\fx-ai-trading\.venv\Lib\site-packages\sklearn\utils\validation.py:2691: UserWarning: X does not have valid feature names, but LGBMClassifier was fitted with feature names
  warnings.warn(
C:\Users\yukik\fx-ai-trading\.venv\Lib\site-packages\sklearn\utils\validation.py:2691: UserWarning: X does not have valid feature names, but LGBMClassifier was fitted with feature names
  warnings.warn(
C:\Users\yukik\fx-ai-trading\.venv\Lib\site-packages\sklearn\utils\validation.py:2691: UserWarning: X does not have valid feature names, but LGBMClassifier was fitted with feature names
  warnings.warn(
C:\Users\yukik\fx-ai-trading\.venv\Lib\site-packages\sklearn\utils\validation.py:2691: UserWarning: X does not have valid feature names, but LGBMClassifier was fitted with feature names
  warnings.warn(
C:\Users\yukik\fx-ai-trading\.venv\Lib\site-packages\sklearn\utils\validation.py:2691: UserWarning: X does not have valid feature names, but LGBMClassifier was fitted with feature names
  warnings.warn(
C:\Users\yukik\fx-ai-trading\.venv\Lib\site-packages\sklearn\utils\validation.py:2691: UserWarning: X does not have valid feature names, but LGBMClassifier was fitted with feature names
  warnings.warn(
C:\Users\yukik\fx-ai-trading\.venv\Lib\site-packages\sklearn\utils\validation.py:2691: UserWarning: X does not have valid feature names, but LGBMClassifier was fitted with feature names
  warnings.warn(
C:\Users\yukik\fx-ai-trading\.venv\Lib\site-packages\sklearn\utils\validation.py:2691: UserWarning: X does not have valid feature names, but LGBMClassifier was fitted with feature names
  warnings.warn(
C:\Users\yukik\fx-ai-trading\.venv\Lib\site-packages\sklearn\utils\validation.py:2691: UserWarning: X does not have valid feature names, but LGBMClassifier was fitted with feature names
  warnings.warn(
C:\Users\yukik\fx-ai-trading\.venv\Lib\site-packages\sklearn\utils\validation.py:2691: UserWarning: X does not have valid feature names, but LGBMClassifier was fitted with feature names
  warnings.warn(
C:\Users\yukik\fx-ai-trading\.venv\Lib\site-packages\sklearn\utils\validation.py:2691: UserWarning: X does not have valid feature names, but LGBMClassifier was fitted with feature names
  warnings.warn(
C:\Users\yukik\fx-ai-trading\.venv\Lib\site-packages\sklearn\utils\validation.py:2691: UserWarning: X does not have valid feature names, but LGBMClassifier was fitted with feature names
  warnings.warn(
C:\Users\yukik\fx-ai-trading\.venv\Lib\site-packages\sklearn\utils\validation.py:2691: UserWarning: X does not have valid feature names, but LGBMClassifier was fitted with feature names
  warnings.warn(
C:\Users\yukik\fx-ai-trading\.venv\Lib\site-packages\sklearn\utils\validation.py:2691: UserWarning: X does not have valid feature names, but LGBMClassifier was fitted with feature names
  warnings.warn(
C:\Users\yukik\fx-ai-trading\.venv\Lib\site-packages\sklearn\utils\validation.py:2691: UserWarning: X does not have valid feature names, but LGBMClassifier was fitted with feature names
  warnings.warn(
C:\Users\yukik\fx-ai-trading\.venv\Lib\site-packages\sklearn\utils\validation.py:2691: UserWarning: X does not have valid feature names, but LGBMClassifier was fitted with feature names
  warnings.warn(
C:\Users\yukik\fx-ai-trading\.venv\Lib\site-packages\sklearn\utils\validation.py:2691: UserWarning: X does not have valid feature names, but LGBMClassifier was fitted with feature names
  warnings.warn(
C:\Users\yukik\fx-ai-trading\.venv\Lib\site-packages\sklearn\utils\validation.py:2691: UserWarning: X does not have valid feature names, but LGBMClassifier was fitted with feature names
  warnings.warn(
C:\Users\yukik\fx-ai-trading\.venv\Lib\site-packages\sklearn\utils\validation.py:2691: UserWarning: X does not have valid feature names, but LGBMClassifier was fitted with feature names
  warnings.warn(
C:\Users\yukik\fx-ai-trading\.venv\Lib\site-packages\sklearn\utils\validation.py:2691: UserWarning: X does not have valid feature names, but LGBMClassifier was fitted with feature names
  warnings.warn(
C:\Users\yukik\fx-ai-trading\.venv\Lib\site-packages\sklearn\utils\validation.py:2691: UserWarning: X does not have valid feature names, but LGBMClassifier was fitted with feature names
  warnings.warn(
C:\Users\yukik\fx-ai-trading\.venv\Lib\site-packages\sklearn\utils\validation.py:2691: UserWarning: X does not have valid feature names, but LGBMClassifier was fitted with feature names
  warnings.warn(
C:\Users\yukik\fx-ai-trading\.venv\Lib\site-packages\sklearn\utils\validation.py:2691: UserWarning: X does not have valid feature names, but LGBMClassifier was fitted with feature names
  warnings.warn(
C:\Users\yukik\fx-ai-trading\.venv\Lib\site-packages\sklearn\utils\validation.py:2691: UserWarning: X does not have valid feature names, but LGBMClassifier was fitted with feature names
  warnings.warn(
C:\Users\yukik\fx-ai-trading\.venv\Lib\site-packages\sklearn\utils\validation.py:2691: UserWarning: X does not have valid feature names, but LGBMClassifier was fitted with feature names
  warnings.warn(
C:\Users\yukik\fx-ai-trading\.venv\Lib\site-packages\sklearn\utils\validation.py:2691: UserWarning: X does not have valid feature names, but LGBMClassifier was fitted with feature names
  warnings.warn(
C:\Users\yukik\fx-ai-trading\.venv\Lib\site-packages\sklearn\utils\validation.py:2691: UserWarning: X does not have valid feature names, but LGBMClassifier was fitted with feature names
  warnings.warn(
C:\Users\yukik\fx-ai-trading\.venv\Lib\site-packages\sklearn\utils\validation.py:2691: UserWarning: X does not have valid feature names, but LGBMClassifier was fitted with feature names
  warnings.warn(
C:\Users\yukik\fx-ai-trading\.venv\Lib\site-packages\sklearn\utils\validation.py:2691: UserWarning: X does not have valid feature names, but LGBMClassifier was fitted with feature names
  warnings.warn(
C:\Users\yukik\fx-ai-trading\.venv\Lib\site-packages\sklearn\utils\validation.py:2691: UserWarning: X does not have valid feature names, but LGBMClassifier was fitted with feature names
  warnings.warn(
C:\Users\yukik\fx-ai-trading\.venv\Lib\site-packages\sklearn\utils\validation.py:2691: UserWarning: X does not have valid feature names, but LGBMClassifier was fitted with feature names
  warnings.warn(
C:\Users\yukik\fx-ai-trading\.venv\Lib\site-packages\sklearn\utils\validation.py:2691: UserWarning: X does not have valid feature names, but LGBMClassifier was fitted with feature names
  warnings.warn(
C:\Users\yukik\fx-ai-trading\.venv\Lib\site-packages\sklearn\utils\validation.py:2691: UserWarning: X does not have valid feature names, but LGBMClassifier was fitted with feature names
  warnings.warn(
C:\Users\yukik\fx-ai-trading\.venv\Lib\site-packages\sklearn\utils\validation.py:2691: UserWarning: X does not have valid feature names, but LGBMClassifier was fitted with feature names
  warnings.warn(
C:\Users\yukik\fx-ai-trading\.venv\Lib\site-packages\sklearn\utils\validation.py:2691: UserWarning: X does not have valid feature names, but LGBMClassifier was fitted with feature names
  warnings.warn(
C:\Users\yukik\fx-ai-trading\.venv\Lib\site-packages\sklearn\utils\validation.py:2691: UserWarning: X does not have valid feature names, but LGBMClassifier was fitted with feature names
  warnings.warn(
C:\Users\yukik\fx-ai-trading\.venv\Lib\site-packages\sklearn\utils\validation.py:2691: UserWarning: X does not have valid feature names, but LGBMClassifier was fitted with feature names
  warnings.warn(
C:\Users\yukik\fx-ai-trading\.venv\Lib\site-packages\sklearn\utils\validation.py:2691: UserWarning: X does not have valid feature names, but LGBMClassifier was fitted with feature names
  warnings.warn(
C:\Users\yukik\fx-ai-trading\.venv\Lib\site-packages\sklearn\utils\validation.py:2691: UserWarning: X does not have valid feature names, but LGBMClassifier was fitted with feature names
  warnings.warn(
C:\Users\yukik\fx-ai-trading\.venv\Lib\site-packages\sklearn\utils\validation.py:2691: UserWarning: X does not have valid feature names, but LGBMClassifier was fitted with feature names
  warnings.warn(
C:\Users\yukik\fx-ai-trading\.venv\Lib\site-packages\sklearn\utils\validation.py:2691: UserWarning: X does not have valid feature names, but LGBMClassifier was fitted with feature names
  warnings.warn(
C:\Users\yukik\fx-ai-trading\.venv\Lib\site-packages\sklearn\utils\validation.py:2691: UserWarning: X does not have valid feature names, but LGBMClassifier was fitted with feature names
  warnings.warn(
C:\Users\yukik\fx-ai-trading\.venv\Lib\site-packages\sklearn\utils\validation.py:2691: UserWarning: X does not have valid feature names, but LGBMClassifier was fitted with feature names
  warnings.warn(
C:\Users\yukik\fx-ai-trading\.venv\Lib\site-packages\sklearn\utils\validation.py:2691: UserWarning: X does not have valid feature names, but LGBMClassifier was fitted with feature names
  warnings.warn(
C:\Users\yukik\fx-ai-trading\.venv\Lib\site-packages\sklearn\utils\validation.py:2691: UserWarning: X does not have valid feature names, but LGBMClassifier was fitted with feature names
  warnings.warn(
C:\Users\yukik\fx-ai-trading\.venv\Lib\site-packages\sklearn\utils\validation.py:2691: UserWarning: X does not have valid feature names, but LGBMClassifier was fitted with feature names
  warnings.warn(
C:\Users\yukik\fx-ai-trading\.venv\Lib\site-packages\sklearn\utils\validation.py:2691: UserWarning: X does not have valid feature names, but LGBMClassifier was fitted with feature names
  warnings.warn(
C:\Users\yukik\fx-ai-trading\.venv\Lib\site-packages\sklearn\utils\validation.py:2691: UserWarning: X does not have valid feature names, but LGBMClassifier was fitted with feature names
  warnings.warn(
C:\Users\yukik\fx-ai-trading\.venv\Lib\site-packages\sklearn\utils\validation.py:2691: UserWarning: X does not have valid feature names, but LGBMClassifier was fitted with feature names
  warnings.warn(
C:\Users\yukik\fx-ai-trading\.venv\Lib\site-packages\sklearn\utils\validation.py:2691: UserWarning: X does not have valid feature names, but LGBMClassifier was fitted with feature names
  warnings.warn(
C:\Users\yukik\fx-ai-trading\.venv\Lib\site-packages\sklearn\utils\validation.py:2691: UserWarning: X does not have valid feature names, but LGBMClassifier was fitted with feature names
  warnings.warn(
C:\Users\yukik\fx-ai-trading\.venv\Lib\site-packages\sklearn\utils\validation.py:2691: UserWarning: X does not have valid feature names, but LGBMClassifier was fitted with feature names
  warnings.warn(
C:\Users\yukik\fx-ai-trading\.venv\Lib\site-packages\sklearn\utils\validation.py:2691: UserWarning: X does not have valid feature names, but LGBMClassifier was fitted with feature names
  warnings.warn(
C:\Users\yukik\fx-ai-trading\.venv\Lib\site-packages\sklearn\utils\validation.py:2691: UserWarning: X does not have valid feature names, but LGBMClassifier was fitted with feature names
  warnings.warn(
C:\Users\yukik\fx-ai-trading\.venv\Lib\site-packages\sklearn\utils\validation.py:2691: UserWarning: X does not have valid feature names, but LGBMClassifier was fitted with feature names
  warnings.warn(
C:\Users\yukik\fx-ai-trading\.venv\Lib\site-packages\sklearn\utils\validation.py:2691: UserWarning: X does not have valid feature names, but LGBMClassifier was fitted with feature names
  warnings.warn(
C:\Users\yukik\fx-ai-trading\.venv\Lib\site-packages\sklearn\utils\validation.py:2691: UserWarning: X does not have valid feature names, but LGBMClassifier was fitted with feature names
  warnings.warn(
C:\Users\yukik\fx-ai-trading\.venv\Lib\site-packages\sklearn\utils\validation.py:2691: UserWarning: X does not have valid feature names, but LGBMClassifier was fitted with feature names
  warnings.warn(
C:\Users\yukik\fx-ai-trading\.venv\Lib\site-packages\sklearn\utils\validation.py:2691: UserWarning: X does not have valid feature names, but LGBMClassifier was fitted with feature names
  warnings.warn(
C:\Users\yukik\fx-ai-trading\.venv\Lib\site-packages\sklearn\utils\validation.py:2691: UserWarning: X does not have valid feature names, but LGBMClassifier was fitted with feature names
  warnings.warn(
C:\Users\yukik\fx-ai-trading\.venv\Lib\site-packages\sklearn\utils\validation.py:2691: UserWarning: X does not have valid feature names, but LGBMClassifier was fitted with feature names
  warnings.warn(
C:\Users\yukik\fx-ai-trading\.venv\Lib\site-packages\sklearn\utils\validation.py:2691: UserWarning: X does not have valid feature names, but LGBMClassifier was fitted with feature names
  warnings.warn(
C:\Users\yukik\fx-ai-trading\.venv\Lib\site-packages\sklearn\utils\validation.py:2691: UserWarning: X does not have valid feature names, but LGBMClassifier was fitted with feature names
  warnings.warn(
C:\Users\yukik\fx-ai-trading\.venv\Lib\site-packages\sklearn\utils\validation.py:2691: UserWarning: X does not have valid feature names, but LGBMClassifier was fitted with feature names
  warnings.warn(
C:\Users\yukik\fx-ai-trading\.venv\Lib\site-packages\sklearn\utils\validation.py:2691: UserWarning: X does not have valid feature names, but LGBMClassifier was fitted with feature names
  warnings.warn(
C:\Users\yukik\fx-ai-trading\.venv\Lib\site-packages\sklearn\utils\validation.py:2691: UserWarning: X does not have valid feature names, but LGBMClassifier was fitted with feature names
  warnings.warn(
C:\Users\yukik\fx-ai-trading\.venv\Lib\site-packages\sklearn\utils\validation.py:2691: UserWarning: X does not have valid feature names, but LGBMClassifier was fitted with feature names
  warnings.warn(

  total records: 1,690,430

Comparison: single model vs ensemble at various rules
  Test window: 365 days = 1.00 years
====================================================================================================
  Rule                                                    n     /yr     TP%     SL%    edge%
  ----------------------------------------------------------------------------------------
  R0_single conf>=0.45                                1,654    1655   31.4%   66.1%   -34.7%
  R0_single conf>=0.40                                4,710    4713   30.0%   67.6%   -37.7%
  R1_avg conf>=0.40                                   3,737    3740   31.8%   65.4%   -33.7%
  R1_avg conf>=0.45                                   1,281    1282   33.8%   63.6%   -29.8%
  R2_avg>=0.40 ∧ agree>=4                             3,696    3699   31.8%   65.4%   -33.7%
  R2_avg>=0.40 ∧ agree==5                             3,531    3533   31.6%   65.7%   -34.0%
  R3_boost (agree==5 ∧ avg>=0.30) OR avg>=0.45       40,073   40100   26.9%   71.7%   -44.8%
  R3_relaxed (agree==5 ∧ avg>=0.35) OR avg>=0.45     11,556   11564   29.2%   68.5%   -39.3%
====================================================================================================

Agreement distribution (avg-direction picked):
  agreement=1/5  n=  5,522 ( 0.3%)  TP%= 11.7  SL%= 88.0  edge%=-76.3
  agreement=2/5  n= 80,818 ( 4.8%)  TP%= 11.5  SL%= 88.1  edge%=-76.6
  agreement=3/5  n=259,610 (15.4%)  TP%= 11.5  SL%= 88.2  edge%=-76.6
  agreement=4/5  n=410,954 (24.3%)  TP%= 11.6  SL%= 88.1  edge%=-76.6
  agreement=5/5  n=933,526 (55.2%)  TP%= 12.0  SL%= 87.7  edge%=-75.7
