================================================================================
V2 Sweep: training_mode=multi  class_weight=None  ev_sl_factor=1.0
  conf_thrs : [0.25, 0.3, 0.35, 0.4]
  tp/sl     : [(1.0, 1.0), (1.5, 1.0), (2.0, 1.0), (1.5, 1.5)]
  total     : 16 cells
================================================================================

[1/3] Loading candles ...
  loaded 20 pairs in 122.7s

[2/3] Building features ...
  features built in 28.3s

[3/3] >> tp=1.0 sl=1.0 ...
  labels built 17.6s
  5 folds
    fold 1/5  train [2024-04-30->2025-04-30]  (22.7s)
    fold 2/5  train [2024-07-29->2025-07-29]  (20.1s)
    fold 3/5  train [2024-10-27->2025-10-27]  (18.9s)
    fold 4/5  train [2025-01-25->2026-01-25]  (19.4s)
    fold 5/5  train [2025-04-25->2026-04-25]  (21.5s)
C:\Users\yukik\fx-ai-trading\.venv\Lib\site-packages\sklearn\utils\validation.py:2691: UserWarning: X does not have valid feature names, but LGBMClassifier was fitted with feature names
  warnings.warn(
C:\Users\yukik\fx-ai-trading\.venv\Lib\site-packages\sklearn\utils\validation.py:2691: UserWarning: X does not have valid feature names, but LGBMClassifier was fitted with feature names
  warnings.warn(
C:\Users\yukik\fx-ai-trading\.venv\Lib\site-packages\sklearn\utils\validation.py:2691: UserWarning: X does not have valid feature names, but LGBMClassifier was fitted with feature names
  warnings.warn(
C:\Users\yukik\fx-ai-trading\.venv\Lib\site-packages\sklearn\utils\validation.py:2691: UserWarning: X does not have valid feature names, but LGBMClassifier was fitted with feature names
  warnings.warn(
C:\Users\yukik\fx-ai-trading\.venv\Lib\site-packages\sklearn\utils\validation.py:2691: UserWarning: X does not have valid feature names, but LGBMClassifier was fitted with feature names
  warnings.warn(
C:\Users\yukik\fx-ai-trading\.venv\Lib\site-packages\sklearn\utils\validation.py:2691: UserWarning: X does not have valid feature names, but LGBMClassifier was fitted with feature names
  warnings.warn(
C:\Users\yukik\fx-ai-trading\.venv\Lib\site-packages\sklearn\utils\validation.py:2691: UserWarning: X does not have valid feature names, but LGBMClassifier was fitted with feature names
  warnings.warn(
C:\Users\yukik\fx-ai-trading\.venv\Lib\site-packages\sklearn\utils\validation.py:2691: UserWarning: X does not have valid feature names, but LGBMClassifier was fitted with feature names
  warnings.warn(
C:\Users\yukik\fx-ai-trading\.venv\Lib\site-packages\sklearn\utils\validation.py:2691: UserWarning: X does not have valid feature names, but LGBMClassifier was fitted with feature names
  warnings.warn(
C:\Users\yukik\fx-ai-trading\.venv\Lib\site-packages\sklearn\utils\validation.py:2691: UserWarning: X does not have valid feature names, but LGBMClassifier was fitted with feature names
  warnings.warn(
C:\Users\yukik\fx-ai-trading\.venv\Lib\site-packages\sklearn\utils\validation.py:2691: UserWarning: X does not have valid feature names, but LGBMClassifier was fitted with feature names
  warnings.warn(
C:\Users\yukik\fx-ai-trading\.venv\Lib\site-packages\sklearn\utils\validation.py:2691: UserWarning: X does not have valid feature names, but LGBMClassifier was fitted with feature names
  warnings.warn(
C:\Users\yukik\fx-ai-trading\.venv\Lib\site-packages\sklearn\utils\validation.py:2691: UserWarning: X does not have valid feature names, but LGBMClassifier was fitted with feature names
  warnings.warn(
C:\Users\yukik\fx-ai-trading\.venv\Lib\site-packages\sklearn\utils\validation.py:2691: UserWarning: X does not have valid feature names, but LGBMClassifier was fitted with feature names
  warnings.warn(
C:\Users\yukik\fx-ai-trading\.venv\Lib\site-packages\sklearn\utils\validation.py:2691: UserWarning: X does not have valid feature names, but LGBMClassifier was fitted with feature names
  warnings.warn(
C:\Users\yukik\fx-ai-trading\.venv\Lib\site-packages\sklearn\utils\validation.py:2691: UserWarning: X does not have valid feature names, but LGBMClassifier was fitted with feature names
  warnings.warn(
C:\Users\yukik\fx-ai-trading\.venv\Lib\site-packages\sklearn\utils\validation.py:2691: UserWarning: X does not have valid feature names, but LGBMClassifier was fitted with feature names
  warnings.warn(
C:\Users\yukik\fx-ai-trading\.venv\Lib\site-packages\sklearn\utils\validation.py:2691: UserWarning: X does not have valid feature names, but LGBMClassifier was fitted with feature names
  warnings.warn(
C:\Users\yukik\fx-ai-trading\.venv\Lib\site-packages\sklearn\utils\validation.py:2691: UserWarning: X does not have valid feature names, but LGBMClassifier was fitted with feature names
  warnings.warn(
C:\Users\yukik\fx-ai-trading\.venv\Lib\site-packages\sklearn\utils\validation.py:2691: UserWarning: X does not have valid feature names, but LGBMClassifier was fitted with feature names
  warnings.warn(
C:\Users\yukik\fx-ai-trading\.venv\Lib\site-packages\sklearn\utils\validation.py:2691: UserWarning: X does not have valid feature names, but LGBMClassifier was fitted with feature names
  warnings.warn(
C:\Users\yukik\fx-ai-trading\.venv\Lib\site-packages\sklearn\utils\validation.py:2691: UserWarning: X does not have valid feature names, but LGBMClassifier was fitted with feature names
  warnings.warn(
C:\Users\yukik\fx-ai-trading\.venv\Lib\site-packages\sklearn\utils\validation.py:2691: UserWarning: X does not have valid feature names, but LGBMClassifier was fitted with feature names
  warnings.warn(
C:\Users\yukik\fx-ai-trading\.venv\Lib\site-packages\sklearn\utils\validation.py:2691: UserWarning: X does not have valid feature names, but LGBMClassifier was fitted with feature names
  warnings.warn(
C:\Users\yukik\fx-ai-trading\.venv\Lib\site-packages\sklearn\utils\validation.py:2691: UserWarning: X does not have valid feature names, but LGBMClassifier was fitted with feature names
  warnings.warn(
C:\Users\yukik\fx-ai-trading\.venv\Lib\site-packages\sklearn\utils\validation.py:2691: UserWarning: X does not have valid feature names, but LGBMClassifier was fitted with feature names
  warnings.warn(
C:\Users\yukik\fx-ai-trading\.venv\Lib\site-packages\sklearn\utils\validation.py:2691: UserWarning: X does not have valid feature names, but LGBMClassifier was fitted with feature names
  warnings.warn(
C:\Users\yukik\fx-ai-trading\.venv\Lib\site-packages\sklearn\utils\validation.py:2691: UserWarning: X does not have valid feature names, but LGBMClassifier was fitted with feature names
  warnings.warn(
C:\Users\yukik\fx-ai-trading\.venv\Lib\site-packages\sklearn\utils\validation.py:2691: UserWarning: X does not have valid feature names, but LGBMClassifier was fitted with feature names
  warnings.warn(
C:\Users\yukik\fx-ai-trading\.venv\Lib\site-packages\sklearn\utils\validation.py:2691: UserWarning: X does not have valid feature names, but LGBMClassifier was fitted with feature names
  warnings.warn(
C:\Users\yukik\fx-ai-trading\.venv\Lib\site-packages\sklearn\utils\validation.py:2691: UserWarning: X does not have valid feature names, but LGBMClassifier was fitted with feature names
  warnings.warn(
C:\Users\yukik\fx-ai-trading\.venv\Lib\site-packages\sklearn\utils\validation.py:2691: UserWarning: X does not have valid feature names, but LGBMClassifier was fitted with feature names
  warnings.warn(
C:\Users\yukik\fx-ai-trading\.venv\Lib\site-packages\sklearn\utils\validation.py:2691: UserWarning: X does not have valid feature names, but LGBMClassifier was fitted with feature names
  warnings.warn(
C:\Users\yukik\fx-ai-trading\.venv\Lib\site-packages\sklearn\utils\validation.py:2691: UserWarning: X does not have valid feature names, but LGBMClassifier was fitted with feature names
  warnings.warn(
C:\Users\yukik\fx-ai-trading\.venv\Lib\site-packages\sklearn\utils\validation.py:2691: UserWarning: X does not have valid feature names, but LGBMClassifier was fitted with feature names
  warnings.warn(
C:\Users\yukik\fx-ai-trading\.venv\Lib\site-packages\sklearn\utils\validation.py:2691: UserWarning: X does not have valid feature names, but LGBMClassifier was fitted with feature names
  warnings.warn(
C:\Users\yukik\fx-ai-trading\.venv\Lib\site-packages\sklearn\utils\validation.py:2691: UserWarning: X does not have valid feature names, but LGBMClassifier was fitted with feature names
  warnings.warn(
C:\Users\yukik\fx-ai-trading\.venv\Lib\site-packages\sklearn\utils\validation.py:2691: UserWarning: X does not have valid feature names, but LGBMClassifier was fitted with feature names
  warnings.warn(
C:\Users\yukik\fx-ai-trading\.venv\Lib\site-packages\sklearn\utils\validation.py:2691: UserWarning: X does not have valid feature names, but LGBMClassifier was fitted with feature names
  warnings.warn(
C:\Users\yukik\fx-ai-trading\.venv\Lib\site-packages\sklearn\utils\validation.py:2691: UserWarning: X does not have valid feature names, but LGBMClassifier was fitted with feature names
  warnings.warn(
C:\Users\yukik\fx-ai-trading\.venv\Lib\site-packages\sklearn\utils\validation.py:2691: UserWarning: X does not have valid feature names, but LGBMClassifier was fitted with feature names
  warnings.warn(
C:\Users\yukik\fx-ai-trading\.venv\Lib\site-packages\sklearn\utils\validation.py:2691: UserWarning: X does not have valid feature names, but LGBMClassifier was fitted with feature names
  warnings.warn(
C:\Users\yukik\fx-ai-trading\.venv\Lib\site-packages\sklearn\utils\validation.py:2691: UserWarning: X does not have valid feature names, but LGBMClassifier was fitted with feature names
  warnings.warn(
C:\Users\yukik\fx-ai-trading\.venv\Lib\site-packages\sklearn\utils\validation.py:2691: UserWarning: X does not have valid feature names, but LGBMClassifier was fitted with feature names
  warnings.warn(
C:\Users\yukik\fx-ai-trading\.venv\Lib\site-packages\sklearn\utils\validation.py:2691: UserWarning: X does not have valid feature names, but LGBMClassifier was fitted with feature names
  warnings.warn(
C:\Users\yukik\fx-ai-trading\.venv\Lib\site-packages\sklearn\utils\validation.py:2691: UserWarning: X does not have valid feature names, but LGBMClassifier was fitted with feature names
  warnings.warn(
C:\Users\yukik\fx-ai-trading\.venv\Lib\site-packages\sklearn\utils\validation.py:2691: UserWarning: X does not have valid feature names, but LGBMClassifier was fitted with feature names
  warnings.warn(
C:\Users\yukik\fx-ai-trading\.venv\Lib\site-packages\sklearn\utils\validation.py:2691: UserWarning: X does not have valid feature names, but LGBMClassifier was fitted with feature names
  warnings.warn(
C:\Users\yukik\fx-ai-trading\.venv\Lib\site-packages\sklearn\utils\validation.py:2691: UserWarning: X does not have valid feature names, but LGBMClassifier was fitted with feature names
  warnings.warn(
C:\Users\yukik\fx-ai-trading\.venv\Lib\site-packages\sklearn\utils\validation.py:2691: UserWarning: X does not have valid feature names, but LGBMClassifier was fitted with feature names
  warnings.warn(
C:\Users\yukik\fx-ai-trading\.venv\Lib\site-packages\sklearn\utils\validation.py:2691: UserWarning: X does not have valid feature names, but LGBMClassifier was fitted with feature names
  warnings.warn(
C:\Users\yukik\fx-ai-trading\.venv\Lib\site-packages\sklearn\utils\validation.py:2691: UserWarning: X does not have valid feature names, but LGBMClassifier was fitted with feature names
  warnings.warn(
C:\Users\yukik\fx-ai-trading\.venv\Lib\site-packages\sklearn\utils\validation.py:2691: UserWarning: X does not have valid feature names, but LGBMClassifier was fitted with feature names
  warnings.warn(
C:\Users\yukik\fx-ai-trading\.venv\Lib\site-packages\sklearn\utils\validation.py:2691: UserWarning: X does not have valid feature names, but LGBMClassifier was fitted with feature names
  warnings.warn(
C:\Users\yukik\fx-ai-trading\.venv\Lib\site-packages\sklearn\utils\validation.py:2691: UserWarning: X does not have valid feature names, but LGBMClassifier was fitted with feature names
  warnings.warn(
C:\Users\yukik\fx-ai-trading\.venv\Lib\site-packages\sklearn\utils\validation.py:2691: UserWarning: X does not have valid feature names, but LGBMClassifier was fitted with feature names
  warnings.warn(
C:\Users\yukik\fx-ai-trading\.venv\Lib\site-packages\sklearn\utils\validation.py:2691: UserWarning: X does not have valid feature names, but LGBMClassifier was fitted with feature names
  warnings.warn(
C:\Users\yukik\fx-ai-trading\.venv\Lib\site-packages\sklearn\utils\validation.py:2691: UserWarning: X does not have valid feature names, but LGBMClassifier was fitted with feature names
  warnings.warn(
C:\Users\yukik\fx-ai-trading\.venv\Lib\site-packages\sklearn\utils\validation.py:2691: UserWarning: X does not have valid feature names, but LGBMClassifier was fitted with feature names
  warnings.warn(
C:\Users\yukik\fx-ai-trading\.venv\Lib\site-packages\sklearn\utils\validation.py:2691: UserWarning: X does not have valid feature names, but LGBMClassifier was fitted with feature names
  warnings.warn(
C:\Users\yukik\fx-ai-trading\.venv\Lib\site-packages\sklearn\utils\validation.py:2691: UserWarning: X does not have valid feature names, but LGBMClassifier was fitted with feature names
  warnings.warn(
C:\Users\yukik\fx-ai-trading\.venv\Lib\site-packages\sklearn\utils\validation.py:2691: UserWarning: X does not have valid feature names, but LGBMClassifier was fitted with feature names
  warnings.warn(
C:\Users\yukik\fx-ai-trading\.venv\Lib\site-packages\sklearn\utils\validation.py:2691: UserWarning: X does not have valid feature names, but LGBMClassifier was fitted with feature names
  warnings.warn(
C:\Users\yukik\fx-ai-trading\.venv\Lib\site-packages\sklearn\utils\validation.py:2691: UserWarning: X does not have valid feature names, but LGBMClassifier was fitted with feature names
  warnings.warn(
C:\Users\yukik\fx-ai-trading\.venv\Lib\site-packages\sklearn\utils\validation.py:2691: UserWarning: X does not have valid feature names, but LGBMClassifier was fitted with feature names
  warnings.warn(
C:\Users\yukik\fx-ai-trading\.venv\Lib\site-packages\sklearn\utils\validation.py:2691: UserWarning: X does not have valid feature names, but LGBMClassifier was fitted with feature names
  warnings.warn(
C:\Users\yukik\fx-ai-trading\.venv\Lib\site-packages\sklearn\utils\validation.py:2691: UserWarning: X does not have valid feature names, but LGBMClassifier was fitted with feature names
  warnings.warn(
C:\Users\yukik\fx-ai-trading\.venv\Lib\site-packages\sklearn\utils\validation.py:2691: UserWarning: X does not have valid feature names, but LGBMClassifier was fitted with feature names
  warnings.warn(
C:\Users\yukik\fx-ai-trading\.venv\Lib\site-packages\sklearn\utils\validation.py:2691: UserWarning: X does not have valid feature names, but LGBMClassifier was fitted with feature names
  warnings.warn(
C:\Users\yukik\fx-ai-trading\.venv\Lib\site-packages\sklearn\utils\validation.py:2691: UserWarning: X does not have valid feature names, but LGBMClassifier was fitted with feature names
  warnings.warn(
C:\Users\yukik\fx-ai-trading\.venv\Lib\site-packages\sklearn\utils\validation.py:2691: UserWarning: X does not have valid feature names, but LGBMClassifier was fitted with feature names
  warnings.warn(
C:\Users\yukik\fx-ai-trading\.venv\Lib\site-packages\sklearn\utils\validation.py:2691: UserWarning: X does not have valid feature names, but LGBMClassifier was fitted with feature names
  warnings.warn(
C:\Users\yukik\fx-ai-trading\.venv\Lib\site-packages\sklearn\utils\validation.py:2691: UserWarning: X does not have valid feature names, but LGBMClassifier was fitted with feature names
  warnings.warn(
C:\Users\yukik\fx-ai-trading\.venv\Lib\site-packages\sklearn\utils\validation.py:2691: UserWarning: X does not have valid feature names, but LGBMClassifier was fitted with feature names
  warnings.warn(
C:\Users\yukik\fx-ai-trading\.venv\Lib\site-packages\sklearn\utils\validation.py:2691: UserWarning: X does not have valid feature names, but LGBMClassifier was fitted with feature names
  warnings.warn(
C:\Users\yukik\fx-ai-trading\.venv\Lib\site-packages\sklearn\utils\validation.py:2691: UserWarning: X does not have valid feature names, but LGBMClassifier was fitted with feature names
  warnings.warn(
C:\Users\yukik\fx-ai-trading\.venv\Lib\site-packages\sklearn\utils\validation.py:2691: UserWarning: X does not have valid feature names, but LGBMClassifier was fitted with feature names
  warnings.warn(
C:\Users\yukik\fx-ai-trading\.venv\Lib\site-packages\sklearn\utils\validation.py:2691: UserWarning: X does not have valid feature names, but LGBMClassifier was fitted with feature names
  warnings.warn(
C:\Users\yukik\fx-ai-trading\.venv\Lib\site-packages\sklearn\utils\validation.py:2691: UserWarning: X does not have valid feature names, but LGBMClassifier was fitted with feature names
  warnings.warn(
C:\Users\yukik\fx-ai-trading\.venv\Lib\site-packages\sklearn\utils\validation.py:2691: UserWarning: X does not have valid feature names, but LGBMClassifier was fitted with feature names
  warnings.warn(
C:\Users\yukik\fx-ai-trading\.venv\Lib\site-packages\sklearn\utils\validation.py:2691: UserWarning: X does not have valid feature names, but LGBMClassifier was fitted with feature names
  warnings.warn(
C:\Users\yukik\fx-ai-trading\.venv\Lib\site-packages\sklearn\utils\validation.py:2691: UserWarning: X does not have valid feature names, but LGBMClassifier was fitted with feature names
  warnings.warn(
C:\Users\yukik\fx-ai-trading\.venv\Lib\site-packages\sklearn\utils\validation.py:2691: UserWarning: X does not have valid feature names, but LGBMClassifier was fitted with feature names
  warnings.warn(
C:\Users\yukik\fx-ai-trading\.venv\Lib\site-packages\sklearn\utils\validation.py:2691: UserWarning: X does not have valid feature names, but LGBMClassifier was fitted with feature names
  warnings.warn(
C:\Users\yukik\fx-ai-trading\.venv\Lib\site-packages\sklearn\utils\validation.py:2691: UserWarning: X does not have valid feature names, but LGBMClassifier was fitted with feature names
  warnings.warn(
C:\Users\yukik\fx-ai-trading\.venv\Lib\site-packages\sklearn\utils\validation.py:2691: UserWarning: X does not have valid feature names, but LGBMClassifier was fitted with feature names
  warnings.warn(
C:\Users\yukik\fx-ai-trading\.venv\Lib\site-packages\sklearn\utils\validation.py:2691: UserWarning: X does not have valid feature names, but LGBMClassifier was fitted with feature names
  warnings.warn(
C:\Users\yukik\fx-ai-trading\.venv\Lib\site-packages\sklearn\utils\validation.py:2691: UserWarning: X does not have valid feature names, but LGBMClassifier was fitted with feature names
  warnings.warn(
C:\Users\yukik\fx-ai-trading\.venv\Lib\site-packages\sklearn\utils\validation.py:2691: UserWarning: X does not have valid feature names, but LGBMClassifier was fitted with feature names
  warnings.warn(
C:\Users\yukik\fx-ai-trading\.venv\Lib\site-packages\sklearn\utils\validation.py:2691: UserWarning: X does not have valid feature names, but LGBMClassifier was fitted with feature names
  warnings.warn(
C:\Users\yukik\fx-ai-trading\.venv\Lib\site-packages\sklearn\utils\validation.py:2691: UserWarning: X does not have valid feature names, but LGBMClassifier was fitted with feature names
  warnings.warn(
C:\Users\yukik\fx-ai-trading\.venv\Lib\site-packages\sklearn\utils\validation.py:2691: UserWarning: X does not have valid feature names, but LGBMClassifier was fitted with feature names
  warnings.warn(
C:\Users\yukik\fx-ai-trading\.venv\Lib\site-packages\sklearn\utils\validation.py:2691: UserWarning: X does not have valid feature names, but LGBMClassifier was fitted with feature names
  warnings.warn(
C:\Users\yukik\fx-ai-trading\.venv\Lib\site-packages\sklearn\utils\validation.py:2691: UserWarning: X does not have valid feature names, but LGBMClassifier was fitted with feature names
  warnings.warn(
C:\Users\yukik\fx-ai-trading\.venv\Lib\site-packages\sklearn\utils\validation.py:2691: UserWarning: X does not have valid feature names, but LGBMClassifier was fitted with feature names
  warnings.warn(
C:\Users\yukik\fx-ai-trading\.venv\Lib\site-packages\sklearn\utils\validation.py:2691: UserWarning: X does not have valid feature names, but LGBMClassifier was fitted with feature names
  warnings.warn(
C:\Users\yukik\fx-ai-trading\.venv\Lib\site-packages\sklearn\utils\validation.py:2691: UserWarning: X does not have valid feature names, but LGBMClassifier was fitted with feature names
  warnings.warn(
C:\Users\yukik\fx-ai-trading\.venv\Lib\site-packages\sklearn\utils\validation.py:2691: UserWarning: X does not have valid feature names, but LGBMClassifier was fitted with feature names
  warnings.warn(
C:\Users\yukik\fx-ai-trading\.venv\Lib\site-packages\sklearn\utils\validation.py:2691: UserWarning: X does not have valid feature names, but LGBMClassifier was fitted with feature names
  warnings.warn(
C:\Users\yukik\fx-ai-trading\.venv\Lib\site-packages\sklearn\utils\validation.py:2691: UserWarning: X does not have valid feature names, but LGBMClassifier was fitted with feature names
  warnings.warn(
  conf=0.25  Sharpe=-0.1824  hit= 38.8%  n= 1,160  PnL=   -1799.4  MaxDD= -1802.6  (32s)
C:\Users\yukik\fx-ai-trading\.venv\Lib\site-packages\sklearn\utils\validation.py:2691: UserWarning: X does not have valid feature names, but LGBMClassifier was fitted with feature names
  warnings.warn(
C:\Users\yukik\fx-ai-trading\.venv\Lib\site-packages\sklearn\utils\validation.py:2691: UserWarning: X does not have valid feature names, but LGBMClassifier was fitted with feature names
  warnings.warn(
C:\Users\yukik\fx-ai-trading\.venv\Lib\site-packages\sklearn\utils\validation.py:2691: UserWarning: X does not have valid feature names, but LGBMClassifier was fitted with feature names
  warnings.warn(
C:\Users\yukik\fx-ai-trading\.venv\Lib\site-packages\sklearn\utils\validation.py:2691: UserWarning: X does not have valid feature names, but LGBMClassifier was fitted with feature names
  warnings.warn(
C:\Users\yukik\fx-ai-trading\.venv\Lib\site-packages\sklearn\utils\validation.py:2691: UserWarning: X does not have valid feature names, but LGBMClassifier was fitted with feature names
  warnings.warn(
C:\Users\yukik\fx-ai-trading\.venv\Lib\site-packages\sklearn\utils\validation.py:2691: UserWarning: X does not have valid feature names, but LGBMClassifier was fitted with feature names
  warnings.warn(
C:\Users\yukik\fx-ai-trading\.venv\Lib\site-packages\sklearn\utils\validation.py:2691: UserWarning: X does not have valid feature names, but LGBMClassifier was fitted with feature names
  warnings.warn(
C:\Users\yukik\fx-ai-trading\.venv\Lib\site-packages\sklearn\utils\validation.py:2691: UserWarning: X does not have valid feature names, but LGBMClassifier was fitted with feature names
  warnings.warn(
C:\Users\yukik\fx-ai-trading\.venv\Lib\site-packages\sklearn\utils\validation.py:2691: UserWarning: X does not have valid feature names, but LGBMClassifier was fitted with feature names
  warnings.warn(
C:\Users\yukik\fx-ai-trading\.venv\Lib\site-packages\sklearn\utils\validation.py:2691: UserWarning: X does not have valid feature names, but LGBMClassifier was fitted with feature names
  warnings.warn(
C:\Users\yukik\fx-ai-trading\.venv\Lib\site-packages\sklearn\utils\validation.py:2691: UserWarning: X does not have valid feature names, but LGBMClassifier was fitted with feature names
  warnings.warn(
C:\Users\yukik\fx-ai-trading\.venv\Lib\site-packages\sklearn\utils\validation.py:2691: UserWarning: X does not have valid feature names, but LGBMClassifier was fitted with feature names
  warnings.warn(
C:\Users\yukik\fx-ai-trading\.venv\Lib\site-packages\sklearn\utils\validation.py:2691: UserWarning: X does not have valid feature names, but LGBMClassifier was fitted with feature names
  warnings.warn(
C:\Users\yukik\fx-ai-trading\.venv\Lib\site-packages\sklearn\utils\validation.py:2691: UserWarning: X does not have valid feature names, but LGBMClassifier was fitted with feature names
  warnings.warn(
C:\Users\yukik\fx-ai-trading\.venv\Lib\site-packages\sklearn\utils\validation.py:2691: UserWarning: X does not have valid feature names, but LGBMClassifier was fitted with feature names
  warnings.warn(
C:\Users\yukik\fx-ai-trading\.venv\Lib\site-packages\sklearn\utils\validation.py:2691: UserWarning: X does not have valid feature names, but LGBMClassifier was fitted with feature names
  warnings.warn(
C:\Users\yukik\fx-ai-trading\.venv\Lib\site-packages\sklearn\utils\validation.py:2691: UserWarning: X does not have valid feature names, but LGBMClassifier was fitted with feature names
  warnings.warn(
C:\Users\yukik\fx-ai-trading\.venv\Lib\site-packages\sklearn\utils\validation.py:2691: UserWarning: X does not have valid feature names, but LGBMClassifier was fitted with feature names
  warnings.warn(
C:\Users\yukik\fx-ai-trading\.venv\Lib\site-packages\sklearn\utils\validation.py:2691: UserWarning: X does not have valid feature names, but LGBMClassifier was fitted with feature names
  warnings.warn(
C:\Users\yukik\fx-ai-trading\.venv\Lib\site-packages\sklearn\utils\validation.py:2691: UserWarning: X does not have valid feature names, but LGBMClassifier was fitted with feature names
  warnings.warn(
C:\Users\yukik\fx-ai-trading\.venv\Lib\site-packages\sklearn\utils\validation.py:2691: UserWarning: X does not have valid feature names, but LGBMClassifier was fitted with feature names
  warnings.warn(
C:\Users\yukik\fx-ai-trading\.venv\Lib\site-packages\sklearn\utils\validation.py:2691: UserWarning: X does not have valid feature names, but LGBMClassifier was fitted with feature names
  warnings.warn(
C:\Users\yukik\fx-ai-trading\.venv\Lib\site-packages\sklearn\utils\validation.py:2691: UserWarning: X does not have valid feature names, but LGBMClassifier was fitted with feature names
  warnings.warn(
C:\Users\yukik\fx-ai-trading\.venv\Lib\site-packages\sklearn\utils\validation.py:2691: UserWarning: X does not have valid feature names, but LGBMClassifier was fitted with feature names
  warnings.warn(
C:\Users\yukik\fx-ai-trading\.venv\Lib\site-packages\sklearn\utils\validation.py:2691: UserWarning: X does not have valid feature names, but LGBMClassifier was fitted with feature names
  warnings.warn(
C:\Users\yukik\fx-ai-trading\.venv\Lib\site-packages\sklearn\utils\validation.py:2691: UserWarning: X does not have valid feature names, but LGBMClassifier was fitted with feature names
  warnings.warn(
C:\Users\yukik\fx-ai-trading\.venv\Lib\site-packages\sklearn\utils\validation.py:2691: UserWarning: X does not have valid feature names, but LGBMClassifier was fitted with feature names
  warnings.warn(
C:\Users\yukik\fx-ai-trading\.venv\Lib\site-packages\sklearn\utils\validation.py:2691: UserWarning: X does not have valid feature names, but LGBMClassifier was fitted with feature names
  warnings.warn(
C:\Users\yukik\fx-ai-trading\.venv\Lib\site-packages\sklearn\utils\validation.py:2691: UserWarning: X does not have valid feature names, but LGBMClassifier was fitted with feature names
  warnings.warn(
C:\Users\yukik\fx-ai-trading\.venv\Lib\site-packages\sklearn\utils\validation.py:2691: UserWarning: X does not have valid feature names, but LGBMClassifier was fitted with feature names
  warnings.warn(
C:\Users\yukik\fx-ai-trading\.venv\Lib\site-packages\sklearn\utils\validation.py:2691: UserWarning: X does not have valid feature names, but LGBMClassifier was fitted with feature names
  warnings.warn(
C:\Users\yukik\fx-ai-trading\.venv\Lib\site-packages\sklearn\utils\validation.py:2691: UserWarning: X does not have valid feature names, but LGBMClassifier was fitted with feature names
  warnings.warn(
C:\Users\yukik\fx-ai-trading\.venv\Lib\site-packages\sklearn\utils\validation.py:2691: UserWarning: X does not have valid feature names, but LGBMClassifier was fitted with feature names
  warnings.warn(
C:\Users\yukik\fx-ai-trading\.venv\Lib\site-packages\sklearn\utils\validation.py:2691: UserWarning: X does not have valid feature names, but LGBMClassifier was fitted with feature names
  warnings.warn(
C:\Users\yukik\fx-ai-trading\.venv\Lib\site-packages\sklearn\utils\validation.py:2691: UserWarning: X does not have valid feature names, but LGBMClassifier was fitted with feature names
  warnings.warn(
C:\Users\yukik\fx-ai-trading\.venv\Lib\site-packages\sklearn\utils\validation.py:2691: UserWarning: X does not have valid feature names, but LGBMClassifier was fitted with feature names
  warnings.warn(
C:\Users\yukik\fx-ai-trading\.venv\Lib\site-packages\sklearn\utils\validation.py:2691: UserWarning: X does not have valid feature names, but LGBMClassifier was fitted with feature names
  warnings.warn(
C:\Users\yukik\fx-ai-trading\.venv\Lib\site-packages\sklearn\utils\validation.py:2691: UserWarning: X does not have valid feature names, but LGBMClassifier was fitted with feature names
  warnings.warn(
C:\Users\yukik\fx-ai-trading\.venv\Lib\site-packages\sklearn\utils\validation.py:2691: UserWarning: X does not have valid feature names, but LGBMClassifier was fitted with feature names
  warnings.warn(
C:\Users\yukik\fx-ai-trading\.venv\Lib\site-packages\sklearn\utils\validation.py:2691: UserWarning: X does not have valid feature names, but LGBMClassifier was fitted with feature names
  warnings.warn(
C:\Users\yukik\fx-ai-trading\.venv\Lib\site-packages\sklearn\utils\validation.py:2691: UserWarning: X does not have valid feature names, but LGBMClassifier was fitted with feature names
  warnings.warn(
C:\Users\yukik\fx-ai-trading\.venv\Lib\site-packages\sklearn\utils\validation.py:2691: UserWarning: X does not have valid feature names, but LGBMClassifier was fitted with feature names
  warnings.warn(
C:\Users\yukik\fx-ai-trading\.venv\Lib\site-packages\sklearn\utils\validation.py:2691: UserWarning: X does not have valid feature names, but LGBMClassifier was fitted with feature names
  warnings.warn(
C:\Users\yukik\fx-ai-trading\.venv\Lib\site-packages\sklearn\utils\validation.py:2691: UserWarning: X does not have valid feature names, but LGBMClassifier was fitted with feature names
  warnings.warn(
C:\Users\yukik\fx-ai-trading\.venv\Lib\site-packages\sklearn\utils\validation.py:2691: UserWarning: X does not have valid feature names, but LGBMClassifier was fitted with feature names
  warnings.warn(
C:\Users\yukik\fx-ai-trading\.venv\Lib\site-packages\sklearn\utils\validation.py:2691: UserWarning: X does not have valid feature names, but LGBMClassifier was fitted with feature names
  warnings.warn(
C:\Users\yukik\fx-ai-trading\.venv\Lib\site-packages\sklearn\utils\validation.py:2691: UserWarning: X does not have valid feature names, but LGBMClassifier was fitted with feature names
  warnings.warn(
C:\Users\yukik\fx-ai-trading\.venv\Lib\site-packages\sklearn\utils\validation.py:2691: UserWarning: X does not have valid feature names, but LGBMClassifier was fitted with feature names
  warnings.warn(
C:\Users\yukik\fx-ai-trading\.venv\Lib\site-packages\sklearn\utils\validation.py:2691: UserWarning: X does not have valid feature names, but LGBMClassifier was fitted with feature names
  warnings.warn(
C:\Users\yukik\fx-ai-trading\.venv\Lib\site-packages\sklearn\utils\validation.py:2691: UserWarning: X does not have valid feature names, but LGBMClassifier was fitted with feature names
  warnings.warn(
C:\Users\yukik\fx-ai-trading\.venv\Lib\site-packages\sklearn\utils\validation.py:2691: UserWarning: X does not have valid feature names, but LGBMClassifier was fitted with feature names
  warnings.warn(
C:\Users\yukik\fx-ai-trading\.venv\Lib\site-packages\sklearn\utils\validation.py:2691: UserWarning: X does not have valid feature names, but LGBMClassifier was fitted with feature names
  warnings.warn(
C:\Users\yukik\fx-ai-trading\.venv\Lib\site-packages\sklearn\utils\validation.py:2691: UserWarning: X does not have valid feature names, but LGBMClassifier was fitted with feature names
  warnings.warn(
C:\Users\yukik\fx-ai-trading\.venv\Lib\site-packages\sklearn\utils\validation.py:2691: UserWarning: X does not have valid feature names, but LGBMClassifier was fitted with feature names
  warnings.warn(
C:\Users\yukik\fx-ai-trading\.venv\Lib\site-packages\sklearn\utils\validation.py:2691: UserWarning: X does not have valid feature names, but LGBMClassifier was fitted with feature names
  warnings.warn(
C:\Users\yukik\fx-ai-trading\.venv\Lib\site-packages\sklearn\utils\validation.py:2691: UserWarning: X does not have valid feature names, but LGBMClassifier was fitted with feature names
  warnings.warn(
C:\Users\yukik\fx-ai-trading\.venv\Lib\site-packages\sklearn\utils\validation.py:2691: UserWarning: X does not have valid feature names, but LGBMClassifier was fitted with feature names
  warnings.warn(
C:\Users\yukik\fx-ai-trading\.venv\Lib\site-packages\sklearn\utils\validation.py:2691: UserWarning: X does not have valid feature names, but LGBMClassifier was fitted with feature names
  warnings.warn(
C:\Users\yukik\fx-ai-trading\.venv\Lib\site-packages\sklearn\utils\validation.py:2691: UserWarning: X does not have valid feature names, but LGBMClassifier was fitted with feature names
  warnings.warn(
C:\Users\yukik\fx-ai-trading\.venv\Lib\site-packages\sklearn\utils\validation.py:2691: UserWarning: X does not have valid feature names, but LGBMClassifier was fitted with feature names
  warnings.warn(
C:\Users\yukik\fx-ai-trading\.venv\Lib\site-packages\sklearn\utils\validation.py:2691: UserWarning: X does not have valid feature names, but LGBMClassifier was fitted with feature names
  warnings.warn(
C:\Users\yukik\fx-ai-trading\.venv\Lib\site-packages\sklearn\utils\validation.py:2691: UserWarning: X does not have valid feature names, but LGBMClassifier was fitted with feature names
  warnings.warn(
C:\Users\yukik\fx-ai-trading\.venv\Lib\site-packages\sklearn\utils\validation.py:2691: UserWarning: X does not have valid feature names, but LGBMClassifier was fitted with feature names
  warnings.warn(
C:\Users\yukik\fx-ai-trading\.venv\Lib\site-packages\sklearn\utils\validation.py:2691: UserWarning: X does not have valid feature names, but LGBMClassifier was fitted with feature names
  warnings.warn(
C:\Users\yukik\fx-ai-trading\.venv\Lib\site-packages\sklearn\utils\validation.py:2691: UserWarning: X does not have valid feature names, but LGBMClassifier was fitted with feature names
  warnings.warn(
C:\Users\yukik\fx-ai-trading\.venv\Lib\site-packages\sklearn\utils\validation.py:2691: UserWarning: X does not have valid feature names, but LGBMClassifier was fitted with feature names
  warnings.warn(
C:\Users\yukik\fx-ai-trading\.venv\Lib\site-packages\sklearn\utils\validation.py:2691: UserWarning: X does not have valid feature names, but LGBMClassifier was fitted with feature names
  warnings.warn(
C:\Users\yukik\fx-ai-trading\.venv\Lib\site-packages\sklearn\utils\validation.py:2691: UserWarning: X does not have valid feature names, but LGBMClassifier was fitted with feature names
  warnings.warn(
C:\Users\yukik\fx-ai-trading\.venv\Lib\site-packages\sklearn\utils\validation.py:2691: UserWarning: X does not have valid feature names, but LGBMClassifier was fitted with feature names
  warnings.warn(
C:\Users\yukik\fx-ai-trading\.venv\Lib\site-packages\sklearn\utils\validation.py:2691: UserWarning: X does not have valid feature names, but LGBMClassifier was fitted with feature names
  warnings.warn(
C:\Users\yukik\fx-ai-trading\.venv\Lib\site-packages\sklearn\utils\validation.py:2691: UserWarning: X does not have valid feature names, but LGBMClassifier was fitted with feature names
  warnings.warn(
C:\Users\yukik\fx-ai-trading\.venv\Lib\site-packages\sklearn\utils\validation.py:2691: UserWarning: X does not have valid feature names, but LGBMClassifier was fitted with feature names
  warnings.warn(
C:\Users\yukik\fx-ai-trading\.venv\Lib\site-packages\sklearn\utils\validation.py:2691: UserWarning: X does not have valid feature names, but LGBMClassifier was fitted with feature names
  warnings.warn(
C:\Users\yukik\fx-ai-trading\.venv\Lib\site-packages\sklearn\utils\validation.py:2691: UserWarning: X does not have valid feature names, but LGBMClassifier was fitted with feature names
  warnings.warn(
C:\Users\yukik\fx-ai-trading\.venv\Lib\site-packages\sklearn\utils\validation.py:2691: UserWarning: X does not have valid feature names, but LGBMClassifier was fitted with feature names
  warnings.warn(
C:\Users\yukik\fx-ai-trading\.venv\Lib\site-packages\sklearn\utils\validation.py:2691: UserWarning: X does not have valid feature names, but LGBMClassifier was fitted with feature names
  warnings.warn(
C:\Users\yukik\fx-ai-trading\.venv\Lib\site-packages\sklearn\utils\validation.py:2691: UserWarning: X does not have valid feature names, but LGBMClassifier was fitted with feature names
  warnings.warn(
C:\Users\yukik\fx-ai-trading\.venv\Lib\site-packages\sklearn\utils\validation.py:2691: UserWarning: X does not have valid feature names, but LGBMClassifier was fitted with feature names
  warnings.warn(
C:\Users\yukik\fx-ai-trading\.venv\Lib\site-packages\sklearn\utils\validation.py:2691: UserWarning: X does not have valid feature names, but LGBMClassifier was fitted with feature names
  warnings.warn(
C:\Users\yukik\fx-ai-trading\.venv\Lib\site-packages\sklearn\utils\validation.py:2691: UserWarning: X does not have valid feature names, but LGBMClassifier was fitted with feature names
  warnings.warn(
C:\Users\yukik\fx-ai-trading\.venv\Lib\site-packages\sklearn\utils\validation.py:2691: UserWarning: X does not have valid feature names, but LGBMClassifier was fitted with feature names
  warnings.warn(
C:\Users\yukik\fx-ai-trading\.venv\Lib\site-packages\sklearn\utils\validation.py:2691: UserWarning: X does not have valid feature names, but LGBMClassifier was fitted with feature names
  warnings.warn(
C:\Users\yukik\fx-ai-trading\.venv\Lib\site-packages\sklearn\utils\validation.py:2691: UserWarning: X does not have valid feature names, but LGBMClassifier was fitted with feature names
  warnings.warn(
C:\Users\yukik\fx-ai-trading\.venv\Lib\site-packages\sklearn\utils\validation.py:2691: UserWarning: X does not have valid feature names, but LGBMClassifier was fitted with feature names
  warnings.warn(
C:\Users\yukik\fx-ai-trading\.venv\Lib\site-packages\sklearn\utils\validation.py:2691: UserWarning: X does not have valid feature names, but LGBMClassifier was fitted with feature names
  warnings.warn(
C:\Users\yukik\fx-ai-trading\.venv\Lib\site-packages\sklearn\utils\validation.py:2691: UserWarning: X does not have valid feature names, but LGBMClassifier was fitted with feature names
  warnings.warn(
C:\Users\yukik\fx-ai-trading\.venv\Lib\site-packages\sklearn\utils\validation.py:2691: UserWarning: X does not have valid feature names, but LGBMClassifier was fitted with feature names
  warnings.warn(
C:\Users\yukik\fx-ai-trading\.venv\Lib\site-packages\sklearn\utils\validation.py:2691: UserWarning: X does not have valid feature names, but LGBMClassifier was fitted with feature names
  warnings.warn(
C:\Users\yukik\fx-ai-trading\.venv\Lib\site-packages\sklearn\utils\validation.py:2691: UserWarning: X does not have valid feature names, but LGBMClassifier was fitted with feature names
  warnings.warn(
C:\Users\yukik\fx-ai-trading\.venv\Lib\site-packages\sklearn\utils\validation.py:2691: UserWarning: X does not have valid feature names, but LGBMClassifier was fitted with feature names
  warnings.warn(
C:\Users\yukik\fx-ai-trading\.venv\Lib\site-packages\sklearn\utils\validation.py:2691: UserWarning: X does not have valid feature names, but LGBMClassifier was fitted with feature names
  warnings.warn(
C:\Users\yukik\fx-ai-trading\.venv\Lib\site-packages\sklearn\utils\validation.py:2691: UserWarning: X does not have valid feature names, but LGBMClassifier was fitted with feature names
  warnings.warn(
C:\Users\yukik\fx-ai-trading\.venv\Lib\site-packages\sklearn\utils\validation.py:2691: UserWarning: X does not have valid feature names, but LGBMClassifier was fitted with feature names
  warnings.warn(
C:\Users\yukik\fx-ai-trading\.venv\Lib\site-packages\sklearn\utils\validation.py:2691: UserWarning: X does not have valid feature names, but LGBMClassifier was fitted with feature names
  warnings.warn(
C:\Users\yukik\fx-ai-trading\.venv\Lib\site-packages\sklearn\utils\validation.py:2691: UserWarning: X does not have valid feature names, but LGBMClassifier was fitted with feature names
  warnings.warn(
C:\Users\yukik\fx-ai-trading\.venv\Lib\site-packages\sklearn\utils\validation.py:2691: UserWarning: X does not have valid feature names, but LGBMClassifier was fitted with feature names
  warnings.warn(
C:\Users\yukik\fx-ai-trading\.venv\Lib\site-packages\sklearn\utils\validation.py:2691: UserWarning: X does not have valid feature names, but LGBMClassifier was fitted with feature names
  warnings.warn(
C:\Users\yukik\fx-ai-trading\.venv\Lib\site-packages\sklearn\utils\validation.py:2691: UserWarning: X does not have valid feature names, but LGBMClassifier was fitted with feature names
  warnings.warn(
C:\Users\yukik\fx-ai-trading\.venv\Lib\site-packages\sklearn\utils\validation.py:2691: UserWarning: X does not have valid feature names, but LGBMClassifier was fitted with feature names
  warnings.warn(
C:\Users\yukik\fx-ai-trading\.venv\Lib\site-packages\sklearn\utils\validation.py:2691: UserWarning: X does not have valid feature names, but LGBMClassifier was fitted with feature names
  warnings.warn(
  conf=0.30  Sharpe=-0.1857  hit= 38.7%  n= 1,159  PnL=   -1824.0  MaxDD= -1827.3  (32s)
C:\Users\yukik\fx-ai-trading\.venv\Lib\site-packages\sklearn\utils\validation.py:2691: UserWarning: X does not have valid feature names, but LGBMClassifier was fitted with feature names
  warnings.warn(
C:\Users\yukik\fx-ai-trading\.venv\Lib\site-packages\sklearn\utils\validation.py:2691: UserWarning: X does not have valid feature names, but LGBMClassifier was fitted with feature names
  warnings.warn(
C:\Users\yukik\fx-ai-trading\.venv\Lib\site-packages\sklearn\utils\validation.py:2691: UserWarning: X does not have valid feature names, but LGBMClassifier was fitted with feature names
  warnings.warn(
C:\Users\yukik\fx-ai-trading\.venv\Lib\site-packages\sklearn\utils\validation.py:2691: UserWarning: X does not have valid feature names, but LGBMClassifier was fitted with feature names
  warnings.warn(
C:\Users\yukik\fx-ai-trading\.venv\Lib\site-packages\sklearn\utils\validation.py:2691: UserWarning: X does not have valid feature names, but LGBMClassifier was fitted with feature names
  warnings.warn(
C:\Users\yukik\fx-ai-trading\.venv\Lib\site-packages\sklearn\utils\validation.py:2691: UserWarning: X does not have valid feature names, but LGBMClassifier was fitted with feature names
  warnings.warn(
C:\Users\yukik\fx-ai-trading\.venv\Lib\site-packages\sklearn\utils\validation.py:2691: UserWarning: X does not have valid feature names, but LGBMClassifier was fitted with feature names
  warnings.warn(
C:\Users\yukik\fx-ai-trading\.venv\Lib\site-packages\sklearn\utils\validation.py:2691: UserWarning: X does not have valid feature names, but LGBMClassifier was fitted with feature names
  warnings.warn(
C:\Users\yukik\fx-ai-trading\.venv\Lib\site-packages\sklearn\utils\validation.py:2691: UserWarning: X does not have valid feature names, but LGBMClassifier was fitted with feature names
  warnings.warn(
C:\Users\yukik\fx-ai-trading\.venv\Lib\site-packages\sklearn\utils\validation.py:2691: UserWarning: X does not have valid feature names, but LGBMClassifier was fitted with feature names
  warnings.warn(
C:\Users\yukik\fx-ai-trading\.venv\Lib\site-packages\sklearn\utils\validation.py:2691: UserWarning: X does not have valid feature names, but LGBMClassifier was fitted with feature names
  warnings.warn(
C:\Users\yukik\fx-ai-trading\.venv\Lib\site-packages\sklearn\utils\validation.py:2691: UserWarning: X does not have valid feature names, but LGBMClassifier was fitted with feature names
  warnings.warn(
C:\Users\yukik\fx-ai-trading\.venv\Lib\site-packages\sklearn\utils\validation.py:2691: UserWarning: X does not have valid feature names, but LGBMClassifier was fitted with feature names
  warnings.warn(
C:\Users\yukik\fx-ai-trading\.venv\Lib\site-packages\sklearn\utils\validation.py:2691: UserWarning: X does not have valid feature names, but LGBMClassifier was fitted with feature names
  warnings.warn(
C:\Users\yukik\fx-ai-trading\.venv\Lib\site-packages\sklearn\utils\validation.py:2691: UserWarning: X does not have valid feature names, but LGBMClassifier was fitted with feature names
  warnings.warn(
C:\Users\yukik\fx-ai-trading\.venv\Lib\site-packages\sklearn\utils\validation.py:2691: UserWarning: X does not have valid feature names, but LGBMClassifier was fitted with feature names
  warnings.warn(
C:\Users\yukik\fx-ai-trading\.venv\Lib\site-packages\sklearn\utils\validation.py:2691: UserWarning: X does not have valid feature names, but LGBMClassifier was fitted with feature names
  warnings.warn(
C:\Users\yukik\fx-ai-trading\.venv\Lib\site-packages\sklearn\utils\validation.py:2691: UserWarning: X does not have valid feature names, but LGBMClassifier was fitted with feature names
  warnings.warn(
C:\Users\yukik\fx-ai-trading\.venv\Lib\site-packages\sklearn\utils\validation.py:2691: UserWarning: X does not have valid feature names, but LGBMClassifier was fitted with feature names
  warnings.warn(
C:\Users\yukik\fx-ai-trading\.venv\Lib\site-packages\sklearn\utils\validation.py:2691: UserWarning: X does not have valid feature names, but LGBMClassifier was fitted with feature names
  warnings.warn(
C:\Users\yukik\fx-ai-trading\.venv\Lib\site-packages\sklearn\utils\validation.py:2691: UserWarning: X does not have valid feature names, but LGBMClassifier was fitted with feature names
  warnings.warn(
C:\Users\yukik\fx-ai-trading\.venv\Lib\site-packages\sklearn\utils\validation.py:2691: UserWarning: X does not have valid feature names, but LGBMClassifier was fitted with feature names
  warnings.warn(
C:\Users\yukik\fx-ai-trading\.venv\Lib\site-packages\sklearn\utils\validation.py:2691: UserWarning: X does not have valid feature names, but LGBMClassifier was fitted with feature names
  warnings.warn(
C:\Users\yukik\fx-ai-trading\.venv\Lib\site-packages\sklearn\utils\validation.py:2691: UserWarning: X does not have valid feature names, but LGBMClassifier was fitted with feature names
  warnings.warn(
C:\Users\yukik\fx-ai-trading\.venv\Lib\site-packages\sklearn\utils\validation.py:2691: UserWarning: X does not have valid feature names, but LGBMClassifier was fitted with feature names
  warnings.warn(
C:\Users\yukik\fx-ai-trading\.venv\Lib\site-packages\sklearn\utils\validation.py:2691: UserWarning: X does not have valid feature names, but LGBMClassifier was fitted with feature names
  warnings.warn(
C:\Users\yukik\fx-ai-trading\.venv\Lib\site-packages\sklearn\utils\validation.py:2691: UserWarning: X does not have valid feature names, but LGBMClassifier was fitted with feature names
  warnings.warn(
C:\Users\yukik\fx-ai-trading\.venv\Lib\site-packages\sklearn\utils\validation.py:2691: UserWarning: X does not have valid feature names, but LGBMClassifier was fitted with feature names
  warnings.warn(
C:\Users\yukik\fx-ai-trading\.venv\Lib\site-packages\sklearn\utils\validation.py:2691: UserWarning: X does not have valid feature names, but LGBMClassifier was fitted with feature names
  warnings.warn(
C:\Users\yukik\fx-ai-trading\.venv\Lib\site-packages\sklearn\utils\validation.py:2691: UserWarning: X does not have valid feature names, but LGBMClassifier was fitted with feature names
  warnings.warn(
C:\Users\yukik\fx-ai-trading\.venv\Lib\site-packages\sklearn\utils\validation.py:2691: UserWarning: X does not have valid feature names, but LGBMClassifier was fitted with feature names
  warnings.warn(
C:\Users\yukik\fx-ai-trading\.venv\Lib\site-packages\sklearn\utils\validation.py:2691: UserWarning: X does not have valid feature names, but LGBMClassifier was fitted with feature names
  warnings.warn(
C:\Users\yukik\fx-ai-trading\.venv\Lib\site-packages\sklearn\utils\validation.py:2691: UserWarning: X does not have valid feature names, but LGBMClassifier was fitted with feature names
  warnings.warn(
C:\Users\yukik\fx-ai-trading\.venv\Lib\site-packages\sklearn\utils\validation.py:2691: UserWarning: X does not have valid feature names, but LGBMClassifier was fitted with feature names
  warnings.warn(
C:\Users\yukik\fx-ai-trading\.venv\Lib\site-packages\sklearn\utils\validation.py:2691: UserWarning: X does not have valid feature names, but LGBMClassifier was fitted with feature names
  warnings.warn(
C:\Users\yukik\fx-ai-trading\.venv\Lib\site-packages\sklearn\utils\validation.py:2691: UserWarning: X does not have valid feature names, but LGBMClassifier was fitted with feature names
  warnings.warn(
C:\Users\yukik\fx-ai-trading\.venv\Lib\site-packages\sklearn\utils\validation.py:2691: UserWarning: X does not have valid feature names, but LGBMClassifier was fitted with feature names
  warnings.warn(
C:\Users\yukik\fx-ai-trading\.venv\Lib\site-packages\sklearn\utils\validation.py:2691: UserWarning: X does not have valid feature names, but LGBMClassifier was fitted with feature names
  warnings.warn(
C:\Users\yukik\fx-ai-trading\.venv\Lib\site-packages\sklearn\utils\validation.py:2691: UserWarning: X does not have valid feature names, but LGBMClassifier was fitted with feature names
  warnings.warn(
C:\Users\yukik\fx-ai-trading\.venv\Lib\site-packages\sklearn\utils\validation.py:2691: UserWarning: X does not have valid feature names, but LGBMClassifier was fitted with feature names
  warnings.warn(
C:\Users\yukik\fx-ai-trading\.venv\Lib\site-packages\sklearn\utils\validation.py:2691: UserWarning: X does not have valid feature names, but LGBMClassifier was fitted with feature names
  warnings.warn(
C:\Users\yukik\fx-ai-trading\.venv\Lib\site-packages\sklearn\utils\validation.py:2691: UserWarning: X does not have valid feature names, but LGBMClassifier was fitted with feature names
  warnings.warn(
C:\Users\yukik\fx-ai-trading\.venv\Lib\site-packages\sklearn\utils\validation.py:2691: UserWarning: X does not have valid feature names, but LGBMClassifier was fitted with feature names
  warnings.warn(
C:\Users\yukik\fx-ai-trading\.venv\Lib\site-packages\sklearn\utils\validation.py:2691: UserWarning: X does not have valid feature names, but LGBMClassifier was fitted with feature names
  warnings.warn(
C:\Users\yukik\fx-ai-trading\.venv\Lib\site-packages\sklearn\utils\validation.py:2691: UserWarning: X does not have valid feature names, but LGBMClassifier was fitted with feature names
  warnings.warn(
C:\Users\yukik\fx-ai-trading\.venv\Lib\site-packages\sklearn\utils\validation.py:2691: UserWarning: X does not have valid feature names, but LGBMClassifier was fitted with feature names
  warnings.warn(
C:\Users\yukik\fx-ai-trading\.venv\Lib\site-packages\sklearn\utils\validation.py:2691: UserWarning: X does not have valid feature names, but LGBMClassifier was fitted with feature names
  warnings.warn(
C:\Users\yukik\fx-ai-trading\.venv\Lib\site-packages\sklearn\utils\validation.py:2691: UserWarning: X does not have valid feature names, but LGBMClassifier was fitted with feature names
  warnings.warn(
C:\Users\yukik\fx-ai-trading\.venv\Lib\site-packages\sklearn\utils\validation.py:2691: UserWarning: X does not have valid feature names, but LGBMClassifier was fitted with feature names
  warnings.warn(
C:\Users\yukik\fx-ai-trading\.venv\Lib\site-packages\sklearn\utils\validation.py:2691: UserWarning: X does not have valid feature names, but LGBMClassifier was fitted with feature names
  warnings.warn(
C:\Users\yukik\fx-ai-trading\.venv\Lib\site-packages\sklearn\utils\validation.py:2691: UserWarning: X does not have valid feature names, but LGBMClassifier was fitted with feature names
  warnings.warn(
C:\Users\yukik\fx-ai-trading\.venv\Lib\site-packages\sklearn\utils\validation.py:2691: UserWarning: X does not have valid feature names, but LGBMClassifier was fitted with feature names
  warnings.warn(
C:\Users\yukik\fx-ai-trading\.venv\Lib\site-packages\sklearn\utils\validation.py:2691: UserWarning: X does not have valid feature names, but LGBMClassifier was fitted with feature names
  warnings.warn(
C:\Users\yukik\fx-ai-trading\.venv\Lib\site-packages\sklearn\utils\validation.py:2691: UserWarning: X does not have valid feature names, but LGBMClassifier was fitted with feature names
  warnings.warn(
C:\Users\yukik\fx-ai-trading\.venv\Lib\site-packages\sklearn\utils\validation.py:2691: UserWarning: X does not have valid feature names, but LGBMClassifier was fitted with feature names
  warnings.warn(
C:\Users\yukik\fx-ai-trading\.venv\Lib\site-packages\sklearn\utils\validation.py:2691: UserWarning: X does not have valid feature names, but LGBMClassifier was fitted with feature names
  warnings.warn(
C:\Users\yukik\fx-ai-trading\.venv\Lib\site-packages\sklearn\utils\validation.py:2691: UserWarning: X does not have valid feature names, but LGBMClassifier was fitted with feature names
  warnings.warn(
C:\Users\yukik\fx-ai-trading\.venv\Lib\site-packages\sklearn\utils\validation.py:2691: UserWarning: X does not have valid feature names, but LGBMClassifier was fitted with feature names
  warnings.warn(
C:\Users\yukik\fx-ai-trading\.venv\Lib\site-packages\sklearn\utils\validation.py:2691: UserWarning: X does not have valid feature names, but LGBMClassifier was fitted with feature names
  warnings.warn(
C:\Users\yukik\fx-ai-trading\.venv\Lib\site-packages\sklearn\utils\validation.py:2691: UserWarning: X does not have valid feature names, but LGBMClassifier was fitted with feature names
  warnings.warn(
C:\Users\yukik\fx-ai-trading\.venv\Lib\site-packages\sklearn\utils\validation.py:2691: UserWarning: X does not have valid feature names, but LGBMClassifier was fitted with feature names
  warnings.warn(
C:\Users\yukik\fx-ai-trading\.venv\Lib\site-packages\sklearn\utils\validation.py:2691: UserWarning: X does not have valid feature names, but LGBMClassifier was fitted with feature names
  warnings.warn(
C:\Users\yukik\fx-ai-trading\.venv\Lib\site-packages\sklearn\utils\validation.py:2691: UserWarning: X does not have valid feature names, but LGBMClassifier was fitted with feature names
  warnings.warn(
C:\Users\yukik\fx-ai-trading\.venv\Lib\site-packages\sklearn\utils\validation.py:2691: UserWarning: X does not have valid feature names, but LGBMClassifier was fitted with feature names
  warnings.warn(
C:\Users\yukik\fx-ai-trading\.venv\Lib\site-packages\sklearn\utils\validation.py:2691: UserWarning: X does not have valid feature names, but LGBMClassifier was fitted with feature names
  warnings.warn(
C:\Users\yukik\fx-ai-trading\.venv\Lib\site-packages\sklearn\utils\validation.py:2691: UserWarning: X does not have valid feature names, but LGBMClassifier was fitted with feature names
  warnings.warn(
C:\Users\yukik\fx-ai-trading\.venv\Lib\site-packages\sklearn\utils\validation.py:2691: UserWarning: X does not have valid feature names, but LGBMClassifier was fitted with feature names
  warnings.warn(
C:\Users\yukik\fx-ai-trading\.venv\Lib\site-packages\sklearn\utils\validation.py:2691: UserWarning: X does not have valid feature names, but LGBMClassifier was fitted with feature names
  warnings.warn(
C:\Users\yukik\fx-ai-trading\.venv\Lib\site-packages\sklearn\utils\validation.py:2691: UserWarning: X does not have valid feature names, but LGBMClassifier was fitted with feature names
  warnings.warn(
C:\Users\yukik\fx-ai-trading\.venv\Lib\site-packages\sklearn\utils\validation.py:2691: UserWarning: X does not have valid feature names, but LGBMClassifier was fitted with feature names
  warnings.warn(
C:\Users\yukik\fx-ai-trading\.venv\Lib\site-packages\sklearn\utils\validation.py:2691: UserWarning: X does not have valid feature names, but LGBMClassifier was fitted with feature names
  warnings.warn(
C:\Users\yukik\fx-ai-trading\.venv\Lib\site-packages\sklearn\utils\validation.py:2691: UserWarning: X does not have valid feature names, but LGBMClassifier was fitted with feature names
  warnings.warn(
C:\Users\yukik\fx-ai-trading\.venv\Lib\site-packages\sklearn\utils\validation.py:2691: UserWarning: X does not have valid feature names, but LGBMClassifier was fitted with feature names
  warnings.warn(
C:\Users\yukik\fx-ai-trading\.venv\Lib\site-packages\sklearn\utils\validation.py:2691: UserWarning: X does not have valid feature names, but LGBMClassifier was fitted with feature names
  warnings.warn(
C:\Users\yukik\fx-ai-trading\.venv\Lib\site-packages\sklearn\utils\validation.py:2691: UserWarning: X does not have valid feature names, but LGBMClassifier was fitted with feature names
  warnings.warn(
C:\Users\yukik\fx-ai-trading\.venv\Lib\site-packages\sklearn\utils\validation.py:2691: UserWarning: X does not have valid feature names, but LGBMClassifier was fitted with feature names
  warnings.warn(
C:\Users\yukik\fx-ai-trading\.venv\Lib\site-packages\sklearn\utils\validation.py:2691: UserWarning: X does not have valid feature names, but LGBMClassifier was fitted with feature names
  warnings.warn(
C:\Users\yukik\fx-ai-trading\.venv\Lib\site-packages\sklearn\utils\validation.py:2691: UserWarning: X does not have valid feature names, but LGBMClassifier was fitted with feature names
  warnings.warn(
C:\Users\yukik\fx-ai-trading\.venv\Lib\site-packages\sklearn\utils\validation.py:2691: UserWarning: X does not have valid feature names, but LGBMClassifier was fitted with feature names
  warnings.warn(
C:\Users\yukik\fx-ai-trading\.venv\Lib\site-packages\sklearn\utils\validation.py:2691: UserWarning: X does not have valid feature names, but LGBMClassifier was fitted with feature names
  warnings.warn(
C:\Users\yukik\fx-ai-trading\.venv\Lib\site-packages\sklearn\utils\validation.py:2691: UserWarning: X does not have valid feature names, but LGBMClassifier was fitted with feature names
  warnings.warn(
C:\Users\yukik\fx-ai-trading\.venv\Lib\site-packages\sklearn\utils\validation.py:2691: UserWarning: X does not have valid feature names, but LGBMClassifier was fitted with feature names
  warnings.warn(
C:\Users\yukik\fx-ai-trading\.venv\Lib\site-packages\sklearn\utils\validation.py:2691: UserWarning: X does not have valid feature names, but LGBMClassifier was fitted with feature names
  warnings.warn(
C:\Users\yukik\fx-ai-trading\.venv\Lib\site-packages\sklearn\utils\validation.py:2691: UserWarning: X does not have valid feature names, but LGBMClassifier was fitted with feature names
  warnings.warn(
C:\Users\yukik\fx-ai-trading\.venv\Lib\site-packages\sklearn\utils\validation.py:2691: UserWarning: X does not have valid feature names, but LGBMClassifier was fitted with feature names
  warnings.warn(
C:\Users\yukik\fx-ai-trading\.venv\Lib\site-packages\sklearn\utils\validation.py:2691: UserWarning: X does not have valid feature names, but LGBMClassifier was fitted with feature names
  warnings.warn(
C:\Users\yukik\fx-ai-trading\.venv\Lib\site-packages\sklearn\utils\validation.py:2691: UserWarning: X does not have valid feature names, but LGBMClassifier was fitted with feature names
  warnings.warn(
C:\Users\yukik\fx-ai-trading\.venv\Lib\site-packages\sklearn\utils\validation.py:2691: UserWarning: X does not have valid feature names, but LGBMClassifier was fitted with feature names
  warnings.warn(
C:\Users\yukik\fx-ai-trading\.venv\Lib\site-packages\sklearn\utils\validation.py:2691: UserWarning: X does not have valid feature names, but LGBMClassifier was fitted with feature names
  warnings.warn(
C:\Users\yukik\fx-ai-trading\.venv\Lib\site-packages\sklearn\utils\validation.py:2691: UserWarning: X does not have valid feature names, but LGBMClassifier was fitted with feature names
  warnings.warn(
C:\Users\yukik\fx-ai-trading\.venv\Lib\site-packages\sklearn\utils\validation.py:2691: UserWarning: X does not have valid feature names, but LGBMClassifier was fitted with feature names
  warnings.warn(
C:\Users\yukik\fx-ai-trading\.venv\Lib\site-packages\sklearn\utils\validation.py:2691: UserWarning: X does not have valid feature names, but LGBMClassifier was fitted with feature names
  warnings.warn(
C:\Users\yukik\fx-ai-trading\.venv\Lib\site-packages\sklearn\utils\validation.py:2691: UserWarning: X does not have valid feature names, but LGBMClassifier was fitted with feature names
  warnings.warn(
C:\Users\yukik\fx-ai-trading\.venv\Lib\site-packages\sklearn\utils\validation.py:2691: UserWarning: X does not have valid feature names, but LGBMClassifier was fitted with feature names
  warnings.warn(
C:\Users\yukik\fx-ai-trading\.venv\Lib\site-packages\sklearn\utils\validation.py:2691: UserWarning: X does not have valid feature names, but LGBMClassifier was fitted with feature names
  warnings.warn(
C:\Users\yukik\fx-ai-trading\.venv\Lib\site-packages\sklearn\utils\validation.py:2691: UserWarning: X does not have valid feature names, but LGBMClassifier was fitted with feature names
  warnings.warn(
C:\Users\yukik\fx-ai-trading\.venv\Lib\site-packages\sklearn\utils\validation.py:2691: UserWarning: X does not have valid feature names, but LGBMClassifier was fitted with feature names
  warnings.warn(
C:\Users\yukik\fx-ai-trading\.venv\Lib\site-packages\sklearn\utils\validation.py:2691: UserWarning: X does not have valid feature names, but LGBMClassifier was fitted with feature names
  warnings.warn(
C:\Users\yukik\fx-ai-trading\.venv\Lib\site-packages\sklearn\utils\validation.py:2691: UserWarning: X does not have valid feature names, but LGBMClassifier was fitted with feature names
  warnings.warn(
C:\Users\yukik\fx-ai-trading\.venv\Lib\site-packages\sklearn\utils\validation.py:2691: UserWarning: X does not have valid feature names, but LGBMClassifier was fitted with feature names
  warnings.warn(
  conf=0.35  Sharpe=-0.1772  hit= 39.0%  n= 1,154  PnL=   -1721.1  MaxDD= -1724.3  (35s)
C:\Users\yukik\fx-ai-trading\.venv\Lib\site-packages\sklearn\utils\validation.py:2691: UserWarning: X does not have valid feature names, but LGBMClassifier was fitted with feature names
  warnings.warn(
C:\Users\yukik\fx-ai-trading\.venv\Lib\site-packages\sklearn\utils\validation.py:2691: UserWarning: X does not have valid feature names, but LGBMClassifier was fitted with feature names
  warnings.warn(
C:\Users\yukik\fx-ai-trading\.venv\Lib\site-packages\sklearn\utils\validation.py:2691: UserWarning: X does not have valid feature names, but LGBMClassifier was fitted with feature names
  warnings.warn(
C:\Users\yukik\fx-ai-trading\.venv\Lib\site-packages\sklearn\utils\validation.py:2691: UserWarning: X does not have valid feature names, but LGBMClassifier was fitted with feature names
  warnings.warn(
C:\Users\yukik\fx-ai-trading\.venv\Lib\site-packages\sklearn\utils\validation.py:2691: UserWarning: X does not have valid feature names, but LGBMClassifier was fitted with feature names
  warnings.warn(
C:\Users\yukik\fx-ai-trading\.venv\Lib\site-packages\sklearn\utils\validation.py:2691: UserWarning: X does not have valid feature names, but LGBMClassifier was fitted with feature names
  warnings.warn(
C:\Users\yukik\fx-ai-trading\.venv\Lib\site-packages\sklearn\utils\validation.py:2691: UserWarning: X does not have valid feature names, but LGBMClassifier was fitted with feature names
  warnings.warn(
C:\Users\yukik\fx-ai-trading\.venv\Lib\site-packages\sklearn\utils\validation.py:2691: UserWarning: X does not have valid feature names, but LGBMClassifier was fitted with feature names
  warnings.warn(
C:\Users\yukik\fx-ai-trading\.venv\Lib\site-packages\sklearn\utils\validation.py:2691: UserWarning: X does not have valid feature names, but LGBMClassifier was fitted with feature names
  warnings.warn(
C:\Users\yukik\fx-ai-trading\.venv\Lib\site-packages\sklearn\utils\validation.py:2691: UserWarning: X does not have valid feature names, but LGBMClassifier was fitted with feature names
  warnings.warn(
C:\Users\yukik\fx-ai-trading\.venv\Lib\site-packages\sklearn\utils\validation.py:2691: UserWarning: X does not have valid feature names, but LGBMClassifier was fitted with feature names
  warnings.warn(
C:\Users\yukik\fx-ai-trading\.venv\Lib\site-packages\sklearn\utils\validation.py:2691: UserWarning: X does not have valid feature names, but LGBMClassifier was fitted with feature names
  warnings.warn(
C:\Users\yukik\fx-ai-trading\.venv\Lib\site-packages\sklearn\utils\validation.py:2691: UserWarning: X does not have valid feature names, but LGBMClassifier was fitted with feature names
  warnings.warn(
C:\Users\yukik\fx-ai-trading\.venv\Lib\site-packages\sklearn\utils\validation.py:2691: UserWarning: X does not have valid feature names, but LGBMClassifier was fitted with feature names
  warnings.warn(
C:\Users\yukik\fx-ai-trading\.venv\Lib\site-packages\sklearn\utils\validation.py:2691: UserWarning: X does not have valid feature names, but LGBMClassifier was fitted with feature names
  warnings.warn(
C:\Users\yukik\fx-ai-trading\.venv\Lib\site-packages\sklearn\utils\validation.py:2691: UserWarning: X does not have valid feature names, but LGBMClassifier was fitted with feature names
  warnings.warn(
C:\Users\yukik\fx-ai-trading\.venv\Lib\site-packages\sklearn\utils\validation.py:2691: UserWarning: X does not have valid feature names, but LGBMClassifier was fitted with feature names
  warnings.warn(
C:\Users\yukik\fx-ai-trading\.venv\Lib\site-packages\sklearn\utils\validation.py:2691: UserWarning: X does not have valid feature names, but LGBMClassifier was fitted with feature names
  warnings.warn(
C:\Users\yukik\fx-ai-trading\.venv\Lib\site-packages\sklearn\utils\validation.py:2691: UserWarning: X does not have valid feature names, but LGBMClassifier was fitted with feature names
  warnings.warn(
C:\Users\yukik\fx-ai-trading\.venv\Lib\site-packages\sklearn\utils\validation.py:2691: UserWarning: X does not have valid feature names, but LGBMClassifier was fitted with feature names
  warnings.warn(
C:\Users\yukik\fx-ai-trading\.venv\Lib\site-packages\sklearn\utils\validation.py:2691: UserWarning: X does not have valid feature names, but LGBMClassifier was fitted with feature names
  warnings.warn(
C:\Users\yukik\fx-ai-trading\.venv\Lib\site-packages\sklearn\utils\validation.py:2691: UserWarning: X does not have valid feature names, but LGBMClassifier was fitted with feature names
  warnings.warn(
C:\Users\yukik\fx-ai-trading\.venv\Lib\site-packages\sklearn\utils\validation.py:2691: UserWarning: X does not have valid feature names, but LGBMClassifier was fitted with feature names
  warnings.warn(
C:\Users\yukik\fx-ai-trading\.venv\Lib\site-packages\sklearn\utils\validation.py:2691: UserWarning: X does not have valid feature names, but LGBMClassifier was fitted with feature names
  warnings.warn(
C:\Users\yukik\fx-ai-trading\.venv\Lib\site-packages\sklearn\utils\validation.py:2691: UserWarning: X does not have valid feature names, but LGBMClassifier was fitted with feature names
  warnings.warn(
C:\Users\yukik\fx-ai-trading\.venv\Lib\site-packages\sklearn\utils\validation.py:2691: UserWarning: X does not have valid feature names, but LGBMClassifier was fitted with feature names
  warnings.warn(
C:\Users\yukik\fx-ai-trading\.venv\Lib\site-packages\sklearn\utils\validation.py:2691: UserWarning: X does not have valid feature names, but LGBMClassifier was fitted with feature names
  warnings.warn(
C:\Users\yukik\fx-ai-trading\.venv\Lib\site-packages\sklearn\utils\validation.py:2691: UserWarning: X does not have valid feature names, but LGBMClassifier was fitted with feature names
  warnings.warn(
C:\Users\yukik\fx-ai-trading\.venv\Lib\site-packages\sklearn\utils\validation.py:2691: UserWarning: X does not have valid feature names, but LGBMClassifier was fitted with feature names
  warnings.warn(
C:\Users\yukik\fx-ai-trading\.venv\Lib\site-packages\sklearn\utils\validation.py:2691: UserWarning: X does not have valid feature names, but LGBMClassifier was fitted with feature names
  warnings.warn(
C:\Users\yukik\fx-ai-trading\.venv\Lib\site-packages\sklearn\utils\validation.py:2691: UserWarning: X does not have valid feature names, but LGBMClassifier was fitted with feature names
  warnings.warn(
C:\Users\yukik\fx-ai-trading\.venv\Lib\site-packages\sklearn\utils\validation.py:2691: UserWarning: X does not have valid feature names, but LGBMClassifier was fitted with feature names
  warnings.warn(
C:\Users\yukik\fx-ai-trading\.venv\Lib\site-packages\sklearn\utils\validation.py:2691: UserWarning: X does not have valid feature names, but LGBMClassifier was fitted with feature names
  warnings.warn(
C:\Users\yukik\fx-ai-trading\.venv\Lib\site-packages\sklearn\utils\validation.py:2691: UserWarning: X does not have valid feature names, but LGBMClassifier was fitted with feature names
  warnings.warn(
C:\Users\yukik\fx-ai-trading\.venv\Lib\site-packages\sklearn\utils\validation.py:2691: UserWarning: X does not have valid feature names, but LGBMClassifier was fitted with feature names
  warnings.warn(
C:\Users\yukik\fx-ai-trading\.venv\Lib\site-packages\sklearn\utils\validation.py:2691: UserWarning: X does not have valid feature names, but LGBMClassifier was fitted with feature names
  warnings.warn(
C:\Users\yukik\fx-ai-trading\.venv\Lib\site-packages\sklearn\utils\validation.py:2691: UserWarning: X does not have valid feature names, but LGBMClassifier was fitted with feature names
  warnings.warn(
C:\Users\yukik\fx-ai-trading\.venv\Lib\site-packages\sklearn\utils\validation.py:2691: UserWarning: X does not have valid feature names, but LGBMClassifier was fitted with feature names
  warnings.warn(
C:\Users\yukik\fx-ai-trading\.venv\Lib\site-packages\sklearn\utils\validation.py:2691: UserWarning: X does not have valid feature names, but LGBMClassifier was fitted with feature names
  warnings.warn(
C:\Users\yukik\fx-ai-trading\.venv\Lib\site-packages\sklearn\utils\validation.py:2691: UserWarning: X does not have valid feature names, but LGBMClassifier was fitted with feature names
  warnings.warn(
C:\Users\yukik\fx-ai-trading\.venv\Lib\site-packages\sklearn\utils\validation.py:2691: UserWarning: X does not have valid feature names, but LGBMClassifier was fitted with feature names
  warnings.warn(
C:\Users\yukik\fx-ai-trading\.venv\Lib\site-packages\sklearn\utils\validation.py:2691: UserWarning: X does not have valid feature names, but LGBMClassifier was fitted with feature names
  warnings.warn(
C:\Users\yukik\fx-ai-trading\.venv\Lib\site-packages\sklearn\utils\validation.py:2691: UserWarning: X does not have valid feature names, but LGBMClassifier was fitted with feature names
  warnings.warn(
C:\Users\yukik\fx-ai-trading\.venv\Lib\site-packages\sklearn\utils\validation.py:2691: UserWarning: X does not have valid feature names, but LGBMClassifier was fitted with feature names
  warnings.warn(
C:\Users\yukik\fx-ai-trading\.venv\Lib\site-packages\sklearn\utils\validation.py:2691: UserWarning: X does not have valid feature names, but LGBMClassifier was fitted with feature names
  warnings.warn(
C:\Users\yukik\fx-ai-trading\.venv\Lib\site-packages\sklearn\utils\validation.py:2691: UserWarning: X does not have valid feature names, but LGBMClassifier was fitted with feature names
  warnings.warn(
C:\Users\yukik\fx-ai-trading\.venv\Lib\site-packages\sklearn\utils\validation.py:2691: UserWarning: X does not have valid feature names, but LGBMClassifier was fitted with feature names
  warnings.warn(
C:\Users\yukik\fx-ai-trading\.venv\Lib\site-packages\sklearn\utils\validation.py:2691: UserWarning: X does not have valid feature names, but LGBMClassifier was fitted with feature names
  warnings.warn(
C:\Users\yukik\fx-ai-trading\.venv\Lib\site-packages\sklearn\utils\validation.py:2691: UserWarning: X does not have valid feature names, but LGBMClassifier was fitted with feature names
  warnings.warn(
C:\Users\yukik\fx-ai-trading\.venv\Lib\site-packages\sklearn\utils\validation.py:2691: UserWarning: X does not have valid feature names, but LGBMClassifier was fitted with feature names
  warnings.warn(
C:\Users\yukik\fx-ai-trading\.venv\Lib\site-packages\sklearn\utils\validation.py:2691: UserWarning: X does not have valid feature names, but LGBMClassifier was fitted with feature names
  warnings.warn(
C:\Users\yukik\fx-ai-trading\.venv\Lib\site-packages\sklearn\utils\validation.py:2691: UserWarning: X does not have valid feature names, but LGBMClassifier was fitted with feature names
  warnings.warn(
C:\Users\yukik\fx-ai-trading\.venv\Lib\site-packages\sklearn\utils\validation.py:2691: UserWarning: X does not have valid feature names, but LGBMClassifier was fitted with feature names
  warnings.warn(
C:\Users\yukik\fx-ai-trading\.venv\Lib\site-packages\sklearn\utils\validation.py:2691: UserWarning: X does not have valid feature names, but LGBMClassifier was fitted with feature names
  warnings.warn(
C:\Users\yukik\fx-ai-trading\.venv\Lib\site-packages\sklearn\utils\validation.py:2691: UserWarning: X does not have valid feature names, but LGBMClassifier was fitted with feature names
  warnings.warn(
C:\Users\yukik\fx-ai-trading\.venv\Lib\site-packages\sklearn\utils\validation.py:2691: UserWarning: X does not have valid feature names, but LGBMClassifier was fitted with feature names
  warnings.warn(
C:\Users\yukik\fx-ai-trading\.venv\Lib\site-packages\sklearn\utils\validation.py:2691: UserWarning: X does not have valid feature names, but LGBMClassifier was fitted with feature names
  warnings.warn(
C:\Users\yukik\fx-ai-trading\.venv\Lib\site-packages\sklearn\utils\validation.py:2691: UserWarning: X does not have valid feature names, but LGBMClassifier was fitted with feature names
  warnings.warn(
C:\Users\yukik\fx-ai-trading\.venv\Lib\site-packages\sklearn\utils\validation.py:2691: UserWarning: X does not have valid feature names, but LGBMClassifier was fitted with feature names
  warnings.warn(
C:\Users\yukik\fx-ai-trading\.venv\Lib\site-packages\sklearn\utils\validation.py:2691: UserWarning: X does not have valid feature names, but LGBMClassifier was fitted with feature names
  warnings.warn(
C:\Users\yukik\fx-ai-trading\.venv\Lib\site-packages\sklearn\utils\validation.py:2691: UserWarning: X does not have valid feature names, but LGBMClassifier was fitted with feature names
  warnings.warn(
C:\Users\yukik\fx-ai-trading\.venv\Lib\site-packages\sklearn\utils\validation.py:2691: UserWarning: X does not have valid feature names, but LGBMClassifier was fitted with feature names
  warnings.warn(
C:\Users\yukik\fx-ai-trading\.venv\Lib\site-packages\sklearn\utils\validation.py:2691: UserWarning: X does not have valid feature names, but LGBMClassifier was fitted with feature names
  warnings.warn(
C:\Users\yukik\fx-ai-trading\.venv\Lib\site-packages\sklearn\utils\validation.py:2691: UserWarning: X does not have valid feature names, but LGBMClassifier was fitted with feature names
  warnings.warn(
C:\Users\yukik\fx-ai-trading\.venv\Lib\site-packages\sklearn\utils\validation.py:2691: UserWarning: X does not have valid feature names, but LGBMClassifier was fitted with feature names
  warnings.warn(
C:\Users\yukik\fx-ai-trading\.venv\Lib\site-packages\sklearn\utils\validation.py:2691: UserWarning: X does not have valid feature names, but LGBMClassifier was fitted with feature names
  warnings.warn(
C:\Users\yukik\fx-ai-trading\.venv\Lib\site-packages\sklearn\utils\validation.py:2691: UserWarning: X does not have valid feature names, but LGBMClassifier was fitted with feature names
  warnings.warn(
C:\Users\yukik\fx-ai-trading\.venv\Lib\site-packages\sklearn\utils\validation.py:2691: UserWarning: X does not have valid feature names, but LGBMClassifier was fitted with feature names
  warnings.warn(
C:\Users\yukik\fx-ai-trading\.venv\Lib\site-packages\sklearn\utils\validation.py:2691: UserWarning: X does not have valid feature names, but LGBMClassifier was fitted with feature names
  warnings.warn(
C:\Users\yukik\fx-ai-trading\.venv\Lib\site-packages\sklearn\utils\validation.py:2691: UserWarning: X does not have valid feature names, but LGBMClassifier was fitted with feature names
  warnings.warn(
C:\Users\yukik\fx-ai-trading\.venv\Lib\site-packages\sklearn\utils\validation.py:2691: UserWarning: X does not have valid feature names, but LGBMClassifier was fitted with feature names
  warnings.warn(
C:\Users\yukik\fx-ai-trading\.venv\Lib\site-packages\sklearn\utils\validation.py:2691: UserWarning: X does not have valid feature names, but LGBMClassifier was fitted with feature names
  warnings.warn(
C:\Users\yukik\fx-ai-trading\.venv\Lib\site-packages\sklearn\utils\validation.py:2691: UserWarning: X does not have valid feature names, but LGBMClassifier was fitted with feature names
  warnings.warn(
C:\Users\yukik\fx-ai-trading\.venv\Lib\site-packages\sklearn\utils\validation.py:2691: UserWarning: X does not have valid feature names, but LGBMClassifier was fitted with feature names
  warnings.warn(
C:\Users\yukik\fx-ai-trading\.venv\Lib\site-packages\sklearn\utils\validation.py:2691: UserWarning: X does not have valid feature names, but LGBMClassifier was fitted with feature names
  warnings.warn(
C:\Users\yukik\fx-ai-trading\.venv\Lib\site-packages\sklearn\utils\validation.py:2691: UserWarning: X does not have valid feature names, but LGBMClassifier was fitted with feature names
  warnings.warn(
C:\Users\yukik\fx-ai-trading\.venv\Lib\site-packages\sklearn\utils\validation.py:2691: UserWarning: X does not have valid feature names, but LGBMClassifier was fitted with feature names
  warnings.warn(
C:\Users\yukik\fx-ai-trading\.venv\Lib\site-packages\sklearn\utils\validation.py:2691: UserWarning: X does not have valid feature names, but LGBMClassifier was fitted with feature names
  warnings.warn(
C:\Users\yukik\fx-ai-trading\.venv\Lib\site-packages\sklearn\utils\validation.py:2691: UserWarning: X does not have valid feature names, but LGBMClassifier was fitted with feature names
  warnings.warn(
C:\Users\yukik\fx-ai-trading\.venv\Lib\site-packages\sklearn\utils\validation.py:2691: UserWarning: X does not have valid feature names, but LGBMClassifier was fitted with feature names
  warnings.warn(
C:\Users\yukik\fx-ai-trading\.venv\Lib\site-packages\sklearn\utils\validation.py:2691: UserWarning: X does not have valid feature names, but LGBMClassifier was fitted with feature names
  warnings.warn(
C:\Users\yukik\fx-ai-trading\.venv\Lib\site-packages\sklearn\utils\validation.py:2691: UserWarning: X does not have valid feature names, but LGBMClassifier was fitted with feature names
  warnings.warn(
C:\Users\yukik\fx-ai-trading\.venv\Lib\site-packages\sklearn\utils\validation.py:2691: UserWarning: X does not have valid feature names, but LGBMClassifier was fitted with feature names
  warnings.warn(
C:\Users\yukik\fx-ai-trading\.venv\Lib\site-packages\sklearn\utils\validation.py:2691: UserWarning: X does not have valid feature names, but LGBMClassifier was fitted with feature names
  warnings.warn(
C:\Users\yukik\fx-ai-trading\.venv\Lib\site-packages\sklearn\utils\validation.py:2691: UserWarning: X does not have valid feature names, but LGBMClassifier was fitted with feature names
  warnings.warn(
C:\Users\yukik\fx-ai-trading\.venv\Lib\site-packages\sklearn\utils\validation.py:2691: UserWarning: X does not have valid feature names, but LGBMClassifier was fitted with feature names
  warnings.warn(
C:\Users\yukik\fx-ai-trading\.venv\Lib\site-packages\sklearn\utils\validation.py:2691: UserWarning: X does not have valid feature names, but LGBMClassifier was fitted with feature names
  warnings.warn(
C:\Users\yukik\fx-ai-trading\.venv\Lib\site-packages\sklearn\utils\validation.py:2691: UserWarning: X does not have valid feature names, but LGBMClassifier was fitted with feature names
  warnings.warn(
C:\Users\yukik\fx-ai-trading\.venv\Lib\site-packages\sklearn\utils\validation.py:2691: UserWarning: X does not have valid feature names, but LGBMClassifier was fitted with feature names
  warnings.warn(
C:\Users\yukik\fx-ai-trading\.venv\Lib\site-packages\sklearn\utils\validation.py:2691: UserWarning: X does not have valid feature names, but LGBMClassifier was fitted with feature names
  warnings.warn(
C:\Users\yukik\fx-ai-trading\.venv\Lib\site-packages\sklearn\utils\validation.py:2691: UserWarning: X does not have valid feature names, but LGBMClassifier was fitted with feature names
  warnings.warn(
C:\Users\yukik\fx-ai-trading\.venv\Lib\site-packages\sklearn\utils\validation.py:2691: UserWarning: X does not have valid feature names, but LGBMClassifier was fitted with feature names
  warnings.warn(
C:\Users\yukik\fx-ai-trading\.venv\Lib\site-packages\sklearn\utils\validation.py:2691: UserWarning: X does not have valid feature names, but LGBMClassifier was fitted with feature names
  warnings.warn(
C:\Users\yukik\fx-ai-trading\.venv\Lib\site-packages\sklearn\utils\validation.py:2691: UserWarning: X does not have valid feature names, but LGBMClassifier was fitted with feature names
  warnings.warn(
C:\Users\yukik\fx-ai-trading\.venv\Lib\site-packages\sklearn\utils\validation.py:2691: UserWarning: X does not have valid feature names, but LGBMClassifier was fitted with feature names
  warnings.warn(
C:\Users\yukik\fx-ai-trading\.venv\Lib\site-packages\sklearn\utils\validation.py:2691: UserWarning: X does not have valid feature names, but LGBMClassifier was fitted with feature names
  warnings.warn(
C:\Users\yukik\fx-ai-trading\.venv\Lib\site-packages\sklearn\utils\validation.py:2691: UserWarning: X does not have valid feature names, but LGBMClassifier was fitted with feature names
  warnings.warn(
C:\Users\yukik\fx-ai-trading\.venv\Lib\site-packages\sklearn\utils\validation.py:2691: UserWarning: X does not have valid feature names, but LGBMClassifier was fitted with feature names
  warnings.warn(
C:\Users\yukik\fx-ai-trading\.venv\Lib\site-packages\sklearn\utils\validation.py:2691: UserWarning: X does not have valid feature names, but LGBMClassifier was fitted with feature names
  warnings.warn(
C:\Users\yukik\fx-ai-trading\.venv\Lib\site-packages\sklearn\utils\validation.py:2691: UserWarning: X does not have valid feature names, but LGBMClassifier was fitted with feature names
  warnings.warn(
  conf=0.40  Sharpe=-0.1387  hit= 39.5%  n=   808  PnL=    -977.1  MaxDD= -1077.3  (32s)

[3/3] >> tp=1.5 sl=1.0 ...
  labels built 15.9s
  5 folds
    fold 1/5  train [2024-04-30->2025-04-30]  (19.5s)
    fold 2/5  train [2024-07-29->2025-07-29]  (19.2s)
    fold 3/5  train [2024-10-27->2025-10-27]  (20.9s)
    fold 4/5  train [2025-01-25->2026-01-25]  (18.4s)
    fold 5/5  train [2025-04-25->2026-04-25]  (18.3s)
C:\Users\yukik\fx-ai-trading\.venv\Lib\site-packages\sklearn\utils\validation.py:2691: UserWarning: X does not have valid feature names, but LGBMClassifier was fitted with feature names
  warnings.warn(
C:\Users\yukik\fx-ai-trading\.venv\Lib\site-packages\sklearn\utils\validation.py:2691: UserWarning: X does not have valid feature names, but LGBMClassifier was fitted with feature names
  warnings.warn(
C:\Users\yukik\fx-ai-trading\.venv\Lib\site-packages\sklearn\utils\validation.py:2691: UserWarning: X does not have valid feature names, but LGBMClassifier was fitted with feature names
  warnings.warn(
C:\Users\yukik\fx-ai-trading\.venv\Lib\site-packages\sklearn\utils\validation.py:2691: UserWarning: X does not have valid feature names, but LGBMClassifier was fitted with feature names
  warnings.warn(
C:\Users\yukik\fx-ai-trading\.venv\Lib\site-packages\sklearn\utils\validation.py:2691: UserWarning: X does not have valid feature names, but LGBMClassifier was fitted with feature names
  warnings.warn(
C:\Users\yukik\fx-ai-trading\.venv\Lib\site-packages\sklearn\utils\validation.py:2691: UserWarning: X does not have valid feature names, but LGBMClassifier was fitted with feature names
  warnings.warn(
C:\Users\yukik\fx-ai-trading\.venv\Lib\site-packages\sklearn\utils\validation.py:2691: UserWarning: X does not have valid feature names, but LGBMClassifier was fitted with feature names
  warnings.warn(
C:\Users\yukik\fx-ai-trading\.venv\Lib\site-packages\sklearn\utils\validation.py:2691: UserWarning: X does not have valid feature names, but LGBMClassifier was fitted with feature names
  warnings.warn(
C:\Users\yukik\fx-ai-trading\.venv\Lib\site-packages\sklearn\utils\validation.py:2691: UserWarning: X does not have valid feature names, but LGBMClassifier was fitted with feature names
  warnings.warn(
C:\Users\yukik\fx-ai-trading\.venv\Lib\site-packages\sklearn\utils\validation.py:2691: UserWarning: X does not have valid feature names, but LGBMClassifier was fitted with feature names
  warnings.warn(
C:\Users\yukik\fx-ai-trading\.venv\Lib\site-packages\sklearn\utils\validation.py:2691: UserWarning: X does not have valid feature names, but LGBMClassifier was fitted with feature names
  warnings.warn(
C:\Users\yukik\fx-ai-trading\.venv\Lib\site-packages\sklearn\utils\validation.py:2691: UserWarning: X does not have valid feature names, but LGBMClassifier was fitted with feature names
  warnings.warn(
C:\Users\yukik\fx-ai-trading\.venv\Lib\site-packages\sklearn\utils\validation.py:2691: UserWarning: X does not have valid feature names, but LGBMClassifier was fitted with feature names
  warnings.warn(
C:\Users\yukik\fx-ai-trading\.venv\Lib\site-packages\sklearn\utils\validation.py:2691: UserWarning: X does not have valid feature names, but LGBMClassifier was fitted with feature names
  warnings.warn(
C:\Users\yukik\fx-ai-trading\.venv\Lib\site-packages\sklearn\utils\validation.py:2691: UserWarning: X does not have valid feature names, but LGBMClassifier was fitted with feature names
  warnings.warn(
C:\Users\yukik\fx-ai-trading\.venv\Lib\site-packages\sklearn\utils\validation.py:2691: UserWarning: X does not have valid feature names, but LGBMClassifier was fitted with feature names
  warnings.warn(
C:\Users\yukik\fx-ai-trading\.venv\Lib\site-packages\sklearn\utils\validation.py:2691: UserWarning: X does not have valid feature names, but LGBMClassifier was fitted with feature names
  warnings.warn(
C:\Users\yukik\fx-ai-trading\.venv\Lib\site-packages\sklearn\utils\validation.py:2691: UserWarning: X does not have valid feature names, but LGBMClassifier was fitted with feature names
  warnings.warn(
C:\Users\yukik\fx-ai-trading\.venv\Lib\site-packages\sklearn\utils\validation.py:2691: UserWarning: X does not have valid feature names, but LGBMClassifier was fitted with feature names
  warnings.warn(
C:\Users\yukik\fx-ai-trading\.venv\Lib\site-packages\sklearn\utils\validation.py:2691: UserWarning: X does not have valid feature names, but LGBMClassifier was fitted with feature names
  warnings.warn(
C:\Users\yukik\fx-ai-trading\.venv\Lib\site-packages\sklearn\utils\validation.py:2691: UserWarning: X does not have valid feature names, but LGBMClassifier was fitted with feature names
  warnings.warn(
C:\Users\yukik\fx-ai-trading\.venv\Lib\site-packages\sklearn\utils\validation.py:2691: UserWarning: X does not have valid feature names, but LGBMClassifier was fitted with feature names
  warnings.warn(
C:\Users\yukik\fx-ai-trading\.venv\Lib\site-packages\sklearn\utils\validation.py:2691: UserWarning: X does not have valid feature names, but LGBMClassifier was fitted with feature names
  warnings.warn(
C:\Users\yukik\fx-ai-trading\.venv\Lib\site-packages\sklearn\utils\validation.py:2691: UserWarning: X does not have valid feature names, but LGBMClassifier was fitted with feature names
  warnings.warn(
C:\Users\yukik\fx-ai-trading\.venv\Lib\site-packages\sklearn\utils\validation.py:2691: UserWarning: X does not have valid feature names, but LGBMClassifier was fitted with feature names
  warnings.warn(
C:\Users\yukik\fx-ai-trading\.venv\Lib\site-packages\sklearn\utils\validation.py:2691: UserWarning: X does not have valid feature names, but LGBMClassifier was fitted with feature names
  warnings.warn(
C:\Users\yukik\fx-ai-trading\.venv\Lib\site-packages\sklearn\utils\validation.py:2691: UserWarning: X does not have valid feature names, but LGBMClassifier was fitted with feature names
  warnings.warn(
C:\Users\yukik\fx-ai-trading\.venv\Lib\site-packages\sklearn\utils\validation.py:2691: UserWarning: X does not have valid feature names, but LGBMClassifier was fitted with feature names
  warnings.warn(
C:\Users\yukik\fx-ai-trading\.venv\Lib\site-packages\sklearn\utils\validation.py:2691: UserWarning: X does not have valid feature names, but LGBMClassifier was fitted with feature names
  warnings.warn(
C:\Users\yukik\fx-ai-trading\.venv\Lib\site-packages\sklearn\utils\validation.py:2691: UserWarning: X does not have valid feature names, but LGBMClassifier was fitted with feature names
  warnings.warn(
C:\Users\yukik\fx-ai-trading\.venv\Lib\site-packages\sklearn\utils\validation.py:2691: UserWarning: X does not have valid feature names, but LGBMClassifier was fitted with feature names
  warnings.warn(
C:\Users\yukik\fx-ai-trading\.venv\Lib\site-packages\sklearn\utils\validation.py:2691: UserWarning: X does not have valid feature names, but LGBMClassifier was fitted with feature names
  warnings.warn(
C:\Users\yukik\fx-ai-trading\.venv\Lib\site-packages\sklearn\utils\validation.py:2691: UserWarning: X does not have valid feature names, but LGBMClassifier was fitted with feature names
  warnings.warn(
C:\Users\yukik\fx-ai-trading\.venv\Lib\site-packages\sklearn\utils\validation.py:2691: UserWarning: X does not have valid feature names, but LGBMClassifier was fitted with feature names
  warnings.warn(
C:\Users\yukik\fx-ai-trading\.venv\Lib\site-packages\sklearn\utils\validation.py:2691: UserWarning: X does not have valid feature names, but LGBMClassifier was fitted with feature names
  warnings.warn(
C:\Users\yukik\fx-ai-trading\.venv\Lib\site-packages\sklearn\utils\validation.py:2691: UserWarning: X does not have valid feature names, but LGBMClassifier was fitted with feature names
  warnings.warn(
C:\Users\yukik\fx-ai-trading\.venv\Lib\site-packages\sklearn\utils\validation.py:2691: UserWarning: X does not have valid feature names, but LGBMClassifier was fitted with feature names
  warnings.warn(
C:\Users\yukik\fx-ai-trading\.venv\Lib\site-packages\sklearn\utils\validation.py:2691: UserWarning: X does not have valid feature names, but LGBMClassifier was fitted with feature names
  warnings.warn(
C:\Users\yukik\fx-ai-trading\.venv\Lib\site-packages\sklearn\utils\validation.py:2691: UserWarning: X does not have valid feature names, but LGBMClassifier was fitted with feature names
  warnings.warn(
C:\Users\yukik\fx-ai-trading\.venv\Lib\site-packages\sklearn\utils\validation.py:2691: UserWarning: X does not have valid feature names, but LGBMClassifier was fitted with feature names
  warnings.warn(
C:\Users\yukik\fx-ai-trading\.venv\Lib\site-packages\sklearn\utils\validation.py:2691: UserWarning: X does not have valid feature names, but LGBMClassifier was fitted with feature names
  warnings.warn(
C:\Users\yukik\fx-ai-trading\.venv\Lib\site-packages\sklearn\utils\validation.py:2691: UserWarning: X does not have valid feature names, but LGBMClassifier was fitted with feature names
  warnings.warn(
C:\Users\yukik\fx-ai-trading\.venv\Lib\site-packages\sklearn\utils\validation.py:2691: UserWarning: X does not have valid feature names, but LGBMClassifier was fitted with feature names
  warnings.warn(
C:\Users\yukik\fx-ai-trading\.venv\Lib\site-packages\sklearn\utils\validation.py:2691: UserWarning: X does not have valid feature names, but LGBMClassifier was fitted with feature names
  warnings.warn(
C:\Users\yukik\fx-ai-trading\.venv\Lib\site-packages\sklearn\utils\validation.py:2691: UserWarning: X does not have valid feature names, but LGBMClassifier was fitted with feature names
  warnings.warn(
C:\Users\yukik\fx-ai-trading\.venv\Lib\site-packages\sklearn\utils\validation.py:2691: UserWarning: X does not have valid feature names, but LGBMClassifier was fitted with feature names
  warnings.warn(
C:\Users\yukik\fx-ai-trading\.venv\Lib\site-packages\sklearn\utils\validation.py:2691: UserWarning: X does not have valid feature names, but LGBMClassifier was fitted with feature names
  warnings.warn(
C:\Users\yukik\fx-ai-trading\.venv\Lib\site-packages\sklearn\utils\validation.py:2691: UserWarning: X does not have valid feature names, but LGBMClassifier was fitted with feature names
  warnings.warn(
C:\Users\yukik\fx-ai-trading\.venv\Lib\site-packages\sklearn\utils\validation.py:2691: UserWarning: X does not have valid feature names, but LGBMClassifier was fitted with feature names
  warnings.warn(
C:\Users\yukik\fx-ai-trading\.venv\Lib\site-packages\sklearn\utils\validation.py:2691: UserWarning: X does not have valid feature names, but LGBMClassifier was fitted with feature names
  warnings.warn(
C:\Users\yukik\fx-ai-trading\.venv\Lib\site-packages\sklearn\utils\validation.py:2691: UserWarning: X does not have valid feature names, but LGBMClassifier was fitted with feature names
  warnings.warn(
C:\Users\yukik\fx-ai-trading\.venv\Lib\site-packages\sklearn\utils\validation.py:2691: UserWarning: X does not have valid feature names, but LGBMClassifier was fitted with feature names
  warnings.warn(
C:\Users\yukik\fx-ai-trading\.venv\Lib\site-packages\sklearn\utils\validation.py:2691: UserWarning: X does not have valid feature names, but LGBMClassifier was fitted with feature names
  warnings.warn(
C:\Users\yukik\fx-ai-trading\.venv\Lib\site-packages\sklearn\utils\validation.py:2691: UserWarning: X does not have valid feature names, but LGBMClassifier was fitted with feature names
  warnings.warn(
C:\Users\yukik\fx-ai-trading\.venv\Lib\site-packages\sklearn\utils\validation.py:2691: UserWarning: X does not have valid feature names, but LGBMClassifier was fitted with feature names
  warnings.warn(
C:\Users\yukik\fx-ai-trading\.venv\Lib\site-packages\sklearn\utils\validation.py:2691: UserWarning: X does not have valid feature names, but LGBMClassifier was fitted with feature names
  warnings.warn(
C:\Users\yukik\fx-ai-trading\.venv\Lib\site-packages\sklearn\utils\validation.py:2691: UserWarning: X does not have valid feature names, but LGBMClassifier was fitted with feature names
  warnings.warn(
C:\Users\yukik\fx-ai-trading\.venv\Lib\site-packages\sklearn\utils\validation.py:2691: UserWarning: X does not have valid feature names, but LGBMClassifier was fitted with feature names
  warnings.warn(
C:\Users\yukik\fx-ai-trading\.venv\Lib\site-packages\sklearn\utils\validation.py:2691: UserWarning: X does not have valid feature names, but LGBMClassifier was fitted with feature names
  warnings.warn(
C:\Users\yukik\fx-ai-trading\.venv\Lib\site-packages\sklearn\utils\validation.py:2691: UserWarning: X does not have valid feature names, but LGBMClassifier was fitted with feature names
  warnings.warn(
C:\Users\yukik\fx-ai-trading\.venv\Lib\site-packages\sklearn\utils\validation.py:2691: UserWarning: X does not have valid feature names, but LGBMClassifier was fitted with feature names
  warnings.warn(
C:\Users\yukik\fx-ai-trading\.venv\Lib\site-packages\sklearn\utils\validation.py:2691: UserWarning: X does not have valid feature names, but LGBMClassifier was fitted with feature names
  warnings.warn(
C:\Users\yukik\fx-ai-trading\.venv\Lib\site-packages\sklearn\utils\validation.py:2691: UserWarning: X does not have valid feature names, but LGBMClassifier was fitted with feature names
  warnings.warn(
C:\Users\yukik\fx-ai-trading\.venv\Lib\site-packages\sklearn\utils\validation.py:2691: UserWarning: X does not have valid feature names, but LGBMClassifier was fitted with feature names
  warnings.warn(
C:\Users\yukik\fx-ai-trading\.venv\Lib\site-packages\sklearn\utils\validation.py:2691: UserWarning: X does not have valid feature names, but LGBMClassifier was fitted with feature names
  warnings.warn(
C:\Users\yukik\fx-ai-trading\.venv\Lib\site-packages\sklearn\utils\validation.py:2691: UserWarning: X does not have valid feature names, but LGBMClassifier was fitted with feature names
  warnings.warn(
C:\Users\yukik\fx-ai-trading\.venv\Lib\site-packages\sklearn\utils\validation.py:2691: UserWarning: X does not have valid feature names, but LGBMClassifier was fitted with feature names
  warnings.warn(
C:\Users\yukik\fx-ai-trading\.venv\Lib\site-packages\sklearn\utils\validation.py:2691: UserWarning: X does not have valid feature names, but LGBMClassifier was fitted with feature names
  warnings.warn(
C:\Users\yukik\fx-ai-trading\.venv\Lib\site-packages\sklearn\utils\validation.py:2691: UserWarning: X does not have valid feature names, but LGBMClassifier was fitted with feature names
  warnings.warn(
C:\Users\yukik\fx-ai-trading\.venv\Lib\site-packages\sklearn\utils\validation.py:2691: UserWarning: X does not have valid feature names, but LGBMClassifier was fitted with feature names
  warnings.warn(
C:\Users\yukik\fx-ai-trading\.venv\Lib\site-packages\sklearn\utils\validation.py:2691: UserWarning: X does not have valid feature names, but LGBMClassifier was fitted with feature names
  warnings.warn(
C:\Users\yukik\fx-ai-trading\.venv\Lib\site-packages\sklearn\utils\validation.py:2691: UserWarning: X does not have valid feature names, but LGBMClassifier was fitted with feature names
  warnings.warn(
C:\Users\yukik\fx-ai-trading\.venv\Lib\site-packages\sklearn\utils\validation.py:2691: UserWarning: X does not have valid feature names, but LGBMClassifier was fitted with feature names
  warnings.warn(
C:\Users\yukik\fx-ai-trading\.venv\Lib\site-packages\sklearn\utils\validation.py:2691: UserWarning: X does not have valid feature names, but LGBMClassifier was fitted with feature names
  warnings.warn(
C:\Users\yukik\fx-ai-trading\.venv\Lib\site-packages\sklearn\utils\validation.py:2691: UserWarning: X does not have valid feature names, but LGBMClassifier was fitted with feature names
  warnings.warn(
C:\Users\yukik\fx-ai-trading\.venv\Lib\site-packages\sklearn\utils\validation.py:2691: UserWarning: X does not have valid feature names, but LGBMClassifier was fitted with feature names
  warnings.warn(
C:\Users\yukik\fx-ai-trading\.venv\Lib\site-packages\sklearn\utils\validation.py:2691: UserWarning: X does not have valid feature names, but LGBMClassifier was fitted with feature names
  warnings.warn(
C:\Users\yukik\fx-ai-trading\.venv\Lib\site-packages\sklearn\utils\validation.py:2691: UserWarning: X does not have valid feature names, but LGBMClassifier was fitted with feature names
  warnings.warn(
C:\Users\yukik\fx-ai-trading\.venv\Lib\site-packages\sklearn\utils\validation.py:2691: UserWarning: X does not have valid feature names, but LGBMClassifier was fitted with feature names
  warnings.warn(
C:\Users\yukik\fx-ai-trading\.venv\Lib\site-packages\sklearn\utils\validation.py:2691: UserWarning: X does not have valid feature names, but LGBMClassifier was fitted with feature names
  warnings.warn(
C:\Users\yukik\fx-ai-trading\.venv\Lib\site-packages\sklearn\utils\validation.py:2691: UserWarning: X does not have valid feature names, but LGBMClassifier was fitted with feature names
  warnings.warn(
C:\Users\yukik\fx-ai-trading\.venv\Lib\site-packages\sklearn\utils\validation.py:2691: UserWarning: X does not have valid feature names, but LGBMClassifier was fitted with feature names
  warnings.warn(
C:\Users\yukik\fx-ai-trading\.venv\Lib\site-packages\sklearn\utils\validation.py:2691: UserWarning: X does not have valid feature names, but LGBMClassifier was fitted with feature names
  warnings.warn(
C:\Users\yukik\fx-ai-trading\.venv\Lib\site-packages\sklearn\utils\validation.py:2691: UserWarning: X does not have valid feature names, but LGBMClassifier was fitted with feature names
  warnings.warn(
C:\Users\yukik\fx-ai-trading\.venv\Lib\site-packages\sklearn\utils\validation.py:2691: UserWarning: X does not have valid feature names, but LGBMClassifier was fitted with feature names
  warnings.warn(
C:\Users\yukik\fx-ai-trading\.venv\Lib\site-packages\sklearn\utils\validation.py:2691: UserWarning: X does not have valid feature names, but LGBMClassifier was fitted with feature names
  warnings.warn(
C:\Users\yukik\fx-ai-trading\.venv\Lib\site-packages\sklearn\utils\validation.py:2691: UserWarning: X does not have valid feature names, but LGBMClassifier was fitted with feature names
  warnings.warn(
C:\Users\yukik\fx-ai-trading\.venv\Lib\site-packages\sklearn\utils\validation.py:2691: UserWarning: X does not have valid feature names, but LGBMClassifier was fitted with feature names
  warnings.warn(
C:\Users\yukik\fx-ai-trading\.venv\Lib\site-packages\sklearn\utils\validation.py:2691: UserWarning: X does not have valid feature names, but LGBMClassifier was fitted with feature names
  warnings.warn(
C:\Users\yukik\fx-ai-trading\.venv\Lib\site-packages\sklearn\utils\validation.py:2691: UserWarning: X does not have valid feature names, but LGBMClassifier was fitted with feature names
  warnings.warn(
C:\Users\yukik\fx-ai-trading\.venv\Lib\site-packages\sklearn\utils\validation.py:2691: UserWarning: X does not have valid feature names, but LGBMClassifier was fitted with feature names
  warnings.warn(
C:\Users\yukik\fx-ai-trading\.venv\Lib\site-packages\sklearn\utils\validation.py:2691: UserWarning: X does not have valid feature names, but LGBMClassifier was fitted with feature names
  warnings.warn(
C:\Users\yukik\fx-ai-trading\.venv\Lib\site-packages\sklearn\utils\validation.py:2691: UserWarning: X does not have valid feature names, but LGBMClassifier was fitted with feature names
  warnings.warn(
C:\Users\yukik\fx-ai-trading\.venv\Lib\site-packages\sklearn\utils\validation.py:2691: UserWarning: X does not have valid feature names, but LGBMClassifier was fitted with feature names
  warnings.warn(
C:\Users\yukik\fx-ai-trading\.venv\Lib\site-packages\sklearn\utils\validation.py:2691: UserWarning: X does not have valid feature names, but LGBMClassifier was fitted with feature names
  warnings.warn(
C:\Users\yukik\fx-ai-trading\.venv\Lib\site-packages\sklearn\utils\validation.py:2691: UserWarning: X does not have valid feature names, but LGBMClassifier was fitted with feature names
  warnings.warn(
C:\Users\yukik\fx-ai-trading\.venv\Lib\site-packages\sklearn\utils\validation.py:2691: UserWarning: X does not have valid feature names, but LGBMClassifier was fitted with feature names
  warnings.warn(
C:\Users\yukik\fx-ai-trading\.venv\Lib\site-packages\sklearn\utils\validation.py:2691: UserWarning: X does not have valid feature names, but LGBMClassifier was fitted with feature names
  warnings.warn(
C:\Users\yukik\fx-ai-trading\.venv\Lib\site-packages\sklearn\utils\validation.py:2691: UserWarning: X does not have valid feature names, but LGBMClassifier was fitted with feature names
  warnings.warn(
C:\Users\yukik\fx-ai-trading\.venv\Lib\site-packages\sklearn\utils\validation.py:2691: UserWarning: X does not have valid feature names, but LGBMClassifier was fitted with feature names
  warnings.warn(
  conf=0.25  Sharpe=-0.2315  hit= 27.0%  n= 3,938  PnL=   -6595.1  MaxDD= -6719.6  (31s)
C:\Users\yukik\fx-ai-trading\.venv\Lib\site-packages\sklearn\utils\validation.py:2691: UserWarning: X does not have valid feature names, but LGBMClassifier was fitted with feature names
  warnings.warn(
C:\Users\yukik\fx-ai-trading\.venv\Lib\site-packages\sklearn\utils\validation.py:2691: UserWarning: X does not have valid feature names, but LGBMClassifier was fitted with feature names
  warnings.warn(
C:\Users\yukik\fx-ai-trading\.venv\Lib\site-packages\sklearn\utils\validation.py:2691: UserWarning: X does not have valid feature names, but LGBMClassifier was fitted with feature names
  warnings.warn(
C:\Users\yukik\fx-ai-trading\.venv\Lib\site-packages\sklearn\utils\validation.py:2691: UserWarning: X does not have valid feature names, but LGBMClassifier was fitted with feature names
  warnings.warn(
C:\Users\yukik\fx-ai-trading\.venv\Lib\site-packages\sklearn\utils\validation.py:2691: UserWarning: X does not have valid feature names, but LGBMClassifier was fitted with feature names
  warnings.warn(
C:\Users\yukik\fx-ai-trading\.venv\Lib\site-packages\sklearn\utils\validation.py:2691: UserWarning: X does not have valid feature names, but LGBMClassifier was fitted with feature names
  warnings.warn(
C:\Users\yukik\fx-ai-trading\.venv\Lib\site-packages\sklearn\utils\validation.py:2691: UserWarning: X does not have valid feature names, but LGBMClassifier was fitted with feature names
  warnings.warn(
C:\Users\yukik\fx-ai-trading\.venv\Lib\site-packages\sklearn\utils\validation.py:2691: UserWarning: X does not have valid feature names, but LGBMClassifier was fitted with feature names
  warnings.warn(
C:\Users\yukik\fx-ai-trading\.venv\Lib\site-packages\sklearn\utils\validation.py:2691: UserWarning: X does not have valid feature names, but LGBMClassifier was fitted with feature names
  warnings.warn(
C:\Users\yukik\fx-ai-trading\.venv\Lib\site-packages\sklearn\utils\validation.py:2691: UserWarning: X does not have valid feature names, but LGBMClassifier was fitted with feature names
  warnings.warn(
C:\Users\yukik\fx-ai-trading\.venv\Lib\site-packages\sklearn\utils\validation.py:2691: UserWarning: X does not have valid feature names, but LGBMClassifier was fitted with feature names
  warnings.warn(
C:\Users\yukik\fx-ai-trading\.venv\Lib\site-packages\sklearn\utils\validation.py:2691: UserWarning: X does not have valid feature names, but LGBMClassifier was fitted with feature names
  warnings.warn(
C:\Users\yukik\fx-ai-trading\.venv\Lib\site-packages\sklearn\utils\validation.py:2691: UserWarning: X does not have valid feature names, but LGBMClassifier was fitted with feature names
  warnings.warn(
C:\Users\yukik\fx-ai-trading\.venv\Lib\site-packages\sklearn\utils\validation.py:2691: UserWarning: X does not have valid feature names, but LGBMClassifier was fitted with feature names
  warnings.warn(
C:\Users\yukik\fx-ai-trading\.venv\Lib\site-packages\sklearn\utils\validation.py:2691: UserWarning: X does not have valid feature names, but LGBMClassifier was fitted with feature names
  warnings.warn(
C:\Users\yukik\fx-ai-trading\.venv\Lib\site-packages\sklearn\utils\validation.py:2691: UserWarning: X does not have valid feature names, but LGBMClassifier was fitted with feature names
  warnings.warn(
C:\Users\yukik\fx-ai-trading\.venv\Lib\site-packages\sklearn\utils\validation.py:2691: UserWarning: X does not have valid feature names, but LGBMClassifier was fitted with feature names
  warnings.warn(
C:\Users\yukik\fx-ai-trading\.venv\Lib\site-packages\sklearn\utils\validation.py:2691: UserWarning: X does not have valid feature names, but LGBMClassifier was fitted with feature names
  warnings.warn(
C:\Users\yukik\fx-ai-trading\.venv\Lib\site-packages\sklearn\utils\validation.py:2691: UserWarning: X does not have valid feature names, but LGBMClassifier was fitted with feature names
  warnings.warn(
C:\Users\yukik\fx-ai-trading\.venv\Lib\site-packages\sklearn\utils\validation.py:2691: UserWarning: X does not have valid feature names, but LGBMClassifier was fitted with feature names
  warnings.warn(
C:\Users\yukik\fx-ai-trading\.venv\Lib\site-packages\sklearn\utils\validation.py:2691: UserWarning: X does not have valid feature names, but LGBMClassifier was fitted with feature names
  warnings.warn(
C:\Users\yukik\fx-ai-trading\.venv\Lib\site-packages\sklearn\utils\validation.py:2691: UserWarning: X does not have valid feature names, but LGBMClassifier was fitted with feature names
  warnings.warn(
C:\Users\yukik\fx-ai-trading\.venv\Lib\site-packages\sklearn\utils\validation.py:2691: UserWarning: X does not have valid feature names, but LGBMClassifier was fitted with feature names
  warnings.warn(
C:\Users\yukik\fx-ai-trading\.venv\Lib\site-packages\sklearn\utils\validation.py:2691: UserWarning: X does not have valid feature names, but LGBMClassifier was fitted with feature names
  warnings.warn(
C:\Users\yukik\fx-ai-trading\.venv\Lib\site-packages\sklearn\utils\validation.py:2691: UserWarning: X does not have valid feature names, but LGBMClassifier was fitted with feature names
  warnings.warn(
C:\Users\yukik\fx-ai-trading\.venv\Lib\site-packages\sklearn\utils\validation.py:2691: UserWarning: X does not have valid feature names, but LGBMClassifier was fitted with feature names
  warnings.warn(
C:\Users\yukik\fx-ai-trading\.venv\Lib\site-packages\sklearn\utils\validation.py:2691: UserWarning: X does not have valid feature names, but LGBMClassifier was fitted with feature names
  warnings.warn(
C:\Users\yukik\fx-ai-trading\.venv\Lib\site-packages\sklearn\utils\validation.py:2691: UserWarning: X does not have valid feature names, but LGBMClassifier was fitted with feature names
  warnings.warn(
C:\Users\yukik\fx-ai-trading\.venv\Lib\site-packages\sklearn\utils\validation.py:2691: UserWarning: X does not have valid feature names, but LGBMClassifier was fitted with feature names
  warnings.warn(
C:\Users\yukik\fx-ai-trading\.venv\Lib\site-packages\sklearn\utils\validation.py:2691: UserWarning: X does not have valid feature names, but LGBMClassifier was fitted with feature names
  warnings.warn(
C:\Users\yukik\fx-ai-trading\.venv\Lib\site-packages\sklearn\utils\validation.py:2691: UserWarning: X does not have valid feature names, but LGBMClassifier was fitted with feature names
  warnings.warn(
C:\Users\yukik\fx-ai-trading\.venv\Lib\site-packages\sklearn\utils\validation.py:2691: UserWarning: X does not have valid feature names, but LGBMClassifier was fitted with feature names
  warnings.warn(
C:\Users\yukik\fx-ai-trading\.venv\Lib\site-packages\sklearn\utils\validation.py:2691: UserWarning: X does not have valid feature names, but LGBMClassifier was fitted with feature names
  warnings.warn(
C:\Users\yukik\fx-ai-trading\.venv\Lib\site-packages\sklearn\utils\validation.py:2691: UserWarning: X does not have valid feature names, but LGBMClassifier was fitted with feature names
  warnings.warn(
C:\Users\yukik\fx-ai-trading\.venv\Lib\site-packages\sklearn\utils\validation.py:2691: UserWarning: X does not have valid feature names, but LGBMClassifier was fitted with feature names
  warnings.warn(
C:\Users\yukik\fx-ai-trading\.venv\Lib\site-packages\sklearn\utils\validation.py:2691: UserWarning: X does not have valid feature names, but LGBMClassifier was fitted with feature names
  warnings.warn(
C:\Users\yukik\fx-ai-trading\.venv\Lib\site-packages\sklearn\utils\validation.py:2691: UserWarning: X does not have valid feature names, but LGBMClassifier was fitted with feature names
  warnings.warn(
C:\Users\yukik\fx-ai-trading\.venv\Lib\site-packages\sklearn\utils\validation.py:2691: UserWarning: X does not have valid feature names, but LGBMClassifier was fitted with feature names
  warnings.warn(
C:\Users\yukik\fx-ai-trading\.venv\Lib\site-packages\sklearn\utils\validation.py:2691: UserWarning: X does not have valid feature names, but LGBMClassifier was fitted with feature names
  warnings.warn(
C:\Users\yukik\fx-ai-trading\.venv\Lib\site-packages\sklearn\utils\validation.py:2691: UserWarning: X does not have valid feature names, but LGBMClassifier was fitted with feature names
  warnings.warn(
C:\Users\yukik\fx-ai-trading\.venv\Lib\site-packages\sklearn\utils\validation.py:2691: UserWarning: X does not have valid feature names, but LGBMClassifier was fitted with feature names
  warnings.warn(
C:\Users\yukik\fx-ai-trading\.venv\Lib\site-packages\sklearn\utils\validation.py:2691: UserWarning: X does not have valid feature names, but LGBMClassifier was fitted with feature names
  warnings.warn(
C:\Users\yukik\fx-ai-trading\.venv\Lib\site-packages\sklearn\utils\validation.py:2691: UserWarning: X does not have valid feature names, but LGBMClassifier was fitted with feature names
  warnings.warn(
C:\Users\yukik\fx-ai-trading\.venv\Lib\site-packages\sklearn\utils\validation.py:2691: UserWarning: X does not have valid feature names, but LGBMClassifier was fitted with feature names
  warnings.warn(
C:\Users\yukik\fx-ai-trading\.venv\Lib\site-packages\sklearn\utils\validation.py:2691: UserWarning: X does not have valid feature names, but LGBMClassifier was fitted with feature names
  warnings.warn(
C:\Users\yukik\fx-ai-trading\.venv\Lib\site-packages\sklearn\utils\validation.py:2691: UserWarning: X does not have valid feature names, but LGBMClassifier was fitted with feature names
  warnings.warn(
C:\Users\yukik\fx-ai-trading\.venv\Lib\site-packages\sklearn\utils\validation.py:2691: UserWarning: X does not have valid feature names, but LGBMClassifier was fitted with feature names
  warnings.warn(
C:\Users\yukik\fx-ai-trading\.venv\Lib\site-packages\sklearn\utils\validation.py:2691: UserWarning: X does not have valid feature names, but LGBMClassifier was fitted with feature names
  warnings.warn(
C:\Users\yukik\fx-ai-trading\.venv\Lib\site-packages\sklearn\utils\validation.py:2691: UserWarning: X does not have valid feature names, but LGBMClassifier was fitted with feature names
  warnings.warn(
C:\Users\yukik\fx-ai-trading\.venv\Lib\site-packages\sklearn\utils\validation.py:2691: UserWarning: X does not have valid feature names, but LGBMClassifier was fitted with feature names
  warnings.warn(
C:\Users\yukik\fx-ai-trading\.venv\Lib\site-packages\sklearn\utils\validation.py:2691: UserWarning: X does not have valid feature names, but LGBMClassifier was fitted with feature names
  warnings.warn(
C:\Users\yukik\fx-ai-trading\.venv\Lib\site-packages\sklearn\utils\validation.py:2691: UserWarning: X does not have valid feature names, but LGBMClassifier was fitted with feature names
  warnings.warn(
C:\Users\yukik\fx-ai-trading\.venv\Lib\site-packages\sklearn\utils\validation.py:2691: UserWarning: X does not have valid feature names, but LGBMClassifier was fitted with feature names
  warnings.warn(
C:\Users\yukik\fx-ai-trading\.venv\Lib\site-packages\sklearn\utils\validation.py:2691: UserWarning: X does not have valid feature names, but LGBMClassifier was fitted with feature names
  warnings.warn(
C:\Users\yukik\fx-ai-trading\.venv\Lib\site-packages\sklearn\utils\validation.py:2691: UserWarning: X does not have valid feature names, but LGBMClassifier was fitted with feature names
  warnings.warn(
C:\Users\yukik\fx-ai-trading\.venv\Lib\site-packages\sklearn\utils\validation.py:2691: UserWarning: X does not have valid feature names, but LGBMClassifier was fitted with feature names
  warnings.warn(
C:\Users\yukik\fx-ai-trading\.venv\Lib\site-packages\sklearn\utils\validation.py:2691: UserWarning: X does not have valid feature names, but LGBMClassifier was fitted with feature names
  warnings.warn(
C:\Users\yukik\fx-ai-trading\.venv\Lib\site-packages\sklearn\utils\validation.py:2691: UserWarning: X does not have valid feature names, but LGBMClassifier was fitted with feature names
  warnings.warn(
C:\Users\yukik\fx-ai-trading\.venv\Lib\site-packages\sklearn\utils\validation.py:2691: UserWarning: X does not have valid feature names, but LGBMClassifier was fitted with feature names
  warnings.warn(
C:\Users\yukik\fx-ai-trading\.venv\Lib\site-packages\sklearn\utils\validation.py:2691: UserWarning: X does not have valid feature names, but LGBMClassifier was fitted with feature names
  warnings.warn(
C:\Users\yukik\fx-ai-trading\.venv\Lib\site-packages\sklearn\utils\validation.py:2691: UserWarning: X does not have valid feature names, but LGBMClassifier was fitted with feature names
  warnings.warn(
C:\Users\yukik\fx-ai-trading\.venv\Lib\site-packages\sklearn\utils\validation.py:2691: UserWarning: X does not have valid feature names, but LGBMClassifier was fitted with feature names
  warnings.warn(
C:\Users\yukik\fx-ai-trading\.venv\Lib\site-packages\sklearn\utils\validation.py:2691: UserWarning: X does not have valid feature names, but LGBMClassifier was fitted with feature names
  warnings.warn(
C:\Users\yukik\fx-ai-trading\.venv\Lib\site-packages\sklearn\utils\validation.py:2691: UserWarning: X does not have valid feature names, but LGBMClassifier was fitted with feature names
  warnings.warn(
C:\Users\yukik\fx-ai-trading\.venv\Lib\site-packages\sklearn\utils\validation.py:2691: UserWarning: X does not have valid feature names, but LGBMClassifier was fitted with feature names
  warnings.warn(
C:\Users\yukik\fx-ai-trading\.venv\Lib\site-packages\sklearn\utils\validation.py:2691: UserWarning: X does not have valid feature names, but LGBMClassifier was fitted with feature names
  warnings.warn(
C:\Users\yukik\fx-ai-trading\.venv\Lib\site-packages\sklearn\utils\validation.py:2691: UserWarning: X does not have valid feature names, but LGBMClassifier was fitted with feature names
  warnings.warn(
C:\Users\yukik\fx-ai-trading\.venv\Lib\site-packages\sklearn\utils\validation.py:2691: UserWarning: X does not have valid feature names, but LGBMClassifier was fitted with feature names
  warnings.warn(
C:\Users\yukik\fx-ai-trading\.venv\Lib\site-packages\sklearn\utils\validation.py:2691: UserWarning: X does not have valid feature names, but LGBMClassifier was fitted with feature names
  warnings.warn(
C:\Users\yukik\fx-ai-trading\.venv\Lib\site-packages\sklearn\utils\validation.py:2691: UserWarning: X does not have valid feature names, but LGBMClassifier was fitted with feature names
  warnings.warn(
C:\Users\yukik\fx-ai-trading\.venv\Lib\site-packages\sklearn\utils\validation.py:2691: UserWarning: X does not have valid feature names, but LGBMClassifier was fitted with feature names
  warnings.warn(
C:\Users\yukik\fx-ai-trading\.venv\Lib\site-packages\sklearn\utils\validation.py:2691: UserWarning: X does not have valid feature names, but LGBMClassifier was fitted with feature names
  warnings.warn(
C:\Users\yukik\fx-ai-trading\.venv\Lib\site-packages\sklearn\utils\validation.py:2691: UserWarning: X does not have valid feature names, but LGBMClassifier was fitted with feature names
  warnings.warn(
C:\Users\yukik\fx-ai-trading\.venv\Lib\site-packages\sklearn\utils\validation.py:2691: UserWarning: X does not have valid feature names, but LGBMClassifier was fitted with feature names
  warnings.warn(
C:\Users\yukik\fx-ai-trading\.venv\Lib\site-packages\sklearn\utils\validation.py:2691: UserWarning: X does not have valid feature names, but LGBMClassifier was fitted with feature names
  warnings.warn(
C:\Users\yukik\fx-ai-trading\.venv\Lib\site-packages\sklearn\utils\validation.py:2691: UserWarning: X does not have valid feature names, but LGBMClassifier was fitted with feature names
  warnings.warn(
C:\Users\yukik\fx-ai-trading\.venv\Lib\site-packages\sklearn\utils\validation.py:2691: UserWarning: X does not have valid feature names, but LGBMClassifier was fitted with feature names
  warnings.warn(
C:\Users\yukik\fx-ai-trading\.venv\Lib\site-packages\sklearn\utils\validation.py:2691: UserWarning: X does not have valid feature names, but LGBMClassifier was fitted with feature names
  warnings.warn(
C:\Users\yukik\fx-ai-trading\.venv\Lib\site-packages\sklearn\utils\validation.py:2691: UserWarning: X does not have valid feature names, but LGBMClassifier was fitted with feature names
  warnings.warn(
C:\Users\yukik\fx-ai-trading\.venv\Lib\site-packages\sklearn\utils\validation.py:2691: UserWarning: X does not have valid feature names, but LGBMClassifier was fitted with feature names
  warnings.warn(
C:\Users\yukik\fx-ai-trading\.venv\Lib\site-packages\sklearn\utils\validation.py:2691: UserWarning: X does not have valid feature names, but LGBMClassifier was fitted with feature names
  warnings.warn(
C:\Users\yukik\fx-ai-trading\.venv\Lib\site-packages\sklearn\utils\validation.py:2691: UserWarning: X does not have valid feature names, but LGBMClassifier was fitted with feature names
  warnings.warn(
C:\Users\yukik\fx-ai-trading\.venv\Lib\site-packages\sklearn\utils\validation.py:2691: UserWarning: X does not have valid feature names, but LGBMClassifier was fitted with feature names
  warnings.warn(
C:\Users\yukik\fx-ai-trading\.venv\Lib\site-packages\sklearn\utils\validation.py:2691: UserWarning: X does not have valid feature names, but LGBMClassifier was fitted with feature names
  warnings.warn(
C:\Users\yukik\fx-ai-trading\.venv\Lib\site-packages\sklearn\utils\validation.py:2691: UserWarning: X does not have valid feature names, but LGBMClassifier was fitted with feature names
  warnings.warn(
C:\Users\yukik\fx-ai-trading\.venv\Lib\site-packages\sklearn\utils\validation.py:2691: UserWarning: X does not have valid feature names, but LGBMClassifier was fitted with feature names
  warnings.warn(
C:\Users\yukik\fx-ai-trading\.venv\Lib\site-packages\sklearn\utils\validation.py:2691: UserWarning: X does not have valid feature names, but LGBMClassifier was fitted with feature names
  warnings.warn(
C:\Users\yukik\fx-ai-trading\.venv\Lib\site-packages\sklearn\utils\validation.py:2691: UserWarning: X does not have valid feature names, but LGBMClassifier was fitted with feature names
  warnings.warn(
C:\Users\yukik\fx-ai-trading\.venv\Lib\site-packages\sklearn\utils\validation.py:2691: UserWarning: X does not have valid feature names, but LGBMClassifier was fitted with feature names
  warnings.warn(
C:\Users\yukik\fx-ai-trading\.venv\Lib\site-packages\sklearn\utils\validation.py:2691: UserWarning: X does not have valid feature names, but LGBMClassifier was fitted with feature names
  warnings.warn(
C:\Users\yukik\fx-ai-trading\.venv\Lib\site-packages\sklearn\utils\validation.py:2691: UserWarning: X does not have valid feature names, but LGBMClassifier was fitted with feature names
  warnings.warn(
C:\Users\yukik\fx-ai-trading\.venv\Lib\site-packages\sklearn\utils\validation.py:2691: UserWarning: X does not have valid feature names, but LGBMClassifier was fitted with feature names
  warnings.warn(
C:\Users\yukik\fx-ai-trading\.venv\Lib\site-packages\sklearn\utils\validation.py:2691: UserWarning: X does not have valid feature names, but LGBMClassifier was fitted with feature names
  warnings.warn(
C:\Users\yukik\fx-ai-trading\.venv\Lib\site-packages\sklearn\utils\validation.py:2691: UserWarning: X does not have valid feature names, but LGBMClassifier was fitted with feature names
  warnings.warn(
C:\Users\yukik\fx-ai-trading\.venv\Lib\site-packages\sklearn\utils\validation.py:2691: UserWarning: X does not have valid feature names, but LGBMClassifier was fitted with feature names
  warnings.warn(
C:\Users\yukik\fx-ai-trading\.venv\Lib\site-packages\sklearn\utils\validation.py:2691: UserWarning: X does not have valid feature names, but LGBMClassifier was fitted with feature names
  warnings.warn(
C:\Users\yukik\fx-ai-trading\.venv\Lib\site-packages\sklearn\utils\validation.py:2691: UserWarning: X does not have valid feature names, but LGBMClassifier was fitted with feature names
  warnings.warn(
C:\Users\yukik\fx-ai-trading\.venv\Lib\site-packages\sklearn\utils\validation.py:2691: UserWarning: X does not have valid feature names, but LGBMClassifier was fitted with feature names
  warnings.warn(
C:\Users\yukik\fx-ai-trading\.venv\Lib\site-packages\sklearn\utils\validation.py:2691: UserWarning: X does not have valid feature names, but LGBMClassifier was fitted with feature names
  warnings.warn(
C:\Users\yukik\fx-ai-trading\.venv\Lib\site-packages\sklearn\utils\validation.py:2691: UserWarning: X does not have valid feature names, but LGBMClassifier was fitted with feature names
  warnings.warn(
  conf=0.30  Sharpe=-0.1813  hit= 29.0%  n= 1,604  PnL=   -2499.6  MaxDD= -2618.7  (33s)
C:\Users\yukik\fx-ai-trading\.venv\Lib\site-packages\sklearn\utils\validation.py:2691: UserWarning: X does not have valid feature names, but LGBMClassifier was fitted with feature names
  warnings.warn(
C:\Users\yukik\fx-ai-trading\.venv\Lib\site-packages\sklearn\utils\validation.py:2691: UserWarning: X does not have valid feature names, but LGBMClassifier was fitted with feature names
  warnings.warn(
C:\Users\yukik\fx-ai-trading\.venv\Lib\site-packages\sklearn\utils\validation.py:2691: UserWarning: X does not have valid feature names, but LGBMClassifier was fitted with feature names
  warnings.warn(
C:\Users\yukik\fx-ai-trading\.venv\Lib\site-packages\sklearn\utils\validation.py:2691: UserWarning: X does not have valid feature names, but LGBMClassifier was fitted with feature names
  warnings.warn(
C:\Users\yukik\fx-ai-trading\.venv\Lib\site-packages\sklearn\utils\validation.py:2691: UserWarning: X does not have valid feature names, but LGBMClassifier was fitted with feature names
  warnings.warn(
C:\Users\yukik\fx-ai-trading\.venv\Lib\site-packages\sklearn\utils\validation.py:2691: UserWarning: X does not have valid feature names, but LGBMClassifier was fitted with feature names
  warnings.warn(
C:\Users\yukik\fx-ai-trading\.venv\Lib\site-packages\sklearn\utils\validation.py:2691: UserWarning: X does not have valid feature names, but LGBMClassifier was fitted with feature names
  warnings.warn(
C:\Users\yukik\fx-ai-trading\.venv\Lib\site-packages\sklearn\utils\validation.py:2691: UserWarning: X does not have valid feature names, but LGBMClassifier was fitted with feature names
  warnings.warn(
C:\Users\yukik\fx-ai-trading\.venv\Lib\site-packages\sklearn\utils\validation.py:2691: UserWarning: X does not have valid feature names, but LGBMClassifier was fitted with feature names
  warnings.warn(
C:\Users\yukik\fx-ai-trading\.venv\Lib\site-packages\sklearn\utils\validation.py:2691: UserWarning: X does not have valid feature names, but LGBMClassifier was fitted with feature names
  warnings.warn(
C:\Users\yukik\fx-ai-trading\.venv\Lib\site-packages\sklearn\utils\validation.py:2691: UserWarning: X does not have valid feature names, but LGBMClassifier was fitted with feature names
  warnings.warn(
C:\Users\yukik\fx-ai-trading\.venv\Lib\site-packages\sklearn\utils\validation.py:2691: UserWarning: X does not have valid feature names, but LGBMClassifier was fitted with feature names
  warnings.warn(
C:\Users\yukik\fx-ai-trading\.venv\Lib\site-packages\sklearn\utils\validation.py:2691: UserWarning: X does not have valid feature names, but LGBMClassifier was fitted with feature names
  warnings.warn(
C:\Users\yukik\fx-ai-trading\.venv\Lib\site-packages\sklearn\utils\validation.py:2691: UserWarning: X does not have valid feature names, but LGBMClassifier was fitted with feature names
  warnings.warn(
C:\Users\yukik\fx-ai-trading\.venv\Lib\site-packages\sklearn\utils\validation.py:2691: UserWarning: X does not have valid feature names, but LGBMClassifier was fitted with feature names
  warnings.warn(
C:\Users\yukik\fx-ai-trading\.venv\Lib\site-packages\sklearn\utils\validation.py:2691: UserWarning: X does not have valid feature names, but LGBMClassifier was fitted with feature names
  warnings.warn(
C:\Users\yukik\fx-ai-trading\.venv\Lib\site-packages\sklearn\utils\validation.py:2691: UserWarning: X does not have valid feature names, but LGBMClassifier was fitted with feature names
  warnings.warn(
C:\Users\yukik\fx-ai-trading\.venv\Lib\site-packages\sklearn\utils\validation.py:2691: UserWarning: X does not have valid feature names, but LGBMClassifier was fitted with feature names
  warnings.warn(
C:\Users\yukik\fx-ai-trading\.venv\Lib\site-packages\sklearn\utils\validation.py:2691: UserWarning: X does not have valid feature names, but LGBMClassifier was fitted with feature names
  warnings.warn(
C:\Users\yukik\fx-ai-trading\.venv\Lib\site-packages\sklearn\utils\validation.py:2691: UserWarning: X does not have valid feature names, but LGBMClassifier was fitted with feature names
  warnings.warn(
C:\Users\yukik\fx-ai-trading\.venv\Lib\site-packages\sklearn\utils\validation.py:2691: UserWarning: X does not have valid feature names, but LGBMClassifier was fitted with feature names
  warnings.warn(
C:\Users\yukik\fx-ai-trading\.venv\Lib\site-packages\sklearn\utils\validation.py:2691: UserWarning: X does not have valid feature names, but LGBMClassifier was fitted with feature names
  warnings.warn(
C:\Users\yukik\fx-ai-trading\.venv\Lib\site-packages\sklearn\utils\validation.py:2691: UserWarning: X does not have valid feature names, but LGBMClassifier was fitted with feature names
  warnings.warn(
C:\Users\yukik\fx-ai-trading\.venv\Lib\site-packages\sklearn\utils\validation.py:2691: UserWarning: X does not have valid feature names, but LGBMClassifier was fitted with feature names
  warnings.warn(
C:\Users\yukik\fx-ai-trading\.venv\Lib\site-packages\sklearn\utils\validation.py:2691: UserWarning: X does not have valid feature names, but LGBMClassifier was fitted with feature names
  warnings.warn(
C:\Users\yukik\fx-ai-trading\.venv\Lib\site-packages\sklearn\utils\validation.py:2691: UserWarning: X does not have valid feature names, but LGBMClassifier was fitted with feature names
  warnings.warn(
C:\Users\yukik\fx-ai-trading\.venv\Lib\site-packages\sklearn\utils\validation.py:2691: UserWarning: X does not have valid feature names, but LGBMClassifier was fitted with feature names
  warnings.warn(
C:\Users\yukik\fx-ai-trading\.venv\Lib\site-packages\sklearn\utils\validation.py:2691: UserWarning: X does not have valid feature names, but LGBMClassifier was fitted with feature names
  warnings.warn(
C:\Users\yukik\fx-ai-trading\.venv\Lib\site-packages\sklearn\utils\validation.py:2691: UserWarning: X does not have valid feature names, but LGBMClassifier was fitted with feature names
  warnings.warn(
C:\Users\yukik\fx-ai-trading\.venv\Lib\site-packages\sklearn\utils\validation.py:2691: UserWarning: X does not have valid feature names, but LGBMClassifier was fitted with feature names
  warnings.warn(
C:\Users\yukik\fx-ai-trading\.venv\Lib\site-packages\sklearn\utils\validation.py:2691: UserWarning: X does not have valid feature names, but LGBMClassifier was fitted with feature names
  warnings.warn(
C:\Users\yukik\fx-ai-trading\.venv\Lib\site-packages\sklearn\utils\validation.py:2691: UserWarning: X does not have valid feature names, but LGBMClassifier was fitted with feature names
  warnings.warn(
C:\Users\yukik\fx-ai-trading\.venv\Lib\site-packages\sklearn\utils\validation.py:2691: UserWarning: X does not have valid feature names, but LGBMClassifier was fitted with feature names
  warnings.warn(
C:\Users\yukik\fx-ai-trading\.venv\Lib\site-packages\sklearn\utils\validation.py:2691: UserWarning: X does not have valid feature names, but LGBMClassifier was fitted with feature names
  warnings.warn(
C:\Users\yukik\fx-ai-trading\.venv\Lib\site-packages\sklearn\utils\validation.py:2691: UserWarning: X does not have valid feature names, but LGBMClassifier was fitted with feature names
  warnings.warn(
C:\Users\yukik\fx-ai-trading\.venv\Lib\site-packages\sklearn\utils\validation.py:2691: UserWarning: X does not have valid feature names, but LGBMClassifier was fitted with feature names
  warnings.warn(
C:\Users\yukik\fx-ai-trading\.venv\Lib\site-packages\sklearn\utils\validation.py:2691: UserWarning: X does not have valid feature names, but LGBMClassifier was fitted with feature names
  warnings.warn(
C:\Users\yukik\fx-ai-trading\.venv\Lib\site-packages\sklearn\utils\validation.py:2691: UserWarning: X does not have valid feature names, but LGBMClassifier was fitted with feature names
  warnings.warn(
C:\Users\yukik\fx-ai-trading\.venv\Lib\site-packages\sklearn\utils\validation.py:2691: UserWarning: X does not have valid feature names, but LGBMClassifier was fitted with feature names
  warnings.warn(
C:\Users\yukik\fx-ai-trading\.venv\Lib\site-packages\sklearn\utils\validation.py:2691: UserWarning: X does not have valid feature names, but LGBMClassifier was fitted with feature names
  warnings.warn(
C:\Users\yukik\fx-ai-trading\.venv\Lib\site-packages\sklearn\utils\validation.py:2691: UserWarning: X does not have valid feature names, but LGBMClassifier was fitted with feature names
  warnings.warn(
C:\Users\yukik\fx-ai-trading\.venv\Lib\site-packages\sklearn\utils\validation.py:2691: UserWarning: X does not have valid feature names, but LGBMClassifier was fitted with feature names
  warnings.warn(
C:\Users\yukik\fx-ai-trading\.venv\Lib\site-packages\sklearn\utils\validation.py:2691: UserWarning: X does not have valid feature names, but LGBMClassifier was fitted with feature names
  warnings.warn(
C:\Users\yukik\fx-ai-trading\.venv\Lib\site-packages\sklearn\utils\validation.py:2691: UserWarning: X does not have valid feature names, but LGBMClassifier was fitted with feature names
  warnings.warn(
C:\Users\yukik\fx-ai-trading\.venv\Lib\site-packages\sklearn\utils\validation.py:2691: UserWarning: X does not have valid feature names, but LGBMClassifier was fitted with feature names
  warnings.warn(
C:\Users\yukik\fx-ai-trading\.venv\Lib\site-packages\sklearn\utils\validation.py:2691: UserWarning: X does not have valid feature names, but LGBMClassifier was fitted with feature names
  warnings.warn(
C:\Users\yukik\fx-ai-trading\.venv\Lib\site-packages\sklearn\utils\validation.py:2691: UserWarning: X does not have valid feature names, but LGBMClassifier was fitted with feature names
  warnings.warn(
C:\Users\yukik\fx-ai-trading\.venv\Lib\site-packages\sklearn\utils\validation.py:2691: UserWarning: X does not have valid feature names, but LGBMClassifier was fitted with feature names
  warnings.warn(
C:\Users\yukik\fx-ai-trading\.venv\Lib\site-packages\sklearn\utils\validation.py:2691: UserWarning: X does not have valid feature names, but LGBMClassifier was fitted with feature names
  warnings.warn(
C:\Users\yukik\fx-ai-trading\.venv\Lib\site-packages\sklearn\utils\validation.py:2691: UserWarning: X does not have valid feature names, but LGBMClassifier was fitted with feature names
  warnings.warn(
C:\Users\yukik\fx-ai-trading\.venv\Lib\site-packages\sklearn\utils\validation.py:2691: UserWarning: X does not have valid feature names, but LGBMClassifier was fitted with feature names
  warnings.warn(
C:\Users\yukik\fx-ai-trading\.venv\Lib\site-packages\sklearn\utils\validation.py:2691: UserWarning: X does not have valid feature names, but LGBMClassifier was fitted with feature names
  warnings.warn(
C:\Users\yukik\fx-ai-trading\.venv\Lib\site-packages\sklearn\utils\validation.py:2691: UserWarning: X does not have valid feature names, but LGBMClassifier was fitted with feature names
  warnings.warn(
C:\Users\yukik\fx-ai-trading\.venv\Lib\site-packages\sklearn\utils\validation.py:2691: UserWarning: X does not have valid feature names, but LGBMClassifier was fitted with feature names
  warnings.warn(
C:\Users\yukik\fx-ai-trading\.venv\Lib\site-packages\sklearn\utils\validation.py:2691: UserWarning: X does not have valid feature names, but LGBMClassifier was fitted with feature names
  warnings.warn(
C:\Users\yukik\fx-ai-trading\.venv\Lib\site-packages\sklearn\utils\validation.py:2691: UserWarning: X does not have valid feature names, but LGBMClassifier was fitted with feature names
  warnings.warn(
C:\Users\yukik\fx-ai-trading\.venv\Lib\site-packages\sklearn\utils\validation.py:2691: UserWarning: X does not have valid feature names, but LGBMClassifier was fitted with feature names
  warnings.warn(
C:\Users\yukik\fx-ai-trading\.venv\Lib\site-packages\sklearn\utils\validation.py:2691: UserWarning: X does not have valid feature names, but LGBMClassifier was fitted with feature names
  warnings.warn(
C:\Users\yukik\fx-ai-trading\.venv\Lib\site-packages\sklearn\utils\validation.py:2691: UserWarning: X does not have valid feature names, but LGBMClassifier was fitted with feature names
  warnings.warn(
C:\Users\yukik\fx-ai-trading\.venv\Lib\site-packages\sklearn\utils\validation.py:2691: UserWarning: X does not have valid feature names, but LGBMClassifier was fitted with feature names
  warnings.warn(
C:\Users\yukik\fx-ai-trading\.venv\Lib\site-packages\sklearn\utils\validation.py:2691: UserWarning: X does not have valid feature names, but LGBMClassifier was fitted with feature names
  warnings.warn(
C:\Users\yukik\fx-ai-trading\.venv\Lib\site-packages\sklearn\utils\validation.py:2691: UserWarning: X does not have valid feature names, but LGBMClassifier was fitted with feature names
  warnings.warn(
C:\Users\yukik\fx-ai-trading\.venv\Lib\site-packages\sklearn\utils\validation.py:2691: UserWarning: X does not have valid feature names, but LGBMClassifier was fitted with feature names
  warnings.warn(
C:\Users\yukik\fx-ai-trading\.venv\Lib\site-packages\sklearn\utils\validation.py:2691: UserWarning: X does not have valid feature names, but LGBMClassifier was fitted with feature names
  warnings.warn(
C:\Users\yukik\fx-ai-trading\.venv\Lib\site-packages\sklearn\utils\validation.py:2691: UserWarning: X does not have valid feature names, but LGBMClassifier was fitted with feature names
  warnings.warn(
C:\Users\yukik\fx-ai-trading\.venv\Lib\site-packages\sklearn\utils\validation.py:2691: UserWarning: X does not have valid feature names, but LGBMClassifier was fitted with feature names
  warnings.warn(
C:\Users\yukik\fx-ai-trading\.venv\Lib\site-packages\sklearn\utils\validation.py:2691: UserWarning: X does not have valid feature names, but LGBMClassifier was fitted with feature names
  warnings.warn(
C:\Users\yukik\fx-ai-trading\.venv\Lib\site-packages\sklearn\utils\validation.py:2691: UserWarning: X does not have valid feature names, but LGBMClassifier was fitted with feature names
  warnings.warn(
C:\Users\yukik\fx-ai-trading\.venv\Lib\site-packages\sklearn\utils\validation.py:2691: UserWarning: X does not have valid feature names, but LGBMClassifier was fitted with feature names
  warnings.warn(
C:\Users\yukik\fx-ai-trading\.venv\Lib\site-packages\sklearn\utils\validation.py:2691: UserWarning: X does not have valid feature names, but LGBMClassifier was fitted with feature names
  warnings.warn(
C:\Users\yukik\fx-ai-trading\.venv\Lib\site-packages\sklearn\utils\validation.py:2691: UserWarning: X does not have valid feature names, but LGBMClassifier was fitted with feature names
  warnings.warn(
C:\Users\yukik\fx-ai-trading\.venv\Lib\site-packages\sklearn\utils\validation.py:2691: UserWarning: X does not have valid feature names, but LGBMClassifier was fitted with feature names
  warnings.warn(
C:\Users\yukik\fx-ai-trading\.venv\Lib\site-packages\sklearn\utils\validation.py:2691: UserWarning: X does not have valid feature names, but LGBMClassifier was fitted with feature names
  warnings.warn(
C:\Users\yukik\fx-ai-trading\.venv\Lib\site-packages\sklearn\utils\validation.py:2691: UserWarning: X does not have valid feature names, but LGBMClassifier was fitted with feature names
  warnings.warn(
C:\Users\yukik\fx-ai-trading\.venv\Lib\site-packages\sklearn\utils\validation.py:2691: UserWarning: X does not have valid feature names, but LGBMClassifier was fitted with feature names
  warnings.warn(
C:\Users\yukik\fx-ai-trading\.venv\Lib\site-packages\sklearn\utils\validation.py:2691: UserWarning: X does not have valid feature names, but LGBMClassifier was fitted with feature names
  warnings.warn(
C:\Users\yukik\fx-ai-trading\.venv\Lib\site-packages\sklearn\utils\validation.py:2691: UserWarning: X does not have valid feature names, but LGBMClassifier was fitted with feature names
  warnings.warn(
C:\Users\yukik\fx-ai-trading\.venv\Lib\site-packages\sklearn\utils\validation.py:2691: UserWarning: X does not have valid feature names, but LGBMClassifier was fitted with feature names
  warnings.warn(
C:\Users\yukik\fx-ai-trading\.venv\Lib\site-packages\sklearn\utils\validation.py:2691: UserWarning: X does not have valid feature names, but LGBMClassifier was fitted with feature names
  warnings.warn(
C:\Users\yukik\fx-ai-trading\.venv\Lib\site-packages\sklearn\utils\validation.py:2691: UserWarning: X does not have valid feature names, but LGBMClassifier was fitted with feature names
  warnings.warn(
C:\Users\yukik\fx-ai-trading\.venv\Lib\site-packages\sklearn\utils\validation.py:2691: UserWarning: X does not have valid feature names, but LGBMClassifier was fitted with feature names
  warnings.warn(
C:\Users\yukik\fx-ai-trading\.venv\Lib\site-packages\sklearn\utils\validation.py:2691: UserWarning: X does not have valid feature names, but LGBMClassifier was fitted with feature names
  warnings.warn(
C:\Users\yukik\fx-ai-trading\.venv\Lib\site-packages\sklearn\utils\validation.py:2691: UserWarning: X does not have valid feature names, but LGBMClassifier was fitted with feature names
  warnings.warn(
C:\Users\yukik\fx-ai-trading\.venv\Lib\site-packages\sklearn\utils\validation.py:2691: UserWarning: X does not have valid feature names, but LGBMClassifier was fitted with feature names
  warnings.warn(
C:\Users\yukik\fx-ai-trading\.venv\Lib\site-packages\sklearn\utils\validation.py:2691: UserWarning: X does not have valid feature names, but LGBMClassifier was fitted with feature names
  warnings.warn(
C:\Users\yukik\fx-ai-trading\.venv\Lib\site-packages\sklearn\utils\validation.py:2691: UserWarning: X does not have valid feature names, but LGBMClassifier was fitted with feature names
  warnings.warn(
C:\Users\yukik\fx-ai-trading\.venv\Lib\site-packages\sklearn\utils\validation.py:2691: UserWarning: X does not have valid feature names, but LGBMClassifier was fitted with feature names
  warnings.warn(
C:\Users\yukik\fx-ai-trading\.venv\Lib\site-packages\sklearn\utils\validation.py:2691: UserWarning: X does not have valid feature names, but LGBMClassifier was fitted with feature names
  warnings.warn(
C:\Users\yukik\fx-ai-trading\.venv\Lib\site-packages\sklearn\utils\validation.py:2691: UserWarning: X does not have valid feature names, but LGBMClassifier was fitted with feature names
  warnings.warn(
C:\Users\yukik\fx-ai-trading\.venv\Lib\site-packages\sklearn\utils\validation.py:2691: UserWarning: X does not have valid feature names, but LGBMClassifier was fitted with feature names
  warnings.warn(
C:\Users\yukik\fx-ai-trading\.venv\Lib\site-packages\sklearn\utils\validation.py:2691: UserWarning: X does not have valid feature names, but LGBMClassifier was fitted with feature names
  warnings.warn(
C:\Users\yukik\fx-ai-trading\.venv\Lib\site-packages\sklearn\utils\validation.py:2691: UserWarning: X does not have valid feature names, but LGBMClassifier was fitted with feature names
  warnings.warn(
C:\Users\yukik\fx-ai-trading\.venv\Lib\site-packages\sklearn\utils\validation.py:2691: UserWarning: X does not have valid feature names, but LGBMClassifier was fitted with feature names
  warnings.warn(
C:\Users\yukik\fx-ai-trading\.venv\Lib\site-packages\sklearn\utils\validation.py:2691: UserWarning: X does not have valid feature names, but LGBMClassifier was fitted with feature names
  warnings.warn(
C:\Users\yukik\fx-ai-trading\.venv\Lib\site-packages\sklearn\utils\validation.py:2691: UserWarning: X does not have valid feature names, but LGBMClassifier was fitted with feature names
  warnings.warn(
C:\Users\yukik\fx-ai-trading\.venv\Lib\site-packages\sklearn\utils\validation.py:2691: UserWarning: X does not have valid feature names, but LGBMClassifier was fitted with feature names
  warnings.warn(
C:\Users\yukik\fx-ai-trading\.venv\Lib\site-packages\sklearn\utils\validation.py:2691: UserWarning: X does not have valid feature names, but LGBMClassifier was fitted with feature names
  warnings.warn(
C:\Users\yukik\fx-ai-trading\.venv\Lib\site-packages\sklearn\utils\validation.py:2691: UserWarning: X does not have valid feature names, but LGBMClassifier was fitted with feature names
  warnings.warn(
C:\Users\yukik\fx-ai-trading\.venv\Lib\site-packages\sklearn\utils\validation.py:2691: UserWarning: X does not have valid feature names, but LGBMClassifier was fitted with feature names
  warnings.warn(
C:\Users\yukik\fx-ai-trading\.venv\Lib\site-packages\sklearn\utils\validation.py:2691: UserWarning: X does not have valid feature names, but LGBMClassifier was fitted with feature names
  warnings.warn(
  conf=0.35  Sharpe=-0.0769  hit= 33.0%  n=   403  PnL=    -357.1  MaxDD=  -514.7  (32s)
C:\Users\yukik\fx-ai-trading\.venv\Lib\site-packages\sklearn\utils\validation.py:2691: UserWarning: X does not have valid feature names, but LGBMClassifier was fitted with feature names
  warnings.warn(
C:\Users\yukik\fx-ai-trading\.venv\Lib\site-packages\sklearn\utils\validation.py:2691: UserWarning: X does not have valid feature names, but LGBMClassifier was fitted with feature names
  warnings.warn(
C:\Users\yukik\fx-ai-trading\.venv\Lib\site-packages\sklearn\utils\validation.py:2691: UserWarning: X does not have valid feature names, but LGBMClassifier was fitted with feature names
  warnings.warn(
C:\Users\yukik\fx-ai-trading\.venv\Lib\site-packages\sklearn\utils\validation.py:2691: UserWarning: X does not have valid feature names, but LGBMClassifier was fitted with feature names
  warnings.warn(
C:\Users\yukik\fx-ai-trading\.venv\Lib\site-packages\sklearn\utils\validation.py:2691: UserWarning: X does not have valid feature names, but LGBMClassifier was fitted with feature names
  warnings.warn(
C:\Users\yukik\fx-ai-trading\.venv\Lib\site-packages\sklearn\utils\validation.py:2691: UserWarning: X does not have valid feature names, but LGBMClassifier was fitted with feature names
  warnings.warn(
C:\Users\yukik\fx-ai-trading\.venv\Lib\site-packages\sklearn\utils\validation.py:2691: UserWarning: X does not have valid feature names, but LGBMClassifier was fitted with feature names
  warnings.warn(
C:\Users\yukik\fx-ai-trading\.venv\Lib\site-packages\sklearn\utils\validation.py:2691: UserWarning: X does not have valid feature names, but LGBMClassifier was fitted with feature names
  warnings.warn(
C:\Users\yukik\fx-ai-trading\.venv\Lib\site-packages\sklearn\utils\validation.py:2691: UserWarning: X does not have valid feature names, but LGBMClassifier was fitted with feature names
  warnings.warn(
C:\Users\yukik\fx-ai-trading\.venv\Lib\site-packages\sklearn\utils\validation.py:2691: UserWarning: X does not have valid feature names, but LGBMClassifier was fitted with feature names
  warnings.warn(
C:\Users\yukik\fx-ai-trading\.venv\Lib\site-packages\sklearn\utils\validation.py:2691: UserWarning: X does not have valid feature names, but LGBMClassifier was fitted with feature names
  warnings.warn(
C:\Users\yukik\fx-ai-trading\.venv\Lib\site-packages\sklearn\utils\validation.py:2691: UserWarning: X does not have valid feature names, but LGBMClassifier was fitted with feature names
  warnings.warn(
C:\Users\yukik\fx-ai-trading\.venv\Lib\site-packages\sklearn\utils\validation.py:2691: UserWarning: X does not have valid feature names, but LGBMClassifier was fitted with feature names
  warnings.warn(
C:\Users\yukik\fx-ai-trading\.venv\Lib\site-packages\sklearn\utils\validation.py:2691: UserWarning: X does not have valid feature names, but LGBMClassifier was fitted with feature names
  warnings.warn(
C:\Users\yukik\fx-ai-trading\.venv\Lib\site-packages\sklearn\utils\validation.py:2691: UserWarning: X does not have valid feature names, but LGBMClassifier was fitted with feature names
  warnings.warn(
C:\Users\yukik\fx-ai-trading\.venv\Lib\site-packages\sklearn\utils\validation.py:2691: UserWarning: X does not have valid feature names, but LGBMClassifier was fitted with feature names
  warnings.warn(
C:\Users\yukik\fx-ai-trading\.venv\Lib\site-packages\sklearn\utils\validation.py:2691: UserWarning: X does not have valid feature names, but LGBMClassifier was fitted with feature names
  warnings.warn(
C:\Users\yukik\fx-ai-trading\.venv\Lib\site-packages\sklearn\utils\validation.py:2691: UserWarning: X does not have valid feature names, but LGBMClassifier was fitted with feature names
  warnings.warn(
C:\Users\yukik\fx-ai-trading\.venv\Lib\site-packages\sklearn\utils\validation.py:2691: UserWarning: X does not have valid feature names, but LGBMClassifier was fitted with feature names
  warnings.warn(
C:\Users\yukik\fx-ai-trading\.venv\Lib\site-packages\sklearn\utils\validation.py:2691: UserWarning: X does not have valid feature names, but LGBMClassifier was fitted with feature names
  warnings.warn(
C:\Users\yukik\fx-ai-trading\.venv\Lib\site-packages\sklearn\utils\validation.py:2691: UserWarning: X does not have valid feature names, but LGBMClassifier was fitted with feature names
  warnings.warn(
C:\Users\yukik\fx-ai-trading\.venv\Lib\site-packages\sklearn\utils\validation.py:2691: UserWarning: X does not have valid feature names, but LGBMClassifier was fitted with feature names
  warnings.warn(
C:\Users\yukik\fx-ai-trading\.venv\Lib\site-packages\sklearn\utils\validation.py:2691: UserWarning: X does not have valid feature names, but LGBMClassifier was fitted with feature names
  warnings.warn(
C:\Users\yukik\fx-ai-trading\.venv\Lib\site-packages\sklearn\utils\validation.py:2691: UserWarning: X does not have valid feature names, but LGBMClassifier was fitted with feature names
  warnings.warn(
C:\Users\yukik\fx-ai-trading\.venv\Lib\site-packages\sklearn\utils\validation.py:2691: UserWarning: X does not have valid feature names, but LGBMClassifier was fitted with feature names
  warnings.warn(
C:\Users\yukik\fx-ai-trading\.venv\Lib\site-packages\sklearn\utils\validation.py:2691: UserWarning: X does not have valid feature names, but LGBMClassifier was fitted with feature names
  warnings.warn(
C:\Users\yukik\fx-ai-trading\.venv\Lib\site-packages\sklearn\utils\validation.py:2691: UserWarning: X does not have valid feature names, but LGBMClassifier was fitted with feature names
  warnings.warn(
C:\Users\yukik\fx-ai-trading\.venv\Lib\site-packages\sklearn\utils\validation.py:2691: UserWarning: X does not have valid feature names, but LGBMClassifier was fitted with feature names
  warnings.warn(
C:\Users\yukik\fx-ai-trading\.venv\Lib\site-packages\sklearn\utils\validation.py:2691: UserWarning: X does not have valid feature names, but LGBMClassifier was fitted with feature names
  warnings.warn(
C:\Users\yukik\fx-ai-trading\.venv\Lib\site-packages\sklearn\utils\validation.py:2691: UserWarning: X does not have valid feature names, but LGBMClassifier was fitted with feature names
  warnings.warn(
C:\Users\yukik\fx-ai-trading\.venv\Lib\site-packages\sklearn\utils\validation.py:2691: UserWarning: X does not have valid feature names, but LGBMClassifier was fitted with feature names
  warnings.warn(
C:\Users\yukik\fx-ai-trading\.venv\Lib\site-packages\sklearn\utils\validation.py:2691: UserWarning: X does not have valid feature names, but LGBMClassifier was fitted with feature names
  warnings.warn(
C:\Users\yukik\fx-ai-trading\.venv\Lib\site-packages\sklearn\utils\validation.py:2691: UserWarning: X does not have valid feature names, but LGBMClassifier was fitted with feature names
  warnings.warn(
C:\Users\yukik\fx-ai-trading\.venv\Lib\site-packages\sklearn\utils\validation.py:2691: UserWarning: X does not have valid feature names, but LGBMClassifier was fitted with feature names
  warnings.warn(
C:\Users\yukik\fx-ai-trading\.venv\Lib\site-packages\sklearn\utils\validation.py:2691: UserWarning: X does not have valid feature names, but LGBMClassifier was fitted with feature names
  warnings.warn(
C:\Users\yukik\fx-ai-trading\.venv\Lib\site-packages\sklearn\utils\validation.py:2691: UserWarning: X does not have valid feature names, but LGBMClassifier was fitted with feature names
  warnings.warn(
C:\Users\yukik\fx-ai-trading\.venv\Lib\site-packages\sklearn\utils\validation.py:2691: UserWarning: X does not have valid feature names, but LGBMClassifier was fitted with feature names
  warnings.warn(
C:\Users\yukik\fx-ai-trading\.venv\Lib\site-packages\sklearn\utils\validation.py:2691: UserWarning: X does not have valid feature names, but LGBMClassifier was fitted with feature names
  warnings.warn(
C:\Users\yukik\fx-ai-trading\.venv\Lib\site-packages\sklearn\utils\validation.py:2691: UserWarning: X does not have valid feature names, but LGBMClassifier was fitted with feature names
  warnings.warn(
C:\Users\yukik\fx-ai-trading\.venv\Lib\site-packages\sklearn\utils\validation.py:2691: UserWarning: X does not have valid feature names, but LGBMClassifier was fitted with feature names
  warnings.warn(
C:\Users\yukik\fx-ai-trading\.venv\Lib\site-packages\sklearn\utils\validation.py:2691: UserWarning: X does not have valid feature names, but LGBMClassifier was fitted with feature names
  warnings.warn(
C:\Users\yukik\fx-ai-trading\.venv\Lib\site-packages\sklearn\utils\validation.py:2691: UserWarning: X does not have valid feature names, but LGBMClassifier was fitted with feature names
  warnings.warn(
C:\Users\yukik\fx-ai-trading\.venv\Lib\site-packages\sklearn\utils\validation.py:2691: UserWarning: X does not have valid feature names, but LGBMClassifier was fitted with feature names
  warnings.warn(
C:\Users\yukik\fx-ai-trading\.venv\Lib\site-packages\sklearn\utils\validation.py:2691: UserWarning: X does not have valid feature names, but LGBMClassifier was fitted with feature names
  warnings.warn(
C:\Users\yukik\fx-ai-trading\.venv\Lib\site-packages\sklearn\utils\validation.py:2691: UserWarning: X does not have valid feature names, but LGBMClassifier was fitted with feature names
  warnings.warn(
C:\Users\yukik\fx-ai-trading\.venv\Lib\site-packages\sklearn\utils\validation.py:2691: UserWarning: X does not have valid feature names, but LGBMClassifier was fitted with feature names
  warnings.warn(
C:\Users\yukik\fx-ai-trading\.venv\Lib\site-packages\sklearn\utils\validation.py:2691: UserWarning: X does not have valid feature names, but LGBMClassifier was fitted with feature names
  warnings.warn(
C:\Users\yukik\fx-ai-trading\.venv\Lib\site-packages\sklearn\utils\validation.py:2691: UserWarning: X does not have valid feature names, but LGBMClassifier was fitted with feature names
  warnings.warn(
C:\Users\yukik\fx-ai-trading\.venv\Lib\site-packages\sklearn\utils\validation.py:2691: UserWarning: X does not have valid feature names, but LGBMClassifier was fitted with feature names
  warnings.warn(
C:\Users\yukik\fx-ai-trading\.venv\Lib\site-packages\sklearn\utils\validation.py:2691: UserWarning: X does not have valid feature names, but LGBMClassifier was fitted with feature names
  warnings.warn(
C:\Users\yukik\fx-ai-trading\.venv\Lib\site-packages\sklearn\utils\validation.py:2691: UserWarning: X does not have valid feature names, but LGBMClassifier was fitted with feature names
  warnings.warn(
C:\Users\yukik\fx-ai-trading\.venv\Lib\site-packages\sklearn\utils\validation.py:2691: UserWarning: X does not have valid feature names, but LGBMClassifier was fitted with feature names
  warnings.warn(
C:\Users\yukik\fx-ai-trading\.venv\Lib\site-packages\sklearn\utils\validation.py:2691: UserWarning: X does not have valid feature names, but LGBMClassifier was fitted with feature names
  warnings.warn(
C:\Users\yukik\fx-ai-trading\.venv\Lib\site-packages\sklearn\utils\validation.py:2691: UserWarning: X does not have valid feature names, but LGBMClassifier was fitted with feature names
  warnings.warn(
C:\Users\yukik\fx-ai-trading\.venv\Lib\site-packages\sklearn\utils\validation.py:2691: UserWarning: X does not have valid feature names, but LGBMClassifier was fitted with feature names
  warnings.warn(
C:\Users\yukik\fx-ai-trading\.venv\Lib\site-packages\sklearn\utils\validation.py:2691: UserWarning: X does not have valid feature names, but LGBMClassifier was fitted with feature names
  warnings.warn(
C:\Users\yukik\fx-ai-trading\.venv\Lib\site-packages\sklearn\utils\validation.py:2691: UserWarning: X does not have valid feature names, but LGBMClassifier was fitted with feature names
  warnings.warn(
C:\Users\yukik\fx-ai-trading\.venv\Lib\site-packages\sklearn\utils\validation.py:2691: UserWarning: X does not have valid feature names, but LGBMClassifier was fitted with feature names
  warnings.warn(
C:\Users\yukik\fx-ai-trading\.venv\Lib\site-packages\sklearn\utils\validation.py:2691: UserWarning: X does not have valid feature names, but LGBMClassifier was fitted with feature names
  warnings.warn(
C:\Users\yukik\fx-ai-trading\.venv\Lib\site-packages\sklearn\utils\validation.py:2691: UserWarning: X does not have valid feature names, but LGBMClassifier was fitted with feature names
  warnings.warn(
C:\Users\yukik\fx-ai-trading\.venv\Lib\site-packages\sklearn\utils\validation.py:2691: UserWarning: X does not have valid feature names, but LGBMClassifier was fitted with feature names
  warnings.warn(
C:\Users\yukik\fx-ai-trading\.venv\Lib\site-packages\sklearn\utils\validation.py:2691: UserWarning: X does not have valid feature names, but LGBMClassifier was fitted with feature names
  warnings.warn(
C:\Users\yukik\fx-ai-trading\.venv\Lib\site-packages\sklearn\utils\validation.py:2691: UserWarning: X does not have valid feature names, but LGBMClassifier was fitted with feature names
  warnings.warn(
C:\Users\yukik\fx-ai-trading\.venv\Lib\site-packages\sklearn\utils\validation.py:2691: UserWarning: X does not have valid feature names, but LGBMClassifier was fitted with feature names
  warnings.warn(
C:\Users\yukik\fx-ai-trading\.venv\Lib\site-packages\sklearn\utils\validation.py:2691: UserWarning: X does not have valid feature names, but LGBMClassifier was fitted with feature names
  warnings.warn(
C:\Users\yukik\fx-ai-trading\.venv\Lib\site-packages\sklearn\utils\validation.py:2691: UserWarning: X does not have valid feature names, but LGBMClassifier was fitted with feature names
  warnings.warn(
C:\Users\yukik\fx-ai-trading\.venv\Lib\site-packages\sklearn\utils\validation.py:2691: UserWarning: X does not have valid feature names, but LGBMClassifier was fitted with feature names
  warnings.warn(
C:\Users\yukik\fx-ai-trading\.venv\Lib\site-packages\sklearn\utils\validation.py:2691: UserWarning: X does not have valid feature names, but LGBMClassifier was fitted with feature names
  warnings.warn(
C:\Users\yukik\fx-ai-trading\.venv\Lib\site-packages\sklearn\utils\validation.py:2691: UserWarning: X does not have valid feature names, but LGBMClassifier was fitted with feature names
  warnings.warn(
C:\Users\yukik\fx-ai-trading\.venv\Lib\site-packages\sklearn\utils\validation.py:2691: UserWarning: X does not have valid feature names, but LGBMClassifier was fitted with feature names
  warnings.warn(
C:\Users\yukik\fx-ai-trading\.venv\Lib\site-packages\sklearn\utils\validation.py:2691: UserWarning: X does not have valid feature names, but LGBMClassifier was fitted with feature names
  warnings.warn(
C:\Users\yukik\fx-ai-trading\.venv\Lib\site-packages\sklearn\utils\validation.py:2691: UserWarning: X does not have valid feature names, but LGBMClassifier was fitted with feature names
  warnings.warn(
C:\Users\yukik\fx-ai-trading\.venv\Lib\site-packages\sklearn\utils\validation.py:2691: UserWarning: X does not have valid feature names, but LGBMClassifier was fitted with feature names
  warnings.warn(
C:\Users\yukik\fx-ai-trading\.venv\Lib\site-packages\sklearn\utils\validation.py:2691: UserWarning: X does not have valid feature names, but LGBMClassifier was fitted with feature names
  warnings.warn(
C:\Users\yukik\fx-ai-trading\.venv\Lib\site-packages\sklearn\utils\validation.py:2691: UserWarning: X does not have valid feature names, but LGBMClassifier was fitted with feature names
  warnings.warn(
C:\Users\yukik\fx-ai-trading\.venv\Lib\site-packages\sklearn\utils\validation.py:2691: UserWarning: X does not have valid feature names, but LGBMClassifier was fitted with feature names
  warnings.warn(
C:\Users\yukik\fx-ai-trading\.venv\Lib\site-packages\sklearn\utils\validation.py:2691: UserWarning: X does not have valid feature names, but LGBMClassifier was fitted with feature names
  warnings.warn(
C:\Users\yukik\fx-ai-trading\.venv\Lib\site-packages\sklearn\utils\validation.py:2691: UserWarning: X does not have valid feature names, but LGBMClassifier was fitted with feature names
  warnings.warn(
C:\Users\yukik\fx-ai-trading\.venv\Lib\site-packages\sklearn\utils\validation.py:2691: UserWarning: X does not have valid feature names, but LGBMClassifier was fitted with feature names
  warnings.warn(
C:\Users\yukik\fx-ai-trading\.venv\Lib\site-packages\sklearn\utils\validation.py:2691: UserWarning: X does not have valid feature names, but LGBMClassifier was fitted with feature names
  warnings.warn(
C:\Users\yukik\fx-ai-trading\.venv\Lib\site-packages\sklearn\utils\validation.py:2691: UserWarning: X does not have valid feature names, but LGBMClassifier was fitted with feature names
  warnings.warn(
C:\Users\yukik\fx-ai-trading\.venv\Lib\site-packages\sklearn\utils\validation.py:2691: UserWarning: X does not have valid feature names, but LGBMClassifier was fitted with feature names
  warnings.warn(
C:\Users\yukik\fx-ai-trading\.venv\Lib\site-packages\sklearn\utils\validation.py:2691: UserWarning: X does not have valid feature names, but LGBMClassifier was fitted with feature names
  warnings.warn(
C:\Users\yukik\fx-ai-trading\.venv\Lib\site-packages\sklearn\utils\validation.py:2691: UserWarning: X does not have valid feature names, but LGBMClassifier was fitted with feature names
  warnings.warn(
C:\Users\yukik\fx-ai-trading\.venv\Lib\site-packages\sklearn\utils\validation.py:2691: UserWarning: X does not have valid feature names, but LGBMClassifier was fitted with feature names
  warnings.warn(
C:\Users\yukik\fx-ai-trading\.venv\Lib\site-packages\sklearn\utils\validation.py:2691: UserWarning: X does not have valid feature names, but LGBMClassifier was fitted with feature names
  warnings.warn(
C:\Users\yukik\fx-ai-trading\.venv\Lib\site-packages\sklearn\utils\validation.py:2691: UserWarning: X does not have valid feature names, but LGBMClassifier was fitted with feature names
  warnings.warn(
C:\Users\yukik\fx-ai-trading\.venv\Lib\site-packages\sklearn\utils\validation.py:2691: UserWarning: X does not have valid feature names, but LGBMClassifier was fitted with feature names
  warnings.warn(
C:\Users\yukik\fx-ai-trading\.venv\Lib\site-packages\sklearn\utils\validation.py:2691: UserWarning: X does not have valid feature names, but LGBMClassifier was fitted with feature names
  warnings.warn(
C:\Users\yukik\fx-ai-trading\.venv\Lib\site-packages\sklearn\utils\validation.py:2691: UserWarning: X does not have valid feature names, but LGBMClassifier was fitted with feature names
  warnings.warn(
C:\Users\yukik\fx-ai-trading\.venv\Lib\site-packages\sklearn\utils\validation.py:2691: UserWarning: X does not have valid feature names, but LGBMClassifier was fitted with feature names
  warnings.warn(
C:\Users\yukik\fx-ai-trading\.venv\Lib\site-packages\sklearn\utils\validation.py:2691: UserWarning: X does not have valid feature names, but LGBMClassifier was fitted with feature names
  warnings.warn(
C:\Users\yukik\fx-ai-trading\.venv\Lib\site-packages\sklearn\utils\validation.py:2691: UserWarning: X does not have valid feature names, but LGBMClassifier was fitted with feature names
  warnings.warn(
C:\Users\yukik\fx-ai-trading\.venv\Lib\site-packages\sklearn\utils\validation.py:2691: UserWarning: X does not have valid feature names, but LGBMClassifier was fitted with feature names
  warnings.warn(
C:\Users\yukik\fx-ai-trading\.venv\Lib\site-packages\sklearn\utils\validation.py:2691: UserWarning: X does not have valid feature names, but LGBMClassifier was fitted with feature names
  warnings.warn(
C:\Users\yukik\fx-ai-trading\.venv\Lib\site-packages\sklearn\utils\validation.py:2691: UserWarning: X does not have valid feature names, but LGBMClassifier was fitted with feature names
  warnings.warn(
C:\Users\yukik\fx-ai-trading\.venv\Lib\site-packages\sklearn\utils\validation.py:2691: UserWarning: X does not have valid feature names, but LGBMClassifier was fitted with feature names
  warnings.warn(
C:\Users\yukik\fx-ai-trading\.venv\Lib\site-packages\sklearn\utils\validation.py:2691: UserWarning: X does not have valid feature names, but LGBMClassifier was fitted with feature names
  warnings.warn(
C:\Users\yukik\fx-ai-trading\.venv\Lib\site-packages\sklearn\utils\validation.py:2691: UserWarning: X does not have valid feature names, but LGBMClassifier was fitted with feature names
  warnings.warn(
C:\Users\yukik\fx-ai-trading\.venv\Lib\site-packages\sklearn\utils\validation.py:2691: UserWarning: X does not have valid feature names, but LGBMClassifier was fitted with feature names
  warnings.warn(
  conf=0.40  Sharpe=+0.0380  hit= 40.7%  n=   113  PnL=     +59.3  MaxDD=  -185.5  (33s)

[3/3] >> tp=2.0 sl=1.0 ...
  labels built 16.1s
  5 folds
    fold 1/5  train [2024-04-30->2025-04-30]  (19.9s)
    fold 2/5  train [2024-07-29->2025-07-29]  (19.1s)
    fold 3/5  train [2024-10-27->2025-10-27]  (18.2s)
    fold 4/5  train [2025-01-25->2026-01-25]  (18.0s)
    fold 5/5  train [2025-04-25->2026-04-25]  (18.3s)
C:\Users\yukik\fx-ai-trading\.venv\Lib\site-packages\sklearn\utils\validation.py:2691: UserWarning: X does not have valid feature names, but LGBMClassifier was fitted with feature names
  warnings.warn(
C:\Users\yukik\fx-ai-trading\.venv\Lib\site-packages\sklearn\utils\validation.py:2691: UserWarning: X does not have valid feature names, but LGBMClassifier was fitted with feature names
  warnings.warn(
C:\Users\yukik\fx-ai-trading\.venv\Lib\site-packages\sklearn\utils\validation.py:2691: UserWarning: X does not have valid feature names, but LGBMClassifier was fitted with feature names
  warnings.warn(
C:\Users\yukik\fx-ai-trading\.venv\Lib\site-packages\sklearn\utils\validation.py:2691: UserWarning: X does not have valid feature names, but LGBMClassifier was fitted with feature names
  warnings.warn(
C:\Users\yukik\fx-ai-trading\.venv\Lib\site-packages\sklearn\utils\validation.py:2691: UserWarning: X does not have valid feature names, but LGBMClassifier was fitted with feature names
  warnings.warn(
C:\Users\yukik\fx-ai-trading\.venv\Lib\site-packages\sklearn\utils\validation.py:2691: UserWarning: X does not have valid feature names, but LGBMClassifier was fitted with feature names
  warnings.warn(
C:\Users\yukik\fx-ai-trading\.venv\Lib\site-packages\sklearn\utils\validation.py:2691: UserWarning: X does not have valid feature names, but LGBMClassifier was fitted with feature names
  warnings.warn(
C:\Users\yukik\fx-ai-trading\.venv\Lib\site-packages\sklearn\utils\validation.py:2691: UserWarning: X does not have valid feature names, but LGBMClassifier was fitted with feature names
  warnings.warn(
C:\Users\yukik\fx-ai-trading\.venv\Lib\site-packages\sklearn\utils\validation.py:2691: UserWarning: X does not have valid feature names, but LGBMClassifier was fitted with feature names
  warnings.warn(
C:\Users\yukik\fx-ai-trading\.venv\Lib\site-packages\sklearn\utils\validation.py:2691: UserWarning: X does not have valid feature names, but LGBMClassifier was fitted with feature names
  warnings.warn(
C:\Users\yukik\fx-ai-trading\.venv\Lib\site-packages\sklearn\utils\validation.py:2691: UserWarning: X does not have valid feature names, but LGBMClassifier was fitted with feature names
  warnings.warn(
C:\Users\yukik\fx-ai-trading\.venv\Lib\site-packages\sklearn\utils\validation.py:2691: UserWarning: X does not have valid feature names, but LGBMClassifier was fitted with feature names
  warnings.warn(
C:\Users\yukik\fx-ai-trading\.venv\Lib\site-packages\sklearn\utils\validation.py:2691: UserWarning: X does not have valid feature names, but LGBMClassifier was fitted with feature names
  warnings.warn(
C:\Users\yukik\fx-ai-trading\.venv\Lib\site-packages\sklearn\utils\validation.py:2691: UserWarning: X does not have valid feature names, but LGBMClassifier was fitted with feature names
  warnings.warn(
C:\Users\yukik\fx-ai-trading\.venv\Lib\site-packages\sklearn\utils\validation.py:2691: UserWarning: X does not have valid feature names, but LGBMClassifier was fitted with feature names
  warnings.warn(
C:\Users\yukik\fx-ai-trading\.venv\Lib\site-packages\sklearn\utils\validation.py:2691: UserWarning: X does not have valid feature names, but LGBMClassifier was fitted with feature names
  warnings.warn(
C:\Users\yukik\fx-ai-trading\.venv\Lib\site-packages\sklearn\utils\validation.py:2691: UserWarning: X does not have valid feature names, but LGBMClassifier was fitted with feature names
  warnings.warn(
C:\Users\yukik\fx-ai-trading\.venv\Lib\site-packages\sklearn\utils\validation.py:2691: UserWarning: X does not have valid feature names, but LGBMClassifier was fitted with feature names
  warnings.warn(
C:\Users\yukik\fx-ai-trading\.venv\Lib\site-packages\sklearn\utils\validation.py:2691: UserWarning: X does not have valid feature names, but LGBMClassifier was fitted with feature names
  warnings.warn(
C:\Users\yukik\fx-ai-trading\.venv\Lib\site-packages\sklearn\utils\validation.py:2691: UserWarning: X does not have valid feature names, but LGBMClassifier was fitted with feature names
  warnings.warn(
C:\Users\yukik\fx-ai-trading\.venv\Lib\site-packages\sklearn\utils\validation.py:2691: UserWarning: X does not have valid feature names, but LGBMClassifier was fitted with feature names
  warnings.warn(
C:\Users\yukik\fx-ai-trading\.venv\Lib\site-packages\sklearn\utils\validation.py:2691: UserWarning: X does not have valid feature names, but LGBMClassifier was fitted with feature names
  warnings.warn(
C:\Users\yukik\fx-ai-trading\.venv\Lib\site-packages\sklearn\utils\validation.py:2691: UserWarning: X does not have valid feature names, but LGBMClassifier was fitted with feature names
  warnings.warn(
C:\Users\yukik\fx-ai-trading\.venv\Lib\site-packages\sklearn\utils\validation.py:2691: UserWarning: X does not have valid feature names, but LGBMClassifier was fitted with feature names
  warnings.warn(
C:\Users\yukik\fx-ai-trading\.venv\Lib\site-packages\sklearn\utils\validation.py:2691: UserWarning: X does not have valid feature names, but LGBMClassifier was fitted with feature names
  warnings.warn(
C:\Users\yukik\fx-ai-trading\.venv\Lib\site-packages\sklearn\utils\validation.py:2691: UserWarning: X does not have valid feature names, but LGBMClassifier was fitted with feature names
  warnings.warn(
C:\Users\yukik\fx-ai-trading\.venv\Lib\site-packages\sklearn\utils\validation.py:2691: UserWarning: X does not have valid feature names, but LGBMClassifier was fitted with feature names
  warnings.warn(
C:\Users\yukik\fx-ai-trading\.venv\Lib\site-packages\sklearn\utils\validation.py:2691: UserWarning: X does not have valid feature names, but LGBMClassifier was fitted with feature names
  warnings.warn(
C:\Users\yukik\fx-ai-trading\.venv\Lib\site-packages\sklearn\utils\validation.py:2691: UserWarning: X does not have valid feature names, but LGBMClassifier was fitted with feature names
  warnings.warn(
C:\Users\yukik\fx-ai-trading\.venv\Lib\site-packages\sklearn\utils\validation.py:2691: UserWarning: X does not have valid feature names, but LGBMClassifier was fitted with feature names
  warnings.warn(
C:\Users\yukik\fx-ai-trading\.venv\Lib\site-packages\sklearn\utils\validation.py:2691: UserWarning: X does not have valid feature names, but LGBMClassifier was fitted with feature names
  warnings.warn(
C:\Users\yukik\fx-ai-trading\.venv\Lib\site-packages\sklearn\utils\validation.py:2691: UserWarning: X does not have valid feature names, but LGBMClassifier was fitted with feature names
  warnings.warn(
C:\Users\yukik\fx-ai-trading\.venv\Lib\site-packages\sklearn\utils\validation.py:2691: UserWarning: X does not have valid feature names, but LGBMClassifier was fitted with feature names
  warnings.warn(
C:\Users\yukik\fx-ai-trading\.venv\Lib\site-packages\sklearn\utils\validation.py:2691: UserWarning: X does not have valid feature names, but LGBMClassifier was fitted with feature names
  warnings.warn(
C:\Users\yukik\fx-ai-trading\.venv\Lib\site-packages\sklearn\utils\validation.py:2691: UserWarning: X does not have valid feature names, but LGBMClassifier was fitted with feature names
  warnings.warn(
C:\Users\yukik\fx-ai-trading\.venv\Lib\site-packages\sklearn\utils\validation.py:2691: UserWarning: X does not have valid feature names, but LGBMClassifier was fitted with feature names
  warnings.warn(
C:\Users\yukik\fx-ai-trading\.venv\Lib\site-packages\sklearn\utils\validation.py:2691: UserWarning: X does not have valid feature names, but LGBMClassifier was fitted with feature names
  warnings.warn(
C:\Users\yukik\fx-ai-trading\.venv\Lib\site-packages\sklearn\utils\validation.py:2691: UserWarning: X does not have valid feature names, but LGBMClassifier was fitted with feature names
  warnings.warn(
C:\Users\yukik\fx-ai-trading\.venv\Lib\site-packages\sklearn\utils\validation.py:2691: UserWarning: X does not have valid feature names, but LGBMClassifier was fitted with feature names
  warnings.warn(
C:\Users\yukik\fx-ai-trading\.venv\Lib\site-packages\sklearn\utils\validation.py:2691: UserWarning: X does not have valid feature names, but LGBMClassifier was fitted with feature names
  warnings.warn(
C:\Users\yukik\fx-ai-trading\.venv\Lib\site-packages\sklearn\utils\validation.py:2691: UserWarning: X does not have valid feature names, but LGBMClassifier was fitted with feature names
  warnings.warn(
C:\Users\yukik\fx-ai-trading\.venv\Lib\site-packages\sklearn\utils\validation.py:2691: UserWarning: X does not have valid feature names, but LGBMClassifier was fitted with feature names
  warnings.warn(
C:\Users\yukik\fx-ai-trading\.venv\Lib\site-packages\sklearn\utils\validation.py:2691: UserWarning: X does not have valid feature names, but LGBMClassifier was fitted with feature names
  warnings.warn(
C:\Users\yukik\fx-ai-trading\.venv\Lib\site-packages\sklearn\utils\validation.py:2691: UserWarning: X does not have valid feature names, but LGBMClassifier was fitted with feature names
  warnings.warn(
C:\Users\yukik\fx-ai-trading\.venv\Lib\site-packages\sklearn\utils\validation.py:2691: UserWarning: X does not have valid feature names, but LGBMClassifier was fitted with feature names
  warnings.warn(
C:\Users\yukik\fx-ai-trading\.venv\Lib\site-packages\sklearn\utils\validation.py:2691: UserWarning: X does not have valid feature names, but LGBMClassifier was fitted with feature names
  warnings.warn(
C:\Users\yukik\fx-ai-trading\.venv\Lib\site-packages\sklearn\utils\validation.py:2691: UserWarning: X does not have valid feature names, but LGBMClassifier was fitted with feature names
  warnings.warn(
C:\Users\yukik\fx-ai-trading\.venv\Lib\site-packages\sklearn\utils\validation.py:2691: UserWarning: X does not have valid feature names, but LGBMClassifier was fitted with feature names
  warnings.warn(
C:\Users\yukik\fx-ai-trading\.venv\Lib\site-packages\sklearn\utils\validation.py:2691: UserWarning: X does not have valid feature names, but LGBMClassifier was fitted with feature names
  warnings.warn(
C:\Users\yukik\fx-ai-trading\.venv\Lib\site-packages\sklearn\utils\validation.py:2691: UserWarning: X does not have valid feature names, but LGBMClassifier was fitted with feature names
  warnings.warn(
C:\Users\yukik\fx-ai-trading\.venv\Lib\site-packages\sklearn\utils\validation.py:2691: UserWarning: X does not have valid feature names, but LGBMClassifier was fitted with feature names
  warnings.warn(
C:\Users\yukik\fx-ai-trading\.venv\Lib\site-packages\sklearn\utils\validation.py:2691: UserWarning: X does not have valid feature names, but LGBMClassifier was fitted with feature names
  warnings.warn(
C:\Users\yukik\fx-ai-trading\.venv\Lib\site-packages\sklearn\utils\validation.py:2691: UserWarning: X does not have valid feature names, but LGBMClassifier was fitted with feature names
  warnings.warn(
C:\Users\yukik\fx-ai-trading\.venv\Lib\site-packages\sklearn\utils\validation.py:2691: UserWarning: X does not have valid feature names, but LGBMClassifier was fitted with feature names
  warnings.warn(
C:\Users\yukik\fx-ai-trading\.venv\Lib\site-packages\sklearn\utils\validation.py:2691: UserWarning: X does not have valid feature names, but LGBMClassifier was fitted with feature names
  warnings.warn(
C:\Users\yukik\fx-ai-trading\.venv\Lib\site-packages\sklearn\utils\validation.py:2691: UserWarning: X does not have valid feature names, but LGBMClassifier was fitted with feature names
  warnings.warn(
C:\Users\yukik\fx-ai-trading\.venv\Lib\site-packages\sklearn\utils\validation.py:2691: UserWarning: X does not have valid feature names, but LGBMClassifier was fitted with feature names
  warnings.warn(
C:\Users\yukik\fx-ai-trading\.venv\Lib\site-packages\sklearn\utils\validation.py:2691: UserWarning: X does not have valid feature names, but LGBMClassifier was fitted with feature names
  warnings.warn(
C:\Users\yukik\fx-ai-trading\.venv\Lib\site-packages\sklearn\utils\validation.py:2691: UserWarning: X does not have valid feature names, but LGBMClassifier was fitted with feature names
  warnings.warn(
C:\Users\yukik\fx-ai-trading\.venv\Lib\site-packages\sklearn\utils\validation.py:2691: UserWarning: X does not have valid feature names, but LGBMClassifier was fitted with feature names
  warnings.warn(
C:\Users\yukik\fx-ai-trading\.venv\Lib\site-packages\sklearn\utils\validation.py:2691: UserWarning: X does not have valid feature names, but LGBMClassifier was fitted with feature names
  warnings.warn(
C:\Users\yukik\fx-ai-trading\.venv\Lib\site-packages\sklearn\utils\validation.py:2691: UserWarning: X does not have valid feature names, but LGBMClassifier was fitted with feature names
  warnings.warn(
C:\Users\yukik\fx-ai-trading\.venv\Lib\site-packages\sklearn\utils\validation.py:2691: UserWarning: X does not have valid feature names, but LGBMClassifier was fitted with feature names
  warnings.warn(
C:\Users\yukik\fx-ai-trading\.venv\Lib\site-packages\sklearn\utils\validation.py:2691: UserWarning: X does not have valid feature names, but LGBMClassifier was fitted with feature names
  warnings.warn(
C:\Users\yukik\fx-ai-trading\.venv\Lib\site-packages\sklearn\utils\validation.py:2691: UserWarning: X does not have valid feature names, but LGBMClassifier was fitted with feature names
  warnings.warn(
C:\Users\yukik\fx-ai-trading\.venv\Lib\site-packages\sklearn\utils\validation.py:2691: UserWarning: X does not have valid feature names, but LGBMClassifier was fitted with feature names
  warnings.warn(
C:\Users\yukik\fx-ai-trading\.venv\Lib\site-packages\sklearn\utils\validation.py:2691: UserWarning: X does not have valid feature names, but LGBMClassifier was fitted with feature names
  warnings.warn(
C:\Users\yukik\fx-ai-trading\.venv\Lib\site-packages\sklearn\utils\validation.py:2691: UserWarning: X does not have valid feature names, but LGBMClassifier was fitted with feature names
  warnings.warn(
C:\Users\yukik\fx-ai-trading\.venv\Lib\site-packages\sklearn\utils\validation.py:2691: UserWarning: X does not have valid feature names, but LGBMClassifier was fitted with feature names
  warnings.warn(
C:\Users\yukik\fx-ai-trading\.venv\Lib\site-packages\sklearn\utils\validation.py:2691: UserWarning: X does not have valid feature names, but LGBMClassifier was fitted with feature names
  warnings.warn(
C:\Users\yukik\fx-ai-trading\.venv\Lib\site-packages\sklearn\utils\validation.py:2691: UserWarning: X does not have valid feature names, but LGBMClassifier was fitted with feature names
  warnings.warn(
C:\Users\yukik\fx-ai-trading\.venv\Lib\site-packages\sklearn\utils\validation.py:2691: UserWarning: X does not have valid feature names, but LGBMClassifier was fitted with feature names
  warnings.warn(
C:\Users\yukik\fx-ai-trading\.venv\Lib\site-packages\sklearn\utils\validation.py:2691: UserWarning: X does not have valid feature names, but LGBMClassifier was fitted with feature names
  warnings.warn(
C:\Users\yukik\fx-ai-trading\.venv\Lib\site-packages\sklearn\utils\validation.py:2691: UserWarning: X does not have valid feature names, but LGBMClassifier was fitted with feature names
  warnings.warn(
C:\Users\yukik\fx-ai-trading\.venv\Lib\site-packages\sklearn\utils\validation.py:2691: UserWarning: X does not have valid feature names, but LGBMClassifier was fitted with feature names
  warnings.warn(
C:\Users\yukik\fx-ai-trading\.venv\Lib\site-packages\sklearn\utils\validation.py:2691: UserWarning: X does not have valid feature names, but LGBMClassifier was fitted with feature names
  warnings.warn(
C:\Users\yukik\fx-ai-trading\.venv\Lib\site-packages\sklearn\utils\validation.py:2691: UserWarning: X does not have valid feature names, but LGBMClassifier was fitted with feature names
  warnings.warn(
C:\Users\yukik\fx-ai-trading\.venv\Lib\site-packages\sklearn\utils\validation.py:2691: UserWarning: X does not have valid feature names, but LGBMClassifier was fitted with feature names
  warnings.warn(
C:\Users\yukik\fx-ai-trading\.venv\Lib\site-packages\sklearn\utils\validation.py:2691: UserWarning: X does not have valid feature names, but LGBMClassifier was fitted with feature names
  warnings.warn(
C:\Users\yukik\fx-ai-trading\.venv\Lib\site-packages\sklearn\utils\validation.py:2691: UserWarning: X does not have valid feature names, but LGBMClassifier was fitted with feature names
  warnings.warn(
C:\Users\yukik\fx-ai-trading\.venv\Lib\site-packages\sklearn\utils\validation.py:2691: UserWarning: X does not have valid feature names, but LGBMClassifier was fitted with feature names
  warnings.warn(
C:\Users\yukik\fx-ai-trading\.venv\Lib\site-packages\sklearn\utils\validation.py:2691: UserWarning: X does not have valid feature names, but LGBMClassifier was fitted with feature names
  warnings.warn(
C:\Users\yukik\fx-ai-trading\.venv\Lib\site-packages\sklearn\utils\validation.py:2691: UserWarning: X does not have valid feature names, but LGBMClassifier was fitted with feature names
  warnings.warn(
C:\Users\yukik\fx-ai-trading\.venv\Lib\site-packages\sklearn\utils\validation.py:2691: UserWarning: X does not have valid feature names, but LGBMClassifier was fitted with feature names
  warnings.warn(
C:\Users\yukik\fx-ai-trading\.venv\Lib\site-packages\sklearn\utils\validation.py:2691: UserWarning: X does not have valid feature names, but LGBMClassifier was fitted with feature names
  warnings.warn(
C:\Users\yukik\fx-ai-trading\.venv\Lib\site-packages\sklearn\utils\validation.py:2691: UserWarning: X does not have valid feature names, but LGBMClassifier was fitted with feature names
  warnings.warn(
C:\Users\yukik\fx-ai-trading\.venv\Lib\site-packages\sklearn\utils\validation.py:2691: UserWarning: X does not have valid feature names, but LGBMClassifier was fitted with feature names
  warnings.warn(
C:\Users\yukik\fx-ai-trading\.venv\Lib\site-packages\sklearn\utils\validation.py:2691: UserWarning: X does not have valid feature names, but LGBMClassifier was fitted with feature names
  warnings.warn(
C:\Users\yukik\fx-ai-trading\.venv\Lib\site-packages\sklearn\utils\validation.py:2691: UserWarning: X does not have valid feature names, but LGBMClassifier was fitted with feature names
  warnings.warn(
C:\Users\yukik\fx-ai-trading\.venv\Lib\site-packages\sklearn\utils\validation.py:2691: UserWarning: X does not have valid feature names, but LGBMClassifier was fitted with feature names
  warnings.warn(
C:\Users\yukik\fx-ai-trading\.venv\Lib\site-packages\sklearn\utils\validation.py:2691: UserWarning: X does not have valid feature names, but LGBMClassifier was fitted with feature names
  warnings.warn(
C:\Users\yukik\fx-ai-trading\.venv\Lib\site-packages\sklearn\utils\validation.py:2691: UserWarning: X does not have valid feature names, but LGBMClassifier was fitted with feature names
  warnings.warn(
C:\Users\yukik\fx-ai-trading\.venv\Lib\site-packages\sklearn\utils\validation.py:2691: UserWarning: X does not have valid feature names, but LGBMClassifier was fitted with feature names
  warnings.warn(
C:\Users\yukik\fx-ai-trading\.venv\Lib\site-packages\sklearn\utils\validation.py:2691: UserWarning: X does not have valid feature names, but LGBMClassifier was fitted with feature names
  warnings.warn(
C:\Users\yukik\fx-ai-trading\.venv\Lib\site-packages\sklearn\utils\validation.py:2691: UserWarning: X does not have valid feature names, but LGBMClassifier was fitted with feature names
  warnings.warn(
C:\Users\yukik\fx-ai-trading\.venv\Lib\site-packages\sklearn\utils\validation.py:2691: UserWarning: X does not have valid feature names, but LGBMClassifier was fitted with feature names
  warnings.warn(
C:\Users\yukik\fx-ai-trading\.venv\Lib\site-packages\sklearn\utils\validation.py:2691: UserWarning: X does not have valid feature names, but LGBMClassifier was fitted with feature names
  warnings.warn(
C:\Users\yukik\fx-ai-trading\.venv\Lib\site-packages\sklearn\utils\validation.py:2691: UserWarning: X does not have valid feature names, but LGBMClassifier was fitted with feature names
  warnings.warn(
C:\Users\yukik\fx-ai-trading\.venv\Lib\site-packages\sklearn\utils\validation.py:2691: UserWarning: X does not have valid feature names, but LGBMClassifier was fitted with feature names
  warnings.warn(
C:\Users\yukik\fx-ai-trading\.venv\Lib\site-packages\sklearn\utils\validation.py:2691: UserWarning: X does not have valid feature names, but LGBMClassifier was fitted with feature names
  warnings.warn(
  conf=0.25  Sharpe=-0.1849  hit= 21.4%  n= 1,153  PnL=   -2072.6  MaxDD= -2220.6  (32s)
C:\Users\yukik\fx-ai-trading\.venv\Lib\site-packages\sklearn\utils\validation.py:2691: UserWarning: X does not have valid feature names, but LGBMClassifier was fitted with feature names
  warnings.warn(
C:\Users\yukik\fx-ai-trading\.venv\Lib\site-packages\sklearn\utils\validation.py:2691: UserWarning: X does not have valid feature names, but LGBMClassifier was fitted with feature names
  warnings.warn(
C:\Users\yukik\fx-ai-trading\.venv\Lib\site-packages\sklearn\utils\validation.py:2691: UserWarning: X does not have valid feature names, but LGBMClassifier was fitted with feature names
  warnings.warn(
C:\Users\yukik\fx-ai-trading\.venv\Lib\site-packages\sklearn\utils\validation.py:2691: UserWarning: X does not have valid feature names, but LGBMClassifier was fitted with feature names
  warnings.warn(
C:\Users\yukik\fx-ai-trading\.venv\Lib\site-packages\sklearn\utils\validation.py:2691: UserWarning: X does not have valid feature names, but LGBMClassifier was fitted with feature names
  warnings.warn(
C:\Users\yukik\fx-ai-trading\.venv\Lib\site-packages\sklearn\utils\validation.py:2691: UserWarning: X does not have valid feature names, but LGBMClassifier was fitted with feature names
  warnings.warn(
C:\Users\yukik\fx-ai-trading\.venv\Lib\site-packages\sklearn\utils\validation.py:2691: UserWarning: X does not have valid feature names, but LGBMClassifier was fitted with feature names
  warnings.warn(
C:\Users\yukik\fx-ai-trading\.venv\Lib\site-packages\sklearn\utils\validation.py:2691: UserWarning: X does not have valid feature names, but LGBMClassifier was fitted with feature names
  warnings.warn(
C:\Users\yukik\fx-ai-trading\.venv\Lib\site-packages\sklearn\utils\validation.py:2691: UserWarning: X does not have valid feature names, but LGBMClassifier was fitted with feature names
  warnings.warn(
C:\Users\yukik\fx-ai-trading\.venv\Lib\site-packages\sklearn\utils\validation.py:2691: UserWarning: X does not have valid feature names, but LGBMClassifier was fitted with feature names
  warnings.warn(
C:\Users\yukik\fx-ai-trading\.venv\Lib\site-packages\sklearn\utils\validation.py:2691: UserWarning: X does not have valid feature names, but LGBMClassifier was fitted with feature names
  warnings.warn(
C:\Users\yukik\fx-ai-trading\.venv\Lib\site-packages\sklearn\utils\validation.py:2691: UserWarning: X does not have valid feature names, but LGBMClassifier was fitted with feature names
  warnings.warn(
C:\Users\yukik\fx-ai-trading\.venv\Lib\site-packages\sklearn\utils\validation.py:2691: UserWarning: X does not have valid feature names, but LGBMClassifier was fitted with feature names
  warnings.warn(
C:\Users\yukik\fx-ai-trading\.venv\Lib\site-packages\sklearn\utils\validation.py:2691: UserWarning: X does not have valid feature names, but LGBMClassifier was fitted with feature names
  warnings.warn(
C:\Users\yukik\fx-ai-trading\.venv\Lib\site-packages\sklearn\utils\validation.py:2691: UserWarning: X does not have valid feature names, but LGBMClassifier was fitted with feature names
  warnings.warn(
C:\Users\yukik\fx-ai-trading\.venv\Lib\site-packages\sklearn\utils\validation.py:2691: UserWarning: X does not have valid feature names, but LGBMClassifier was fitted with feature names
  warnings.warn(
C:\Users\yukik\fx-ai-trading\.venv\Lib\site-packages\sklearn\utils\validation.py:2691: UserWarning: X does not have valid feature names, but LGBMClassifier was fitted with feature names
  warnings.warn(
C:\Users\yukik\fx-ai-trading\.venv\Lib\site-packages\sklearn\utils\validation.py:2691: UserWarning: X does not have valid feature names, but LGBMClassifier was fitted with feature names
  warnings.warn(
C:\Users\yukik\fx-ai-trading\.venv\Lib\site-packages\sklearn\utils\validation.py:2691: UserWarning: X does not have valid feature names, but LGBMClassifier was fitted with feature names
  warnings.warn(
C:\Users\yukik\fx-ai-trading\.venv\Lib\site-packages\sklearn\utils\validation.py:2691: UserWarning: X does not have valid feature names, but LGBMClassifier was fitted with feature names
  warnings.warn(
C:\Users\yukik\fx-ai-trading\.venv\Lib\site-packages\sklearn\utils\validation.py:2691: UserWarning: X does not have valid feature names, but LGBMClassifier was fitted with feature names
  warnings.warn(
C:\Users\yukik\fx-ai-trading\.venv\Lib\site-packages\sklearn\utils\validation.py:2691: UserWarning: X does not have valid feature names, but LGBMClassifier was fitted with feature names
  warnings.warn(
C:\Users\yukik\fx-ai-trading\.venv\Lib\site-packages\sklearn\utils\validation.py:2691: UserWarning: X does not have valid feature names, but LGBMClassifier was fitted with feature names
  warnings.warn(
C:\Users\yukik\fx-ai-trading\.venv\Lib\site-packages\sklearn\utils\validation.py:2691: UserWarning: X does not have valid feature names, but LGBMClassifier was fitted with feature names
  warnings.warn(
C:\Users\yukik\fx-ai-trading\.venv\Lib\site-packages\sklearn\utils\validation.py:2691: UserWarning: X does not have valid feature names, but LGBMClassifier was fitted with feature names
  warnings.warn(
C:\Users\yukik\fx-ai-trading\.venv\Lib\site-packages\sklearn\utils\validation.py:2691: UserWarning: X does not have valid feature names, but LGBMClassifier was fitted with feature names
  warnings.warn(
C:\Users\yukik\fx-ai-trading\.venv\Lib\site-packages\sklearn\utils\validation.py:2691: UserWarning: X does not have valid feature names, but LGBMClassifier was fitted with feature names
  warnings.warn(
C:\Users\yukik\fx-ai-trading\.venv\Lib\site-packages\sklearn\utils\validation.py:2691: UserWarning: X does not have valid feature names, but LGBMClassifier was fitted with feature names
  warnings.warn(
C:\Users\yukik\fx-ai-trading\.venv\Lib\site-packages\sklearn\utils\validation.py:2691: UserWarning: X does not have valid feature names, but LGBMClassifier was fitted with feature names
  warnings.warn(
C:\Users\yukik\fx-ai-trading\.venv\Lib\site-packages\sklearn\utils\validation.py:2691: UserWarning: X does not have valid feature names, but LGBMClassifier was fitted with feature names
  warnings.warn(
C:\Users\yukik\fx-ai-trading\.venv\Lib\site-packages\sklearn\utils\validation.py:2691: UserWarning: X does not have valid feature names, but LGBMClassifier was fitted with feature names
  warnings.warn(
C:\Users\yukik\fx-ai-trading\.venv\Lib\site-packages\sklearn\utils\validation.py:2691: UserWarning: X does not have valid feature names, but LGBMClassifier was fitted with feature names
  warnings.warn(
C:\Users\yukik\fx-ai-trading\.venv\Lib\site-packages\sklearn\utils\validation.py:2691: UserWarning: X does not have valid feature names, but LGBMClassifier was fitted with feature names
  warnings.warn(
C:\Users\yukik\fx-ai-trading\.venv\Lib\site-packages\sklearn\utils\validation.py:2691: UserWarning: X does not have valid feature names, but LGBMClassifier was fitted with feature names
  warnings.warn(
C:\Users\yukik\fx-ai-trading\.venv\Lib\site-packages\sklearn\utils\validation.py:2691: UserWarning: X does not have valid feature names, but LGBMClassifier was fitted with feature names
  warnings.warn(
C:\Users\yukik\fx-ai-trading\.venv\Lib\site-packages\sklearn\utils\validation.py:2691: UserWarning: X does not have valid feature names, but LGBMClassifier was fitted with feature names
  warnings.warn(
C:\Users\yukik\fx-ai-trading\.venv\Lib\site-packages\sklearn\utils\validation.py:2691: UserWarning: X does not have valid feature names, but LGBMClassifier was fitted with feature names
  warnings.warn(
C:\Users\yukik\fx-ai-trading\.venv\Lib\site-packages\sklearn\utils\validation.py:2691: UserWarning: X does not have valid feature names, but LGBMClassifier was fitted with feature names
  warnings.warn(
C:\Users\yukik\fx-ai-trading\.venv\Lib\site-packages\sklearn\utils\validation.py:2691: UserWarning: X does not have valid feature names, but LGBMClassifier was fitted with feature names
  warnings.warn(
C:\Users\yukik\fx-ai-trading\.venv\Lib\site-packages\sklearn\utils\validation.py:2691: UserWarning: X does not have valid feature names, but LGBMClassifier was fitted with feature names
  warnings.warn(
C:\Users\yukik\fx-ai-trading\.venv\Lib\site-packages\sklearn\utils\validation.py:2691: UserWarning: X does not have valid feature names, but LGBMClassifier was fitted with feature names
  warnings.warn(
C:\Users\yukik\fx-ai-trading\.venv\Lib\site-packages\sklearn\utils\validation.py:2691: UserWarning: X does not have valid feature names, but LGBMClassifier was fitted with feature names
  warnings.warn(
C:\Users\yukik\fx-ai-trading\.venv\Lib\site-packages\sklearn\utils\validation.py:2691: UserWarning: X does not have valid feature names, but LGBMClassifier was fitted with feature names
  warnings.warn(
C:\Users\yukik\fx-ai-trading\.venv\Lib\site-packages\sklearn\utils\validation.py:2691: UserWarning: X does not have valid feature names, but LGBMClassifier was fitted with feature names
  warnings.warn(
C:\Users\yukik\fx-ai-trading\.venv\Lib\site-packages\sklearn\utils\validation.py:2691: UserWarning: X does not have valid feature names, but LGBMClassifier was fitted with feature names
  warnings.warn(
C:\Users\yukik\fx-ai-trading\.venv\Lib\site-packages\sklearn\utils\validation.py:2691: UserWarning: X does not have valid feature names, but LGBMClassifier was fitted with feature names
  warnings.warn(
C:\Users\yukik\fx-ai-trading\.venv\Lib\site-packages\sklearn\utils\validation.py:2691: UserWarning: X does not have valid feature names, but LGBMClassifier was fitted with feature names
  warnings.warn(
C:\Users\yukik\fx-ai-trading\.venv\Lib\site-packages\sklearn\utils\validation.py:2691: UserWarning: X does not have valid feature names, but LGBMClassifier was fitted with feature names
  warnings.warn(
C:\Users\yukik\fx-ai-trading\.venv\Lib\site-packages\sklearn\utils\validation.py:2691: UserWarning: X does not have valid feature names, but LGBMClassifier was fitted with feature names
  warnings.warn(
C:\Users\yukik\fx-ai-trading\.venv\Lib\site-packages\sklearn\utils\validation.py:2691: UserWarning: X does not have valid feature names, but LGBMClassifier was fitted with feature names
  warnings.warn(
C:\Users\yukik\fx-ai-trading\.venv\Lib\site-packages\sklearn\utils\validation.py:2691: UserWarning: X does not have valid feature names, but LGBMClassifier was fitted with feature names
  warnings.warn(
C:\Users\yukik\fx-ai-trading\.venv\Lib\site-packages\sklearn\utils\validation.py:2691: UserWarning: X does not have valid feature names, but LGBMClassifier was fitted with feature names
  warnings.warn(
C:\Users\yukik\fx-ai-trading\.venv\Lib\site-packages\sklearn\utils\validation.py:2691: UserWarning: X does not have valid feature names, but LGBMClassifier was fitted with feature names
  warnings.warn(
C:\Users\yukik\fx-ai-trading\.venv\Lib\site-packages\sklearn\utils\validation.py:2691: UserWarning: X does not have valid feature names, but LGBMClassifier was fitted with feature names
  warnings.warn(
C:\Users\yukik\fx-ai-trading\.venv\Lib\site-packages\sklearn\utils\validation.py:2691: UserWarning: X does not have valid feature names, but LGBMClassifier was fitted with feature names
  warnings.warn(
C:\Users\yukik\fx-ai-trading\.venv\Lib\site-packages\sklearn\utils\validation.py:2691: UserWarning: X does not have valid feature names, but LGBMClassifier was fitted with feature names
  warnings.warn(
C:\Users\yukik\fx-ai-trading\.venv\Lib\site-packages\sklearn\utils\validation.py:2691: UserWarning: X does not have valid feature names, but LGBMClassifier was fitted with feature names
  warnings.warn(
C:\Users\yukik\fx-ai-trading\.venv\Lib\site-packages\sklearn\utils\validation.py:2691: UserWarning: X does not have valid feature names, but LGBMClassifier was fitted with feature names
  warnings.warn(
C:\Users\yukik\fx-ai-trading\.venv\Lib\site-packages\sklearn\utils\validation.py:2691: UserWarning: X does not have valid feature names, but LGBMClassifier was fitted with feature names
  warnings.warn(
C:\Users\yukik\fx-ai-trading\.venv\Lib\site-packages\sklearn\utils\validation.py:2691: UserWarning: X does not have valid feature names, but LGBMClassifier was fitted with feature names
  warnings.warn(
C:\Users\yukik\fx-ai-trading\.venv\Lib\site-packages\sklearn\utils\validation.py:2691: UserWarning: X does not have valid feature names, but LGBMClassifier was fitted with feature names
  warnings.warn(
C:\Users\yukik\fx-ai-trading\.venv\Lib\site-packages\sklearn\utils\validation.py:2691: UserWarning: X does not have valid feature names, but LGBMClassifier was fitted with feature names
  warnings.warn(
C:\Users\yukik\fx-ai-trading\.venv\Lib\site-packages\sklearn\utils\validation.py:2691: UserWarning: X does not have valid feature names, but LGBMClassifier was fitted with feature names
  warnings.warn(
C:\Users\yukik\fx-ai-trading\.venv\Lib\site-packages\sklearn\utils\validation.py:2691: UserWarning: X does not have valid feature names, but LGBMClassifier was fitted with feature names
  warnings.warn(
C:\Users\yukik\fx-ai-trading\.venv\Lib\site-packages\sklearn\utils\validation.py:2691: UserWarning: X does not have valid feature names, but LGBMClassifier was fitted with feature names
  warnings.warn(
C:\Users\yukik\fx-ai-trading\.venv\Lib\site-packages\sklearn\utils\validation.py:2691: UserWarning: X does not have valid feature names, but LGBMClassifier was fitted with feature names
  warnings.warn(
C:\Users\yukik\fx-ai-trading\.venv\Lib\site-packages\sklearn\utils\validation.py:2691: UserWarning: X does not have valid feature names, but LGBMClassifier was fitted with feature names
  warnings.warn(
C:\Users\yukik\fx-ai-trading\.venv\Lib\site-packages\sklearn\utils\validation.py:2691: UserWarning: X does not have valid feature names, but LGBMClassifier was fitted with feature names
  warnings.warn(
C:\Users\yukik\fx-ai-trading\.venv\Lib\site-packages\sklearn\utils\validation.py:2691: UserWarning: X does not have valid feature names, but LGBMClassifier was fitted with feature names
  warnings.warn(
C:\Users\yukik\fx-ai-trading\.venv\Lib\site-packages\sklearn\utils\validation.py:2691: UserWarning: X does not have valid feature names, but LGBMClassifier was fitted with feature names
  warnings.warn(
C:\Users\yukik\fx-ai-trading\.venv\Lib\site-packages\sklearn\utils\validation.py:2691: UserWarning: X does not have valid feature names, but LGBMClassifier was fitted with feature names
  warnings.warn(
C:\Users\yukik\fx-ai-trading\.venv\Lib\site-packages\sklearn\utils\validation.py:2691: UserWarning: X does not have valid feature names, but LGBMClassifier was fitted with feature names
  warnings.warn(
C:\Users\yukik\fx-ai-trading\.venv\Lib\site-packages\sklearn\utils\validation.py:2691: UserWarning: X does not have valid feature names, but LGBMClassifier was fitted with feature names
  warnings.warn(
C:\Users\yukik\fx-ai-trading\.venv\Lib\site-packages\sklearn\utils\validation.py:2691: UserWarning: X does not have valid feature names, but LGBMClassifier was fitted with feature names
  warnings.warn(
C:\Users\yukik\fx-ai-trading\.venv\Lib\site-packages\sklearn\utils\validation.py:2691: UserWarning: X does not have valid feature names, but LGBMClassifier was fitted with feature names
  warnings.warn(
C:\Users\yukik\fx-ai-trading\.venv\Lib\site-packages\sklearn\utils\validation.py:2691: UserWarning: X does not have valid feature names, but LGBMClassifier was fitted with feature names
  warnings.warn(
C:\Users\yukik\fx-ai-trading\.venv\Lib\site-packages\sklearn\utils\validation.py:2691: UserWarning: X does not have valid feature names, but LGBMClassifier was fitted with feature names
  warnings.warn(
C:\Users\yukik\fx-ai-trading\.venv\Lib\site-packages\sklearn\utils\validation.py:2691: UserWarning: X does not have valid feature names, but LGBMClassifier was fitted with feature names
  warnings.warn(
C:\Users\yukik\fx-ai-trading\.venv\Lib\site-packages\sklearn\utils\validation.py:2691: UserWarning: X does not have valid feature names, but LGBMClassifier was fitted with feature names
  warnings.warn(
C:\Users\yukik\fx-ai-trading\.venv\Lib\site-packages\sklearn\utils\validation.py:2691: UserWarning: X does not have valid feature names, but LGBMClassifier was fitted with feature names
  warnings.warn(
C:\Users\yukik\fx-ai-trading\.venv\Lib\site-packages\sklearn\utils\validation.py:2691: UserWarning: X does not have valid feature names, but LGBMClassifier was fitted with feature names
  warnings.warn(
C:\Users\yukik\fx-ai-trading\.venv\Lib\site-packages\sklearn\utils\validation.py:2691: UserWarning: X does not have valid feature names, but LGBMClassifier was fitted with feature names
  warnings.warn(
C:\Users\yukik\fx-ai-trading\.venv\Lib\site-packages\sklearn\utils\validation.py:2691: UserWarning: X does not have valid feature names, but LGBMClassifier was fitted with feature names
  warnings.warn(
C:\Users\yukik\fx-ai-trading\.venv\Lib\site-packages\sklearn\utils\validation.py:2691: UserWarning: X does not have valid feature names, but LGBMClassifier was fitted with feature names
  warnings.warn(
C:\Users\yukik\fx-ai-trading\.venv\Lib\site-packages\sklearn\utils\validation.py:2691: UserWarning: X does not have valid feature names, but LGBMClassifier was fitted with feature names
  warnings.warn(
C:\Users\yukik\fx-ai-trading\.venv\Lib\site-packages\sklearn\utils\validation.py:2691: UserWarning: X does not have valid feature names, but LGBMClassifier was fitted with feature names
  warnings.warn(
C:\Users\yukik\fx-ai-trading\.venv\Lib\site-packages\sklearn\utils\validation.py:2691: UserWarning: X does not have valid feature names, but LGBMClassifier was fitted with feature names
  warnings.warn(
C:\Users\yukik\fx-ai-trading\.venv\Lib\site-packages\sklearn\utils\validation.py:2691: UserWarning: X does not have valid feature names, but LGBMClassifier was fitted with feature names
  warnings.warn(
C:\Users\yukik\fx-ai-trading\.venv\Lib\site-packages\sklearn\utils\validation.py:2691: UserWarning: X does not have valid feature names, but LGBMClassifier was fitted with feature names
  warnings.warn(
C:\Users\yukik\fx-ai-trading\.venv\Lib\site-packages\sklearn\utils\validation.py:2691: UserWarning: X does not have valid feature names, but LGBMClassifier was fitted with feature names
  warnings.warn(
C:\Users\yukik\fx-ai-trading\.venv\Lib\site-packages\sklearn\utils\validation.py:2691: UserWarning: X does not have valid feature names, but LGBMClassifier was fitted with feature names
  warnings.warn(
C:\Users\yukik\fx-ai-trading\.venv\Lib\site-packages\sklearn\utils\validation.py:2691: UserWarning: X does not have valid feature names, but LGBMClassifier was fitted with feature names
  warnings.warn(
C:\Users\yukik\fx-ai-trading\.venv\Lib\site-packages\sklearn\utils\validation.py:2691: UserWarning: X does not have valid feature names, but LGBMClassifier was fitted with feature names
  warnings.warn(
C:\Users\yukik\fx-ai-trading\.venv\Lib\site-packages\sklearn\utils\validation.py:2691: UserWarning: X does not have valid feature names, but LGBMClassifier was fitted with feature names
  warnings.warn(
C:\Users\yukik\fx-ai-trading\.venv\Lib\site-packages\sklearn\utils\validation.py:2691: UserWarning: X does not have valid feature names, but LGBMClassifier was fitted with feature names
  warnings.warn(
C:\Users\yukik\fx-ai-trading\.venv\Lib\site-packages\sklearn\utils\validation.py:2691: UserWarning: X does not have valid feature names, but LGBMClassifier was fitted with feature names
  warnings.warn(
C:\Users\yukik\fx-ai-trading\.venv\Lib\site-packages\sklearn\utils\validation.py:2691: UserWarning: X does not have valid feature names, but LGBMClassifier was fitted with feature names
  warnings.warn(
C:\Users\yukik\fx-ai-trading\.venv\Lib\site-packages\sklearn\utils\validation.py:2691: UserWarning: X does not have valid feature names, but LGBMClassifier was fitted with feature names
  warnings.warn(
C:\Users\yukik\fx-ai-trading\.venv\Lib\site-packages\sklearn\utils\validation.py:2691: UserWarning: X does not have valid feature names, but LGBMClassifier was fitted with feature names
  warnings.warn(
C:\Users\yukik\fx-ai-trading\.venv\Lib\site-packages\sklearn\utils\validation.py:2691: UserWarning: X does not have valid feature names, but LGBMClassifier was fitted with feature names
  warnings.warn(
  conf=0.30  Sharpe=-0.1975  hit= 24.8%  n=   234  PnL=    -548.5  MaxDD=  -627.1  (31s)
C:\Users\yukik\fx-ai-trading\.venv\Lib\site-packages\sklearn\utils\validation.py:2691: UserWarning: X does not have valid feature names, but LGBMClassifier was fitted with feature names
  warnings.warn(
C:\Users\yukik\fx-ai-trading\.venv\Lib\site-packages\sklearn\utils\validation.py:2691: UserWarning: X does not have valid feature names, but LGBMClassifier was fitted with feature names
  warnings.warn(
C:\Users\yukik\fx-ai-trading\.venv\Lib\site-packages\sklearn\utils\validation.py:2691: UserWarning: X does not have valid feature names, but LGBMClassifier was fitted with feature names
  warnings.warn(
C:\Users\yukik\fx-ai-trading\.venv\Lib\site-packages\sklearn\utils\validation.py:2691: UserWarning: X does not have valid feature names, but LGBMClassifier was fitted with feature names
  warnings.warn(
C:\Users\yukik\fx-ai-trading\.venv\Lib\site-packages\sklearn\utils\validation.py:2691: UserWarning: X does not have valid feature names, but LGBMClassifier was fitted with feature names
  warnings.warn(
C:\Users\yukik\fx-ai-trading\.venv\Lib\site-packages\sklearn\utils\validation.py:2691: UserWarning: X does not have valid feature names, but LGBMClassifier was fitted with feature names
  warnings.warn(
C:\Users\yukik\fx-ai-trading\.venv\Lib\site-packages\sklearn\utils\validation.py:2691: UserWarning: X does not have valid feature names, but LGBMClassifier was fitted with feature names
  warnings.warn(
C:\Users\yukik\fx-ai-trading\.venv\Lib\site-packages\sklearn\utils\validation.py:2691: UserWarning: X does not have valid feature names, but LGBMClassifier was fitted with feature names
  warnings.warn(
C:\Users\yukik\fx-ai-trading\.venv\Lib\site-packages\sklearn\utils\validation.py:2691: UserWarning: X does not have valid feature names, but LGBMClassifier was fitted with feature names
  warnings.warn(
C:\Users\yukik\fx-ai-trading\.venv\Lib\site-packages\sklearn\utils\validation.py:2691: UserWarning: X does not have valid feature names, but LGBMClassifier was fitted with feature names
  warnings.warn(
C:\Users\yukik\fx-ai-trading\.venv\Lib\site-packages\sklearn\utils\validation.py:2691: UserWarning: X does not have valid feature names, but LGBMClassifier was fitted with feature names
  warnings.warn(
C:\Users\yukik\fx-ai-trading\.venv\Lib\site-packages\sklearn\utils\validation.py:2691: UserWarning: X does not have valid feature names, but LGBMClassifier was fitted with feature names
  warnings.warn(
C:\Users\yukik\fx-ai-trading\.venv\Lib\site-packages\sklearn\utils\validation.py:2691: UserWarning: X does not have valid feature names, but LGBMClassifier was fitted with feature names
  warnings.warn(
C:\Users\yukik\fx-ai-trading\.venv\Lib\site-packages\sklearn\utils\validation.py:2691: UserWarning: X does not have valid feature names, but LGBMClassifier was fitted with feature names
  warnings.warn(
C:\Users\yukik\fx-ai-trading\.venv\Lib\site-packages\sklearn\utils\validation.py:2691: UserWarning: X does not have valid feature names, but LGBMClassifier was fitted with feature names
  warnings.warn(
C:\Users\yukik\fx-ai-trading\.venv\Lib\site-packages\sklearn\utils\validation.py:2691: UserWarning: X does not have valid feature names, but LGBMClassifier was fitted with feature names
  warnings.warn(
C:\Users\yukik\fx-ai-trading\.venv\Lib\site-packages\sklearn\utils\validation.py:2691: UserWarning: X does not have valid feature names, but LGBMClassifier was fitted with feature names
  warnings.warn(
C:\Users\yukik\fx-ai-trading\.venv\Lib\site-packages\sklearn\utils\validation.py:2691: UserWarning: X does not have valid feature names, but LGBMClassifier was fitted with feature names
  warnings.warn(
C:\Users\yukik\fx-ai-trading\.venv\Lib\site-packages\sklearn\utils\validation.py:2691: UserWarning: X does not have valid feature names, but LGBMClassifier was fitted with feature names
  warnings.warn(
C:\Users\yukik\fx-ai-trading\.venv\Lib\site-packages\sklearn\utils\validation.py:2691: UserWarning: X does not have valid feature names, but LGBMClassifier was fitted with feature names
  warnings.warn(
C:\Users\yukik\fx-ai-trading\.venv\Lib\site-packages\sklearn\utils\validation.py:2691: UserWarning: X does not have valid feature names, but LGBMClassifier was fitted with feature names
  warnings.warn(
C:\Users\yukik\fx-ai-trading\.venv\Lib\site-packages\sklearn\utils\validation.py:2691: UserWarning: X does not have valid feature names, but LGBMClassifier was fitted with feature names
  warnings.warn(
C:\Users\yukik\fx-ai-trading\.venv\Lib\site-packages\sklearn\utils\validation.py:2691: UserWarning: X does not have valid feature names, but LGBMClassifier was fitted with feature names
  warnings.warn(
C:\Users\yukik\fx-ai-trading\.venv\Lib\site-packages\sklearn\utils\validation.py:2691: UserWarning: X does not have valid feature names, but LGBMClassifier was fitted with feature names
  warnings.warn(
C:\Users\yukik\fx-ai-trading\.venv\Lib\site-packages\sklearn\utils\validation.py:2691: UserWarning: X does not have valid feature names, but LGBMClassifier was fitted with feature names
  warnings.warn(
C:\Users\yukik\fx-ai-trading\.venv\Lib\site-packages\sklearn\utils\validation.py:2691: UserWarning: X does not have valid feature names, but LGBMClassifier was fitted with feature names
  warnings.warn(
C:\Users\yukik\fx-ai-trading\.venv\Lib\site-packages\sklearn\utils\validation.py:2691: UserWarning: X does not have valid feature names, but LGBMClassifier was fitted with feature names
  warnings.warn(
C:\Users\yukik\fx-ai-trading\.venv\Lib\site-packages\sklearn\utils\validation.py:2691: UserWarning: X does not have valid feature names, but LGBMClassifier was fitted with feature names
  warnings.warn(
C:\Users\yukik\fx-ai-trading\.venv\Lib\site-packages\sklearn\utils\validation.py:2691: UserWarning: X does not have valid feature names, but LGBMClassifier was fitted with feature names
  warnings.warn(
C:\Users\yukik\fx-ai-trading\.venv\Lib\site-packages\sklearn\utils\validation.py:2691: UserWarning: X does not have valid feature names, but LGBMClassifier was fitted with feature names
  warnings.warn(
C:\Users\yukik\fx-ai-trading\.venv\Lib\site-packages\sklearn\utils\validation.py:2691: UserWarning: X does not have valid feature names, but LGBMClassifier was fitted with feature names
  warnings.warn(
C:\Users\yukik\fx-ai-trading\.venv\Lib\site-packages\sklearn\utils\validation.py:2691: UserWarning: X does not have valid feature names, but LGBMClassifier was fitted with feature names
  warnings.warn(
C:\Users\yukik\fx-ai-trading\.venv\Lib\site-packages\sklearn\utils\validation.py:2691: UserWarning: X does not have valid feature names, but LGBMClassifier was fitted with feature names
  warnings.warn(
C:\Users\yukik\fx-ai-trading\.venv\Lib\site-packages\sklearn\utils\validation.py:2691: UserWarning: X does not have valid feature names, but LGBMClassifier was fitted with feature names
  warnings.warn(
C:\Users\yukik\fx-ai-trading\.venv\Lib\site-packages\sklearn\utils\validation.py:2691: UserWarning: X does not have valid feature names, but LGBMClassifier was fitted with feature names
  warnings.warn(
C:\Users\yukik\fx-ai-trading\.venv\Lib\site-packages\sklearn\utils\validation.py:2691: UserWarning: X does not have valid feature names, but LGBMClassifier was fitted with feature names
  warnings.warn(
C:\Users\yukik\fx-ai-trading\.venv\Lib\site-packages\sklearn\utils\validation.py:2691: UserWarning: X does not have valid feature names, but LGBMClassifier was fitted with feature names
  warnings.warn(
C:\Users\yukik\fx-ai-trading\.venv\Lib\site-packages\sklearn\utils\validation.py:2691: UserWarning: X does not have valid feature names, but LGBMClassifier was fitted with feature names
  warnings.warn(
C:\Users\yukik\fx-ai-trading\.venv\Lib\site-packages\sklearn\utils\validation.py:2691: UserWarning: X does not have valid feature names, but LGBMClassifier was fitted with feature names
  warnings.warn(
C:\Users\yukik\fx-ai-trading\.venv\Lib\site-packages\sklearn\utils\validation.py:2691: UserWarning: X does not have valid feature names, but LGBMClassifier was fitted with feature names
  warnings.warn(
C:\Users\yukik\fx-ai-trading\.venv\Lib\site-packages\sklearn\utils\validation.py:2691: UserWarning: X does not have valid feature names, but LGBMClassifier was fitted with feature names
  warnings.warn(
C:\Users\yukik\fx-ai-trading\.venv\Lib\site-packages\sklearn\utils\validation.py:2691: UserWarning: X does not have valid feature names, but LGBMClassifier was fitted with feature names
  warnings.warn(
C:\Users\yukik\fx-ai-trading\.venv\Lib\site-packages\sklearn\utils\validation.py:2691: UserWarning: X does not have valid feature names, but LGBMClassifier was fitted with feature names
  warnings.warn(
C:\Users\yukik\fx-ai-trading\.venv\Lib\site-packages\sklearn\utils\validation.py:2691: UserWarning: X does not have valid feature names, but LGBMClassifier was fitted with feature names
  warnings.warn(
C:\Users\yukik\fx-ai-trading\.venv\Lib\site-packages\sklearn\utils\validation.py:2691: UserWarning: X does not have valid feature names, but LGBMClassifier was fitted with feature names
  warnings.warn(
C:\Users\yukik\fx-ai-trading\.venv\Lib\site-packages\sklearn\utils\validation.py:2691: UserWarning: X does not have valid feature names, but LGBMClassifier was fitted with feature names
  warnings.warn(
C:\Users\yukik\fx-ai-trading\.venv\Lib\site-packages\sklearn\utils\validation.py:2691: UserWarning: X does not have valid feature names, but LGBMClassifier was fitted with feature names
  warnings.warn(
C:\Users\yukik\fx-ai-trading\.venv\Lib\site-packages\sklearn\utils\validation.py:2691: UserWarning: X does not have valid feature names, but LGBMClassifier was fitted with feature names
  warnings.warn(
C:\Users\yukik\fx-ai-trading\.venv\Lib\site-packages\sklearn\utils\validation.py:2691: UserWarning: X does not have valid feature names, but LGBMClassifier was fitted with feature names
  warnings.warn(
C:\Users\yukik\fx-ai-trading\.venv\Lib\site-packages\sklearn\utils\validation.py:2691: UserWarning: X does not have valid feature names, but LGBMClassifier was fitted with feature names
  warnings.warn(
C:\Users\yukik\fx-ai-trading\.venv\Lib\site-packages\sklearn\utils\validation.py:2691: UserWarning: X does not have valid feature names, but LGBMClassifier was fitted with feature names
  warnings.warn(
C:\Users\yukik\fx-ai-trading\.venv\Lib\site-packages\sklearn\utils\validation.py:2691: UserWarning: X does not have valid feature names, but LGBMClassifier was fitted with feature names
  warnings.warn(
C:\Users\yukik\fx-ai-trading\.venv\Lib\site-packages\sklearn\utils\validation.py:2691: UserWarning: X does not have valid feature names, but LGBMClassifier was fitted with feature names
  warnings.warn(
C:\Users\yukik\fx-ai-trading\.venv\Lib\site-packages\sklearn\utils\validation.py:2691: UserWarning: X does not have valid feature names, but LGBMClassifier was fitted with feature names
  warnings.warn(
C:\Users\yukik\fx-ai-trading\.venv\Lib\site-packages\sklearn\utils\validation.py:2691: UserWarning: X does not have valid feature names, but LGBMClassifier was fitted with feature names
  warnings.warn(
C:\Users\yukik\fx-ai-trading\.venv\Lib\site-packages\sklearn\utils\validation.py:2691: UserWarning: X does not have valid feature names, but LGBMClassifier was fitted with feature names
  warnings.warn(
C:\Users\yukik\fx-ai-trading\.venv\Lib\site-packages\sklearn\utils\validation.py:2691: UserWarning: X does not have valid feature names, but LGBMClassifier was fitted with feature names
  warnings.warn(
C:\Users\yukik\fx-ai-trading\.venv\Lib\site-packages\sklearn\utils\validation.py:2691: UserWarning: X does not have valid feature names, but LGBMClassifier was fitted with feature names
  warnings.warn(
C:\Users\yukik\fx-ai-trading\.venv\Lib\site-packages\sklearn\utils\validation.py:2691: UserWarning: X does not have valid feature names, but LGBMClassifier was fitted with feature names
  warnings.warn(
C:\Users\yukik\fx-ai-trading\.venv\Lib\site-packages\sklearn\utils\validation.py:2691: UserWarning: X does not have valid feature names, but LGBMClassifier was fitted with feature names
  warnings.warn(
C:\Users\yukik\fx-ai-trading\.venv\Lib\site-packages\sklearn\utils\validation.py:2691: UserWarning: X does not have valid feature names, but LGBMClassifier was fitted with feature names
  warnings.warn(
C:\Users\yukik\fx-ai-trading\.venv\Lib\site-packages\sklearn\utils\validation.py:2691: UserWarning: X does not have valid feature names, but LGBMClassifier was fitted with feature names
  warnings.warn(
C:\Users\yukik\fx-ai-trading\.venv\Lib\site-packages\sklearn\utils\validation.py:2691: UserWarning: X does not have valid feature names, but LGBMClassifier was fitted with feature names
  warnings.warn(
C:\Users\yukik\fx-ai-trading\.venv\Lib\site-packages\sklearn\utils\validation.py:2691: UserWarning: X does not have valid feature names, but LGBMClassifier was fitted with feature names
  warnings.warn(
C:\Users\yukik\fx-ai-trading\.venv\Lib\site-packages\sklearn\utils\validation.py:2691: UserWarning: X does not have valid feature names, but LGBMClassifier was fitted with feature names
  warnings.warn(
C:\Users\yukik\fx-ai-trading\.venv\Lib\site-packages\sklearn\utils\validation.py:2691: UserWarning: X does not have valid feature names, but LGBMClassifier was fitted with feature names
  warnings.warn(
C:\Users\yukik\fx-ai-trading\.venv\Lib\site-packages\sklearn\utils\validation.py:2691: UserWarning: X does not have valid feature names, but LGBMClassifier was fitted with feature names
  warnings.warn(
C:\Users\yukik\fx-ai-trading\.venv\Lib\site-packages\sklearn\utils\validation.py:2691: UserWarning: X does not have valid feature names, but LGBMClassifier was fitted with feature names
  warnings.warn(
C:\Users\yukik\fx-ai-trading\.venv\Lib\site-packages\sklearn\utils\validation.py:2691: UserWarning: X does not have valid feature names, but LGBMClassifier was fitted with feature names
  warnings.warn(
C:\Users\yukik\fx-ai-trading\.venv\Lib\site-packages\sklearn\utils\validation.py:2691: UserWarning: X does not have valid feature names, but LGBMClassifier was fitted with feature names
  warnings.warn(
C:\Users\yukik\fx-ai-trading\.venv\Lib\site-packages\sklearn\utils\validation.py:2691: UserWarning: X does not have valid feature names, but LGBMClassifier was fitted with feature names
  warnings.warn(
C:\Users\yukik\fx-ai-trading\.venv\Lib\site-packages\sklearn\utils\validation.py:2691: UserWarning: X does not have valid feature names, but LGBMClassifier was fitted with feature names
  warnings.warn(
C:\Users\yukik\fx-ai-trading\.venv\Lib\site-packages\sklearn\utils\validation.py:2691: UserWarning: X does not have valid feature names, but LGBMClassifier was fitted with feature names
  warnings.warn(
C:\Users\yukik\fx-ai-trading\.venv\Lib\site-packages\sklearn\utils\validation.py:2691: UserWarning: X does not have valid feature names, but LGBMClassifier was fitted with feature names
  warnings.warn(
C:\Users\yukik\fx-ai-trading\.venv\Lib\site-packages\sklearn\utils\validation.py:2691: UserWarning: X does not have valid feature names, but LGBMClassifier was fitted with feature names
  warnings.warn(
C:\Users\yukik\fx-ai-trading\.venv\Lib\site-packages\sklearn\utils\validation.py:2691: UserWarning: X does not have valid feature names, but LGBMClassifier was fitted with feature names
  warnings.warn(
C:\Users\yukik\fx-ai-trading\.venv\Lib\site-packages\sklearn\utils\validation.py:2691: UserWarning: X does not have valid feature names, but LGBMClassifier was fitted with feature names
  warnings.warn(
C:\Users\yukik\fx-ai-trading\.venv\Lib\site-packages\sklearn\utils\validation.py:2691: UserWarning: X does not have valid feature names, but LGBMClassifier was fitted with feature names
  warnings.warn(
C:\Users\yukik\fx-ai-trading\.venv\Lib\site-packages\sklearn\utils\validation.py:2691: UserWarning: X does not have valid feature names, but LGBMClassifier was fitted with feature names
  warnings.warn(
C:\Users\yukik\fx-ai-trading\.venv\Lib\site-packages\sklearn\utils\validation.py:2691: UserWarning: X does not have valid feature names, but LGBMClassifier was fitted with feature names
  warnings.warn(
C:\Users\yukik\fx-ai-trading\.venv\Lib\site-packages\sklearn\utils\validation.py:2691: UserWarning: X does not have valid feature names, but LGBMClassifier was fitted with feature names
  warnings.warn(
C:\Users\yukik\fx-ai-trading\.venv\Lib\site-packages\sklearn\utils\validation.py:2691: UserWarning: X does not have valid feature names, but LGBMClassifier was fitted with feature names
  warnings.warn(
C:\Users\yukik\fx-ai-trading\.venv\Lib\site-packages\sklearn\utils\validation.py:2691: UserWarning: X does not have valid feature names, but LGBMClassifier was fitted with feature names
  warnings.warn(
C:\Users\yukik\fx-ai-trading\.venv\Lib\site-packages\sklearn\utils\validation.py:2691: UserWarning: X does not have valid feature names, but LGBMClassifier was fitted with feature names
  warnings.warn(
C:\Users\yukik\fx-ai-trading\.venv\Lib\site-packages\sklearn\utils\validation.py:2691: UserWarning: X does not have valid feature names, but LGBMClassifier was fitted with feature names
  warnings.warn(
C:\Users\yukik\fx-ai-trading\.venv\Lib\site-packages\sklearn\utils\validation.py:2691: UserWarning: X does not have valid feature names, but LGBMClassifier was fitted with feature names
  warnings.warn(
C:\Users\yukik\fx-ai-trading\.venv\Lib\site-packages\sklearn\utils\validation.py:2691: UserWarning: X does not have valid feature names, but LGBMClassifier was fitted with feature names
  warnings.warn(
C:\Users\yukik\fx-ai-trading\.venv\Lib\site-packages\sklearn\utils\validation.py:2691: UserWarning: X does not have valid feature names, but LGBMClassifier was fitted with feature names
  warnings.warn(
C:\Users\yukik\fx-ai-trading\.venv\Lib\site-packages\sklearn\utils\validation.py:2691: UserWarning: X does not have valid feature names, but LGBMClassifier was fitted with feature names
  warnings.warn(
C:\Users\yukik\fx-ai-trading\.venv\Lib\site-packages\sklearn\utils\validation.py:2691: UserWarning: X does not have valid feature names, but LGBMClassifier was fitted with feature names
  warnings.warn(
C:\Users\yukik\fx-ai-trading\.venv\Lib\site-packages\sklearn\utils\validation.py:2691: UserWarning: X does not have valid feature names, but LGBMClassifier was fitted with feature names
  warnings.warn(
C:\Users\yukik\fx-ai-trading\.venv\Lib\site-packages\sklearn\utils\validation.py:2691: UserWarning: X does not have valid feature names, but LGBMClassifier was fitted with feature names
  warnings.warn(
C:\Users\yukik\fx-ai-trading\.venv\Lib\site-packages\sklearn\utils\validation.py:2691: UserWarning: X does not have valid feature names, but LGBMClassifier was fitted with feature names
  warnings.warn(
C:\Users\yukik\fx-ai-trading\.venv\Lib\site-packages\sklearn\utils\validation.py:2691: UserWarning: X does not have valid feature names, but LGBMClassifier was fitted with feature names
  warnings.warn(
C:\Users\yukik\fx-ai-trading\.venv\Lib\site-packages\sklearn\utils\validation.py:2691: UserWarning: X does not have valid feature names, but LGBMClassifier was fitted with feature names
  warnings.warn(
C:\Users\yukik\fx-ai-trading\.venv\Lib\site-packages\sklearn\utils\validation.py:2691: UserWarning: X does not have valid feature names, but LGBMClassifier was fitted with feature names
  warnings.warn(
C:\Users\yukik\fx-ai-trading\.venv\Lib\site-packages\sklearn\utils\validation.py:2691: UserWarning: X does not have valid feature names, but LGBMClassifier was fitted with feature names
  warnings.warn(
C:\Users\yukik\fx-ai-trading\.venv\Lib\site-packages\sklearn\utils\validation.py:2691: UserWarning: X does not have valid feature names, but LGBMClassifier was fitted with feature names
  warnings.warn(
C:\Users\yukik\fx-ai-trading\.venv\Lib\site-packages\sklearn\utils\validation.py:2691: UserWarning: X does not have valid feature names, but LGBMClassifier was fitted with feature names
  warnings.warn(
C:\Users\yukik\fx-ai-trading\.venv\Lib\site-packages\sklearn\utils\validation.py:2691: UserWarning: X does not have valid feature names, but LGBMClassifier was fitted with feature names
  warnings.warn(
  conf=0.35  Sharpe=-0.0612  hit= 31.7%  n=    60  PnL=     -50.2  MaxDD=  -166.1  (33s)
C:\Users\yukik\fx-ai-trading\.venv\Lib\site-packages\sklearn\utils\validation.py:2691: UserWarning: X does not have valid feature names, but LGBMClassifier was fitted with feature names
  warnings.warn(
C:\Users\yukik\fx-ai-trading\.venv\Lib\site-packages\sklearn\utils\validation.py:2691: UserWarning: X does not have valid feature names, but LGBMClassifier was fitted with feature names
  warnings.warn(
C:\Users\yukik\fx-ai-trading\.venv\Lib\site-packages\sklearn\utils\validation.py:2691: UserWarning: X does not have valid feature names, but LGBMClassifier was fitted with feature names
  warnings.warn(
C:\Users\yukik\fx-ai-trading\.venv\Lib\site-packages\sklearn\utils\validation.py:2691: UserWarning: X does not have valid feature names, but LGBMClassifier was fitted with feature names
  warnings.warn(
C:\Users\yukik\fx-ai-trading\.venv\Lib\site-packages\sklearn\utils\validation.py:2691: UserWarning: X does not have valid feature names, but LGBMClassifier was fitted with feature names
  warnings.warn(
C:\Users\yukik\fx-ai-trading\.venv\Lib\site-packages\sklearn\utils\validation.py:2691: UserWarning: X does not have valid feature names, but LGBMClassifier was fitted with feature names
  warnings.warn(
C:\Users\yukik\fx-ai-trading\.venv\Lib\site-packages\sklearn\utils\validation.py:2691: UserWarning: X does not have valid feature names, but LGBMClassifier was fitted with feature names
  warnings.warn(
C:\Users\yukik\fx-ai-trading\.venv\Lib\site-packages\sklearn\utils\validation.py:2691: UserWarning: X does not have valid feature names, but LGBMClassifier was fitted with feature names
  warnings.warn(
C:\Users\yukik\fx-ai-trading\.venv\Lib\site-packages\sklearn\utils\validation.py:2691: UserWarning: X does not have valid feature names, but LGBMClassifier was fitted with feature names
  warnings.warn(
C:\Users\yukik\fx-ai-trading\.venv\Lib\site-packages\sklearn\utils\validation.py:2691: UserWarning: X does not have valid feature names, but LGBMClassifier was fitted with feature names
  warnings.warn(
C:\Users\yukik\fx-ai-trading\.venv\Lib\site-packages\sklearn\utils\validation.py:2691: UserWarning: X does not have valid feature names, but LGBMClassifier was fitted with feature names
  warnings.warn(
C:\Users\yukik\fx-ai-trading\.venv\Lib\site-packages\sklearn\utils\validation.py:2691: UserWarning: X does not have valid feature names, but LGBMClassifier was fitted with feature names
  warnings.warn(
C:\Users\yukik\fx-ai-trading\.venv\Lib\site-packages\sklearn\utils\validation.py:2691: UserWarning: X does not have valid feature names, but LGBMClassifier was fitted with feature names
  warnings.warn(
C:\Users\yukik\fx-ai-trading\.venv\Lib\site-packages\sklearn\utils\validation.py:2691: UserWarning: X does not have valid feature names, but LGBMClassifier was fitted with feature names
  warnings.warn(
C:\Users\yukik\fx-ai-trading\.venv\Lib\site-packages\sklearn\utils\validation.py:2691: UserWarning: X does not have valid feature names, but LGBMClassifier was fitted with feature names
  warnings.warn(
C:\Users\yukik\fx-ai-trading\.venv\Lib\site-packages\sklearn\utils\validation.py:2691: UserWarning: X does not have valid feature names, but LGBMClassifier was fitted with feature names
  warnings.warn(
C:\Users\yukik\fx-ai-trading\.venv\Lib\site-packages\sklearn\utils\validation.py:2691: UserWarning: X does not have valid feature names, but LGBMClassifier was fitted with feature names
  warnings.warn(
C:\Users\yukik\fx-ai-trading\.venv\Lib\site-packages\sklearn\utils\validation.py:2691: UserWarning: X does not have valid feature names, but LGBMClassifier was fitted with feature names
  warnings.warn(
C:\Users\yukik\fx-ai-trading\.venv\Lib\site-packages\sklearn\utils\validation.py:2691: UserWarning: X does not have valid feature names, but LGBMClassifier was fitted with feature names
  warnings.warn(
C:\Users\yukik\fx-ai-trading\.venv\Lib\site-packages\sklearn\utils\validation.py:2691: UserWarning: X does not have valid feature names, but LGBMClassifier was fitted with feature names
  warnings.warn(
C:\Users\yukik\fx-ai-trading\.venv\Lib\site-packages\sklearn\utils\validation.py:2691: UserWarning: X does not have valid feature names, but LGBMClassifier was fitted with feature names
  warnings.warn(
C:\Users\yukik\fx-ai-trading\.venv\Lib\site-packages\sklearn\utils\validation.py:2691: UserWarning: X does not have valid feature names, but LGBMClassifier was fitted with feature names
  warnings.warn(
C:\Users\yukik\fx-ai-trading\.venv\Lib\site-packages\sklearn\utils\validation.py:2691: UserWarning: X does not have valid feature names, but LGBMClassifier was fitted with feature names
  warnings.warn(
C:\Users\yukik\fx-ai-trading\.venv\Lib\site-packages\sklearn\utils\validation.py:2691: UserWarning: X does not have valid feature names, but LGBMClassifier was fitted with feature names
  warnings.warn(
C:\Users\yukik\fx-ai-trading\.venv\Lib\site-packages\sklearn\utils\validation.py:2691: UserWarning: X does not have valid feature names, but LGBMClassifier was fitted with feature names
  warnings.warn(
C:\Users\yukik\fx-ai-trading\.venv\Lib\site-packages\sklearn\utils\validation.py:2691: UserWarning: X does not have valid feature names, but LGBMClassifier was fitted with feature names
  warnings.warn(
C:\Users\yukik\fx-ai-trading\.venv\Lib\site-packages\sklearn\utils\validation.py:2691: UserWarning: X does not have valid feature names, but LGBMClassifier was fitted with feature names
  warnings.warn(
C:\Users\yukik\fx-ai-trading\.venv\Lib\site-packages\sklearn\utils\validation.py:2691: UserWarning: X does not have valid feature names, but LGBMClassifier was fitted with feature names
  warnings.warn(
C:\Users\yukik\fx-ai-trading\.venv\Lib\site-packages\sklearn\utils\validation.py:2691: UserWarning: X does not have valid feature names, but LGBMClassifier was fitted with feature names
  warnings.warn(
C:\Users\yukik\fx-ai-trading\.venv\Lib\site-packages\sklearn\utils\validation.py:2691: UserWarning: X does not have valid feature names, but LGBMClassifier was fitted with feature names
  warnings.warn(
C:\Users\yukik\fx-ai-trading\.venv\Lib\site-packages\sklearn\utils\validation.py:2691: UserWarning: X does not have valid feature names, but LGBMClassifier was fitted with feature names
  warnings.warn(
C:\Users\yukik\fx-ai-trading\.venv\Lib\site-packages\sklearn\utils\validation.py:2691: UserWarning: X does not have valid feature names, but LGBMClassifier was fitted with feature names
  warnings.warn(
C:\Users\yukik\fx-ai-trading\.venv\Lib\site-packages\sklearn\utils\validation.py:2691: UserWarning: X does not have valid feature names, but LGBMClassifier was fitted with feature names
  warnings.warn(
C:\Users\yukik\fx-ai-trading\.venv\Lib\site-packages\sklearn\utils\validation.py:2691: UserWarning: X does not have valid feature names, but LGBMClassifier was fitted with feature names
  warnings.warn(
C:\Users\yukik\fx-ai-trading\.venv\Lib\site-packages\sklearn\utils\validation.py:2691: UserWarning: X does not have valid feature names, but LGBMClassifier was fitted with feature names
  warnings.warn(
C:\Users\yukik\fx-ai-trading\.venv\Lib\site-packages\sklearn\utils\validation.py:2691: UserWarning: X does not have valid feature names, but LGBMClassifier was fitted with feature names
  warnings.warn(
C:\Users\yukik\fx-ai-trading\.venv\Lib\site-packages\sklearn\utils\validation.py:2691: UserWarning: X does not have valid feature names, but LGBMClassifier was fitted with feature names
  warnings.warn(
C:\Users\yukik\fx-ai-trading\.venv\Lib\site-packages\sklearn\utils\validation.py:2691: UserWarning: X does not have valid feature names, but LGBMClassifier was fitted with feature names
  warnings.warn(
C:\Users\yukik\fx-ai-trading\.venv\Lib\site-packages\sklearn\utils\validation.py:2691: UserWarning: X does not have valid feature names, but LGBMClassifier was fitted with feature names
  warnings.warn(
C:\Users\yukik\fx-ai-trading\.venv\Lib\site-packages\sklearn\utils\validation.py:2691: UserWarning: X does not have valid feature names, but LGBMClassifier was fitted with feature names
  warnings.warn(
C:\Users\yukik\fx-ai-trading\.venv\Lib\site-packages\sklearn\utils\validation.py:2691: UserWarning: X does not have valid feature names, but LGBMClassifier was fitted with feature names
  warnings.warn(
C:\Users\yukik\fx-ai-trading\.venv\Lib\site-packages\sklearn\utils\validation.py:2691: UserWarning: X does not have valid feature names, but LGBMClassifier was fitted with feature names
  warnings.warn(
C:\Users\yukik\fx-ai-trading\.venv\Lib\site-packages\sklearn\utils\validation.py:2691: UserWarning: X does not have valid feature names, but LGBMClassifier was fitted with feature names
  warnings.warn(
C:\Users\yukik\fx-ai-trading\.venv\Lib\site-packages\sklearn\utils\validation.py:2691: UserWarning: X does not have valid feature names, but LGBMClassifier was fitted with feature names
  warnings.warn(
C:\Users\yukik\fx-ai-trading\.venv\Lib\site-packages\sklearn\utils\validation.py:2691: UserWarning: X does not have valid feature names, but LGBMClassifier was fitted with feature names
  warnings.warn(
C:\Users\yukik\fx-ai-trading\.venv\Lib\site-packages\sklearn\utils\validation.py:2691: UserWarning: X does not have valid feature names, but LGBMClassifier was fitted with feature names
  warnings.warn(
C:\Users\yukik\fx-ai-trading\.venv\Lib\site-packages\sklearn\utils\validation.py:2691: UserWarning: X does not have valid feature names, but LGBMClassifier was fitted with feature names
  warnings.warn(
C:\Users\yukik\fx-ai-trading\.venv\Lib\site-packages\sklearn\utils\validation.py:2691: UserWarning: X does not have valid feature names, but LGBMClassifier was fitted with feature names
  warnings.warn(
C:\Users\yukik\fx-ai-trading\.venv\Lib\site-packages\sklearn\utils\validation.py:2691: UserWarning: X does not have valid feature names, but LGBMClassifier was fitted with feature names
  warnings.warn(
C:\Users\yukik\fx-ai-trading\.venv\Lib\site-packages\sklearn\utils\validation.py:2691: UserWarning: X does not have valid feature names, but LGBMClassifier was fitted with feature names
  warnings.warn(
C:\Users\yukik\fx-ai-trading\.venv\Lib\site-packages\sklearn\utils\validation.py:2691: UserWarning: X does not have valid feature names, but LGBMClassifier was fitted with feature names
  warnings.warn(
C:\Users\yukik\fx-ai-trading\.venv\Lib\site-packages\sklearn\utils\validation.py:2691: UserWarning: X does not have valid feature names, but LGBMClassifier was fitted with feature names
  warnings.warn(
C:\Users\yukik\fx-ai-trading\.venv\Lib\site-packages\sklearn\utils\validation.py:2691: UserWarning: X does not have valid feature names, but LGBMClassifier was fitted with feature names
  warnings.warn(
C:\Users\yukik\fx-ai-trading\.venv\Lib\site-packages\sklearn\utils\validation.py:2691: UserWarning: X does not have valid feature names, but LGBMClassifier was fitted with feature names
  warnings.warn(
C:\Users\yukik\fx-ai-trading\.venv\Lib\site-packages\sklearn\utils\validation.py:2691: UserWarning: X does not have valid feature names, but LGBMClassifier was fitted with feature names
  warnings.warn(
C:\Users\yukik\fx-ai-trading\.venv\Lib\site-packages\sklearn\utils\validation.py:2691: UserWarning: X does not have valid feature names, but LGBMClassifier was fitted with feature names
  warnings.warn(
C:\Users\yukik\fx-ai-trading\.venv\Lib\site-packages\sklearn\utils\validation.py:2691: UserWarning: X does not have valid feature names, but LGBMClassifier was fitted with feature names
  warnings.warn(
C:\Users\yukik\fx-ai-trading\.venv\Lib\site-packages\sklearn\utils\validation.py:2691: UserWarning: X does not have valid feature names, but LGBMClassifier was fitted with feature names
  warnings.warn(
C:\Users\yukik\fx-ai-trading\.venv\Lib\site-packages\sklearn\utils\validation.py:2691: UserWarning: X does not have valid feature names, but LGBMClassifier was fitted with feature names
  warnings.warn(
C:\Users\yukik\fx-ai-trading\.venv\Lib\site-packages\sklearn\utils\validation.py:2691: UserWarning: X does not have valid feature names, but LGBMClassifier was fitted with feature names
  warnings.warn(
C:\Users\yukik\fx-ai-trading\.venv\Lib\site-packages\sklearn\utils\validation.py:2691: UserWarning: X does not have valid feature names, but LGBMClassifier was fitted with feature names
  warnings.warn(
C:\Users\yukik\fx-ai-trading\.venv\Lib\site-packages\sklearn\utils\validation.py:2691: UserWarning: X does not have valid feature names, but LGBMClassifier was fitted with feature names
  warnings.warn(
C:\Users\yukik\fx-ai-trading\.venv\Lib\site-packages\sklearn\utils\validation.py:2691: UserWarning: X does not have valid feature names, but LGBMClassifier was fitted with feature names
  warnings.warn(
C:\Users\yukik\fx-ai-trading\.venv\Lib\site-packages\sklearn\utils\validation.py:2691: UserWarning: X does not have valid feature names, but LGBMClassifier was fitted with feature names
  warnings.warn(
C:\Users\yukik\fx-ai-trading\.venv\Lib\site-packages\sklearn\utils\validation.py:2691: UserWarning: X does not have valid feature names, but LGBMClassifier was fitted with feature names
  warnings.warn(
C:\Users\yukik\fx-ai-trading\.venv\Lib\site-packages\sklearn\utils\validation.py:2691: UserWarning: X does not have valid feature names, but LGBMClassifier was fitted with feature names
  warnings.warn(
C:\Users\yukik\fx-ai-trading\.venv\Lib\site-packages\sklearn\utils\validation.py:2691: UserWarning: X does not have valid feature names, but LGBMClassifier was fitted with feature names
  warnings.warn(
C:\Users\yukik\fx-ai-trading\.venv\Lib\site-packages\sklearn\utils\validation.py:2691: UserWarning: X does not have valid feature names, but LGBMClassifier was fitted with feature names
  warnings.warn(
C:\Users\yukik\fx-ai-trading\.venv\Lib\site-packages\sklearn\utils\validation.py:2691: UserWarning: X does not have valid feature names, but LGBMClassifier was fitted with feature names
  warnings.warn(
C:\Users\yukik\fx-ai-trading\.venv\Lib\site-packages\sklearn\utils\validation.py:2691: UserWarning: X does not have valid feature names, but LGBMClassifier was fitted with feature names
  warnings.warn(
C:\Users\yukik\fx-ai-trading\.venv\Lib\site-packages\sklearn\utils\validation.py:2691: UserWarning: X does not have valid feature names, but LGBMClassifier was fitted with feature names
  warnings.warn(
C:\Users\yukik\fx-ai-trading\.venv\Lib\site-packages\sklearn\utils\validation.py:2691: UserWarning: X does not have valid feature names, but LGBMClassifier was fitted with feature names
  warnings.warn(
C:\Users\yukik\fx-ai-trading\.venv\Lib\site-packages\sklearn\utils\validation.py:2691: UserWarning: X does not have valid feature names, but LGBMClassifier was fitted with feature names
  warnings.warn(
C:\Users\yukik\fx-ai-trading\.venv\Lib\site-packages\sklearn\utils\validation.py:2691: UserWarning: X does not have valid feature names, but LGBMClassifier was fitted with feature names
  warnings.warn(
C:\Users\yukik\fx-ai-trading\.venv\Lib\site-packages\sklearn\utils\validation.py:2691: UserWarning: X does not have valid feature names, but LGBMClassifier was fitted with feature names
  warnings.warn(
C:\Users\yukik\fx-ai-trading\.venv\Lib\site-packages\sklearn\utils\validation.py:2691: UserWarning: X does not have valid feature names, but LGBMClassifier was fitted with feature names
  warnings.warn(
C:\Users\yukik\fx-ai-trading\.venv\Lib\site-packages\sklearn\utils\validation.py:2691: UserWarning: X does not have valid feature names, but LGBMClassifier was fitted with feature names
  warnings.warn(
C:\Users\yukik\fx-ai-trading\.venv\Lib\site-packages\sklearn\utils\validation.py:2691: UserWarning: X does not have valid feature names, but LGBMClassifier was fitted with feature names
  warnings.warn(
C:\Users\yukik\fx-ai-trading\.venv\Lib\site-packages\sklearn\utils\validation.py:2691: UserWarning: X does not have valid feature names, but LGBMClassifier was fitted with feature names
  warnings.warn(
C:\Users\yukik\fx-ai-trading\.venv\Lib\site-packages\sklearn\utils\validation.py:2691: UserWarning: X does not have valid feature names, but LGBMClassifier was fitted with feature names
  warnings.warn(
C:\Users\yukik\fx-ai-trading\.venv\Lib\site-packages\sklearn\utils\validation.py:2691: UserWarning: X does not have valid feature names, but LGBMClassifier was fitted with feature names
  warnings.warn(
C:\Users\yukik\fx-ai-trading\.venv\Lib\site-packages\sklearn\utils\validation.py:2691: UserWarning: X does not have valid feature names, but LGBMClassifier was fitted with feature names
  warnings.warn(
C:\Users\yukik\fx-ai-trading\.venv\Lib\site-packages\sklearn\utils\validation.py:2691: UserWarning: X does not have valid feature names, but LGBMClassifier was fitted with feature names
  warnings.warn(
C:\Users\yukik\fx-ai-trading\.venv\Lib\site-packages\sklearn\utils\validation.py:2691: UserWarning: X does not have valid feature names, but LGBMClassifier was fitted with feature names
  warnings.warn(
C:\Users\yukik\fx-ai-trading\.venv\Lib\site-packages\sklearn\utils\validation.py:2691: UserWarning: X does not have valid feature names, but LGBMClassifier was fitted with feature names
  warnings.warn(
C:\Users\yukik\fx-ai-trading\.venv\Lib\site-packages\sklearn\utils\validation.py:2691: UserWarning: X does not have valid feature names, but LGBMClassifier was fitted with feature names
  warnings.warn(
C:\Users\yukik\fx-ai-trading\.venv\Lib\site-packages\sklearn\utils\validation.py:2691: UserWarning: X does not have valid feature names, but LGBMClassifier was fitted with feature names
  warnings.warn(
C:\Users\yukik\fx-ai-trading\.venv\Lib\site-packages\sklearn\utils\validation.py:2691: UserWarning: X does not have valid feature names, but LGBMClassifier was fitted with feature names
  warnings.warn(
C:\Users\yukik\fx-ai-trading\.venv\Lib\site-packages\sklearn\utils\validation.py:2691: UserWarning: X does not have valid feature names, but LGBMClassifier was fitted with feature names
  warnings.warn(
C:\Users\yukik\fx-ai-trading\.venv\Lib\site-packages\sklearn\utils\validation.py:2691: UserWarning: X does not have valid feature names, but LGBMClassifier was fitted with feature names
  warnings.warn(
C:\Users\yukik\fx-ai-trading\.venv\Lib\site-packages\sklearn\utils\validation.py:2691: UserWarning: X does not have valid feature names, but LGBMClassifier was fitted with feature names
  warnings.warn(
C:\Users\yukik\fx-ai-trading\.venv\Lib\site-packages\sklearn\utils\validation.py:2691: UserWarning: X does not have valid feature names, but LGBMClassifier was fitted with feature names
  warnings.warn(
C:\Users\yukik\fx-ai-trading\.venv\Lib\site-packages\sklearn\utils\validation.py:2691: UserWarning: X does not have valid feature names, but LGBMClassifier was fitted with feature names
  warnings.warn(
C:\Users\yukik\fx-ai-trading\.venv\Lib\site-packages\sklearn\utils\validation.py:2691: UserWarning: X does not have valid feature names, but LGBMClassifier was fitted with feature names
  warnings.warn(
C:\Users\yukik\fx-ai-trading\.venv\Lib\site-packages\sklearn\utils\validation.py:2691: UserWarning: X does not have valid feature names, but LGBMClassifier was fitted with feature names
  warnings.warn(
C:\Users\yukik\fx-ai-trading\.venv\Lib\site-packages\sklearn\utils\validation.py:2691: UserWarning: X does not have valid feature names, but LGBMClassifier was fitted with feature names
  warnings.warn(
C:\Users\yukik\fx-ai-trading\.venv\Lib\site-packages\sklearn\utils\validation.py:2691: UserWarning: X does not have valid feature names, but LGBMClassifier was fitted with feature names
  warnings.warn(
C:\Users\yukik\fx-ai-trading\.venv\Lib\site-packages\sklearn\utils\validation.py:2691: UserWarning: X does not have valid feature names, but LGBMClassifier was fitted with feature names
  warnings.warn(
C:\Users\yukik\fx-ai-trading\.venv\Lib\site-packages\sklearn\utils\validation.py:2691: UserWarning: X does not have valid feature names, but LGBMClassifier was fitted with feature names
  warnings.warn(
C:\Users\yukik\fx-ai-trading\.venv\Lib\site-packages\sklearn\utils\validation.py:2691: UserWarning: X does not have valid feature names, but LGBMClassifier was fitted with feature names
  warnings.warn(
  conf=0.40  Sharpe=-0.4420  hit= 12.5%  n=    16  PnL=     -97.7  MaxDD=   -89.3  (33s)

[3/3] >> tp=1.5 sl=1.5 ...
  labels built 19.0s
  5 folds
    fold 1/5  train [2024-04-30->2025-04-30]  (24.4s)
    fold 2/5  train [2024-07-29->2025-07-29]  (23.4s)
    fold 3/5  train [2024-10-27->2025-10-27]  (20.7s)
    fold 4/5  train [2025-01-25->2026-01-25]  (21.3s)
    fold 5/5  train [2025-04-25->2026-04-25]  (19.6s)
C:\Users\yukik\fx-ai-trading\.venv\Lib\site-packages\sklearn\utils\validation.py:2691: UserWarning: X does not have valid feature names, but LGBMClassifier was fitted with feature names
  warnings.warn(
C:\Users\yukik\fx-ai-trading\.venv\Lib\site-packages\sklearn\utils\validation.py:2691: UserWarning: X does not have valid feature names, but LGBMClassifier was fitted with feature names
  warnings.warn(
C:\Users\yukik\fx-ai-trading\.venv\Lib\site-packages\sklearn\utils\validation.py:2691: UserWarning: X does not have valid feature names, but LGBMClassifier was fitted with feature names
  warnings.warn(
C:\Users\yukik\fx-ai-trading\.venv\Lib\site-packages\sklearn\utils\validation.py:2691: UserWarning: X does not have valid feature names, but LGBMClassifier was fitted with feature names
  warnings.warn(
C:\Users\yukik\fx-ai-trading\.venv\Lib\site-packages\sklearn\utils\validation.py:2691: UserWarning: X does not have valid feature names, but LGBMClassifier was fitted with feature names
  warnings.warn(
C:\Users\yukik\fx-ai-trading\.venv\Lib\site-packages\sklearn\utils\validation.py:2691: UserWarning: X does not have valid feature names, but LGBMClassifier was fitted with feature names
  warnings.warn(
C:\Users\yukik\fx-ai-trading\.venv\Lib\site-packages\sklearn\utils\validation.py:2691: UserWarning: X does not have valid feature names, but LGBMClassifier was fitted with feature names
  warnings.warn(
C:\Users\yukik\fx-ai-trading\.venv\Lib\site-packages\sklearn\utils\validation.py:2691: UserWarning: X does not have valid feature names, but LGBMClassifier was fitted with feature names
  warnings.warn(
C:\Users\yukik\fx-ai-trading\.venv\Lib\site-packages\sklearn\utils\validation.py:2691: UserWarning: X does not have valid feature names, but LGBMClassifier was fitted with feature names
  warnings.warn(
C:\Users\yukik\fx-ai-trading\.venv\Lib\site-packages\sklearn\utils\validation.py:2691: UserWarning: X does not have valid feature names, but LGBMClassifier was fitted with feature names
  warnings.warn(
C:\Users\yukik\fx-ai-trading\.venv\Lib\site-packages\sklearn\utils\validation.py:2691: UserWarning: X does not have valid feature names, but LGBMClassifier was fitted with feature names
  warnings.warn(
C:\Users\yukik\fx-ai-trading\.venv\Lib\site-packages\sklearn\utils\validation.py:2691: UserWarning: X does not have valid feature names, but LGBMClassifier was fitted with feature names
  warnings.warn(
C:\Users\yukik\fx-ai-trading\.venv\Lib\site-packages\sklearn\utils\validation.py:2691: UserWarning: X does not have valid feature names, but LGBMClassifier was fitted with feature names
  warnings.warn(
C:\Users\yukik\fx-ai-trading\.venv\Lib\site-packages\sklearn\utils\validation.py:2691: UserWarning: X does not have valid feature names, but LGBMClassifier was fitted with feature names
  warnings.warn(
C:\Users\yukik\fx-ai-trading\.venv\Lib\site-packages\sklearn\utils\validation.py:2691: UserWarning: X does not have valid feature names, but LGBMClassifier was fitted with feature names
  warnings.warn(
C:\Users\yukik\fx-ai-trading\.venv\Lib\site-packages\sklearn\utils\validation.py:2691: UserWarning: X does not have valid feature names, but LGBMClassifier was fitted with feature names
  warnings.warn(
C:\Users\yukik\fx-ai-trading\.venv\Lib\site-packages\sklearn\utils\validation.py:2691: UserWarning: X does not have valid feature names, but LGBMClassifier was fitted with feature names
  warnings.warn(
C:\Users\yukik\fx-ai-trading\.venv\Lib\site-packages\sklearn\utils\validation.py:2691: UserWarning: X does not have valid feature names, but LGBMClassifier was fitted with feature names
  warnings.warn(
C:\Users\yukik\fx-ai-trading\.venv\Lib\site-packages\sklearn\utils\validation.py:2691: UserWarning: X does not have valid feature names, but LGBMClassifier was fitted with feature names
  warnings.warn(
C:\Users\yukik\fx-ai-trading\.venv\Lib\site-packages\sklearn\utils\validation.py:2691: UserWarning: X does not have valid feature names, but LGBMClassifier was fitted with feature names
  warnings.warn(
C:\Users\yukik\fx-ai-trading\.venv\Lib\site-packages\sklearn\utils\validation.py:2691: UserWarning: X does not have valid feature names, but LGBMClassifier was fitted with feature names
  warnings.warn(
C:\Users\yukik\fx-ai-trading\.venv\Lib\site-packages\sklearn\utils\validation.py:2691: UserWarning: X does not have valid feature names, but LGBMClassifier was fitted with feature names
  warnings.warn(
C:\Users\yukik\fx-ai-trading\.venv\Lib\site-packages\sklearn\utils\validation.py:2691: UserWarning: X does not have valid feature names, but LGBMClassifier was fitted with feature names
  warnings.warn(
C:\Users\yukik\fx-ai-trading\.venv\Lib\site-packages\sklearn\utils\validation.py:2691: UserWarning: X does not have valid feature names, but LGBMClassifier was fitted with feature names
  warnings.warn(
C:\Users\yukik\fx-ai-trading\.venv\Lib\site-packages\sklearn\utils\validation.py:2691: UserWarning: X does not have valid feature names, but LGBMClassifier was fitted with feature names
  warnings.warn(
C:\Users\yukik\fx-ai-trading\.venv\Lib\site-packages\sklearn\utils\validation.py:2691: UserWarning: X does not have valid feature names, but LGBMClassifier was fitted with feature names
  warnings.warn(
C:\Users\yukik\fx-ai-trading\.venv\Lib\site-packages\sklearn\utils\validation.py:2691: UserWarning: X does not have valid feature names, but LGBMClassifier was fitted with feature names
  warnings.warn(
C:\Users\yukik\fx-ai-trading\.venv\Lib\site-packages\sklearn\utils\validation.py:2691: UserWarning: X does not have valid feature names, but LGBMClassifier was fitted with feature names
  warnings.warn(
C:\Users\yukik\fx-ai-trading\.venv\Lib\site-packages\sklearn\utils\validation.py:2691: UserWarning: X does not have valid feature names, but LGBMClassifier was fitted with feature names
  warnings.warn(
C:\Users\yukik\fx-ai-trading\.venv\Lib\site-packages\sklearn\utils\validation.py:2691: UserWarning: X does not have valid feature names, but LGBMClassifier was fitted with feature names
  warnings.warn(
C:\Users\yukik\fx-ai-trading\.venv\Lib\site-packages\sklearn\utils\validation.py:2691: UserWarning: X does not have valid feature names, but LGBMClassifier was fitted with feature names
  warnings.warn(
C:\Users\yukik\fx-ai-trading\.venv\Lib\site-packages\sklearn\utils\validation.py:2691: UserWarning: X does not have valid feature names, but LGBMClassifier was fitted with feature names
  warnings.warn(
C:\Users\yukik\fx-ai-trading\.venv\Lib\site-packages\sklearn\utils\validation.py:2691: UserWarning: X does not have valid feature names, but LGBMClassifier was fitted with feature names
  warnings.warn(
C:\Users\yukik\fx-ai-trading\.venv\Lib\site-packages\sklearn\utils\validation.py:2691: UserWarning: X does not have valid feature names, but LGBMClassifier was fitted with feature names
  warnings.warn(
C:\Users\yukik\fx-ai-trading\.venv\Lib\site-packages\sklearn\utils\validation.py:2691: UserWarning: X does not have valid feature names, but LGBMClassifier was fitted with feature names
  warnings.warn(
C:\Users\yukik\fx-ai-trading\.venv\Lib\site-packages\sklearn\utils\validation.py:2691: UserWarning: X does not have valid feature names, but LGBMClassifier was fitted with feature names
  warnings.warn(
C:\Users\yukik\fx-ai-trading\.venv\Lib\site-packages\sklearn\utils\validation.py:2691: UserWarning: X does not have valid feature names, but LGBMClassifier was fitted with feature names
  warnings.warn(
C:\Users\yukik\fx-ai-trading\.venv\Lib\site-packages\sklearn\utils\validation.py:2691: UserWarning: X does not have valid feature names, but LGBMClassifier was fitted with feature names
  warnings.warn(
C:\Users\yukik\fx-ai-trading\.venv\Lib\site-packages\sklearn\utils\validation.py:2691: UserWarning: X does not have valid feature names, but LGBMClassifier was fitted with feature names
  warnings.warn(
C:\Users\yukik\fx-ai-trading\.venv\Lib\site-packages\sklearn\utils\validation.py:2691: UserWarning: X does not have valid feature names, but LGBMClassifier was fitted with feature names
  warnings.warn(
C:\Users\yukik\fx-ai-trading\.venv\Lib\site-packages\sklearn\utils\validation.py:2691: UserWarning: X does not have valid feature names, but LGBMClassifier was fitted with feature names
  warnings.warn(
C:\Users\yukik\fx-ai-trading\.venv\Lib\site-packages\sklearn\utils\validation.py:2691: UserWarning: X does not have valid feature names, but LGBMClassifier was fitted with feature names
  warnings.warn(
C:\Users\yukik\fx-ai-trading\.venv\Lib\site-packages\sklearn\utils\validation.py:2691: UserWarning: X does not have valid feature names, but LGBMClassifier was fitted with feature names
  warnings.warn(
C:\Users\yukik\fx-ai-trading\.venv\Lib\site-packages\sklearn\utils\validation.py:2691: UserWarning: X does not have valid feature names, but LGBMClassifier was fitted with feature names
  warnings.warn(
C:\Users\yukik\fx-ai-trading\.venv\Lib\site-packages\sklearn\utils\validation.py:2691: UserWarning: X does not have valid feature names, but LGBMClassifier was fitted with feature names
  warnings.warn(
C:\Users\yukik\fx-ai-trading\.venv\Lib\site-packages\sklearn\utils\validation.py:2691: UserWarning: X does not have valid feature names, but LGBMClassifier was fitted with feature names
  warnings.warn(
C:\Users\yukik\fx-ai-trading\.venv\Lib\site-packages\sklearn\utils\validation.py:2691: UserWarning: X does not have valid feature names, but LGBMClassifier was fitted with feature names
  warnings.warn(
C:\Users\yukik\fx-ai-trading\.venv\Lib\site-packages\sklearn\utils\validation.py:2691: UserWarning: X does not have valid feature names, but LGBMClassifier was fitted with feature names
  warnings.warn(
C:\Users\yukik\fx-ai-trading\.venv\Lib\site-packages\sklearn\utils\validation.py:2691: UserWarning: X does not have valid feature names, but LGBMClassifier was fitted with feature names
  warnings.warn(
C:\Users\yukik\fx-ai-trading\.venv\Lib\site-packages\sklearn\utils\validation.py:2691: UserWarning: X does not have valid feature names, but LGBMClassifier was fitted with feature names
  warnings.warn(
C:\Users\yukik\fx-ai-trading\.venv\Lib\site-packages\sklearn\utils\validation.py:2691: UserWarning: X does not have valid feature names, but LGBMClassifier was fitted with feature names
  warnings.warn(
C:\Users\yukik\fx-ai-trading\.venv\Lib\site-packages\sklearn\utils\validation.py:2691: UserWarning: X does not have valid feature names, but LGBMClassifier was fitted with feature names
  warnings.warn(
C:\Users\yukik\fx-ai-trading\.venv\Lib\site-packages\sklearn\utils\validation.py:2691: UserWarning: X does not have valid feature names, but LGBMClassifier was fitted with feature names
  warnings.warn(
C:\Users\yukik\fx-ai-trading\.venv\Lib\site-packages\sklearn\utils\validation.py:2691: UserWarning: X does not have valid feature names, but LGBMClassifier was fitted with feature names
  warnings.warn(
C:\Users\yukik\fx-ai-trading\.venv\Lib\site-packages\sklearn\utils\validation.py:2691: UserWarning: X does not have valid feature names, but LGBMClassifier was fitted with feature names
  warnings.warn(
C:\Users\yukik\fx-ai-trading\.venv\Lib\site-packages\sklearn\utils\validation.py:2691: UserWarning: X does not have valid feature names, but LGBMClassifier was fitted with feature names
  warnings.warn(
C:\Users\yukik\fx-ai-trading\.venv\Lib\site-packages\sklearn\utils\validation.py:2691: UserWarning: X does not have valid feature names, but LGBMClassifier was fitted with feature names
  warnings.warn(
C:\Users\yukik\fx-ai-trading\.venv\Lib\site-packages\sklearn\utils\validation.py:2691: UserWarning: X does not have valid feature names, but LGBMClassifier was fitted with feature names
  warnings.warn(
C:\Users\yukik\fx-ai-trading\.venv\Lib\site-packages\sklearn\utils\validation.py:2691: UserWarning: X does not have valid feature names, but LGBMClassifier was fitted with feature names
  warnings.warn(
C:\Users\yukik\fx-ai-trading\.venv\Lib\site-packages\sklearn\utils\validation.py:2691: UserWarning: X does not have valid feature names, but LGBMClassifier was fitted with feature names
  warnings.warn(
C:\Users\yukik\fx-ai-trading\.venv\Lib\site-packages\sklearn\utils\validation.py:2691: UserWarning: X does not have valid feature names, but LGBMClassifier was fitted with feature names
  warnings.warn(
C:\Users\yukik\fx-ai-trading\.venv\Lib\site-packages\sklearn\utils\validation.py:2691: UserWarning: X does not have valid feature names, but LGBMClassifier was fitted with feature names
  warnings.warn(
C:\Users\yukik\fx-ai-trading\.venv\Lib\site-packages\sklearn\utils\validation.py:2691: UserWarning: X does not have valid feature names, but LGBMClassifier was fitted with feature names
  warnings.warn(
C:\Users\yukik\fx-ai-trading\.venv\Lib\site-packages\sklearn\utils\validation.py:2691: UserWarning: X does not have valid feature names, but LGBMClassifier was fitted with feature names
  warnings.warn(
C:\Users\yukik\fx-ai-trading\.venv\Lib\site-packages\sklearn\utils\validation.py:2691: UserWarning: X does not have valid feature names, but LGBMClassifier was fitted with feature names
  warnings.warn(
C:\Users\yukik\fx-ai-trading\.venv\Lib\site-packages\sklearn\utils\validation.py:2691: UserWarning: X does not have valid feature names, but LGBMClassifier was fitted with feature names
  warnings.warn(
C:\Users\yukik\fx-ai-trading\.venv\Lib\site-packages\sklearn\utils\validation.py:2691: UserWarning: X does not have valid feature names, but LGBMClassifier was fitted with feature names
  warnings.warn(
C:\Users\yukik\fx-ai-trading\.venv\Lib\site-packages\sklearn\utils\validation.py:2691: UserWarning: X does not have valid feature names, but LGBMClassifier was fitted with feature names
  warnings.warn(
C:\Users\yukik\fx-ai-trading\.venv\Lib\site-packages\sklearn\utils\validation.py:2691: UserWarning: X does not have valid feature names, but LGBMClassifier was fitted with feature names
  warnings.warn(
C:\Users\yukik\fx-ai-trading\.venv\Lib\site-packages\sklearn\utils\validation.py:2691: UserWarning: X does not have valid feature names, but LGBMClassifier was fitted with feature names
  warnings.warn(
C:\Users\yukik\fx-ai-trading\.venv\Lib\site-packages\sklearn\utils\validation.py:2691: UserWarning: X does not have valid feature names, but LGBMClassifier was fitted with feature names
  warnings.warn(
C:\Users\yukik\fx-ai-trading\.venv\Lib\site-packages\sklearn\utils\validation.py:2691: UserWarning: X does not have valid feature names, but LGBMClassifier was fitted with feature names
  warnings.warn(
C:\Users\yukik\fx-ai-trading\.venv\Lib\site-packages\sklearn\utils\validation.py:2691: UserWarning: X does not have valid feature names, but LGBMClassifier was fitted with feature names
  warnings.warn(
C:\Users\yukik\fx-ai-trading\.venv\Lib\site-packages\sklearn\utils\validation.py:2691: UserWarning: X does not have valid feature names, but LGBMClassifier was fitted with feature names
  warnings.warn(
C:\Users\yukik\fx-ai-trading\.venv\Lib\site-packages\sklearn\utils\validation.py:2691: UserWarning: X does not have valid feature names, but LGBMClassifier was fitted with feature names
  warnings.warn(
C:\Users\yukik\fx-ai-trading\.venv\Lib\site-packages\sklearn\utils\validation.py:2691: UserWarning: X does not have valid feature names, but LGBMClassifier was fitted with feature names
  warnings.warn(
C:\Users\yukik\fx-ai-trading\.venv\Lib\site-packages\sklearn\utils\validation.py:2691: UserWarning: X does not have valid feature names, but LGBMClassifier was fitted with feature names
  warnings.warn(
C:\Users\yukik\fx-ai-trading\.venv\Lib\site-packages\sklearn\utils\validation.py:2691: UserWarning: X does not have valid feature names, but LGBMClassifier was fitted with feature names
  warnings.warn(
C:\Users\yukik\fx-ai-trading\.venv\Lib\site-packages\sklearn\utils\validation.py:2691: UserWarning: X does not have valid feature names, but LGBMClassifier was fitted with feature names
  warnings.warn(
C:\Users\yukik\fx-ai-trading\.venv\Lib\site-packages\sklearn\utils\validation.py:2691: UserWarning: X does not have valid feature names, but LGBMClassifier was fitted with feature names
  warnings.warn(
C:\Users\yukik\fx-ai-trading\.venv\Lib\site-packages\sklearn\utils\validation.py:2691: UserWarning: X does not have valid feature names, but LGBMClassifier was fitted with feature names
  warnings.warn(
C:\Users\yukik\fx-ai-trading\.venv\Lib\site-packages\sklearn\utils\validation.py:2691: UserWarning: X does not have valid feature names, but LGBMClassifier was fitted with feature names
  warnings.warn(
C:\Users\yukik\fx-ai-trading\.venv\Lib\site-packages\sklearn\utils\validation.py:2691: UserWarning: X does not have valid feature names, but LGBMClassifier was fitted with feature names
  warnings.warn(
C:\Users\yukik\fx-ai-trading\.venv\Lib\site-packages\sklearn\utils\validation.py:2691: UserWarning: X does not have valid feature names, but LGBMClassifier was fitted with feature names
  warnings.warn(
C:\Users\yukik\fx-ai-trading\.venv\Lib\site-packages\sklearn\utils\validation.py:2691: UserWarning: X does not have valid feature names, but LGBMClassifier was fitted with feature names
  warnings.warn(
C:\Users\yukik\fx-ai-trading\.venv\Lib\site-packages\sklearn\utils\validation.py:2691: UserWarning: X does not have valid feature names, but LGBMClassifier was fitted with feature names
  warnings.warn(
C:\Users\yukik\fx-ai-trading\.venv\Lib\site-packages\sklearn\utils\validation.py:2691: UserWarning: X does not have valid feature names, but LGBMClassifier was fitted with feature names
  warnings.warn(
C:\Users\yukik\fx-ai-trading\.venv\Lib\site-packages\sklearn\utils\validation.py:2691: UserWarning: X does not have valid feature names, but LGBMClassifier was fitted with feature names
  warnings.warn(
C:\Users\yukik\fx-ai-trading\.venv\Lib\site-packages\sklearn\utils\validation.py:2691: UserWarning: X does not have valid feature names, but LGBMClassifier was fitted with feature names
  warnings.warn(
C:\Users\yukik\fx-ai-trading\.venv\Lib\site-packages\sklearn\utils\validation.py:2691: UserWarning: X does not have valid feature names, but LGBMClassifier was fitted with feature names
  warnings.warn(
C:\Users\yukik\fx-ai-trading\.venv\Lib\site-packages\sklearn\utils\validation.py:2691: UserWarning: X does not have valid feature names, but LGBMClassifier was fitted with feature names
  warnings.warn(
C:\Users\yukik\fx-ai-trading\.venv\Lib\site-packages\sklearn\utils\validation.py:2691: UserWarning: X does not have valid feature names, but LGBMClassifier was fitted with feature names
  warnings.warn(
C:\Users\yukik\fx-ai-trading\.venv\Lib\site-packages\sklearn\utils\validation.py:2691: UserWarning: X does not have valid feature names, but LGBMClassifier was fitted with feature names
  warnings.warn(
C:\Users\yukik\fx-ai-trading\.venv\Lib\site-packages\sklearn\utils\validation.py:2691: UserWarning: X does not have valid feature names, but LGBMClassifier was fitted with feature names
  warnings.warn(
C:\Users\yukik\fx-ai-trading\.venv\Lib\site-packages\sklearn\utils\validation.py:2691: UserWarning: X does not have valid feature names, but LGBMClassifier was fitted with feature names
  warnings.warn(
C:\Users\yukik\fx-ai-trading\.venv\Lib\site-packages\sklearn\utils\validation.py:2691: UserWarning: X does not have valid feature names, but LGBMClassifier was fitted with feature names
  warnings.warn(
C:\Users\yukik\fx-ai-trading\.venv\Lib\site-packages\sklearn\utils\validation.py:2691: UserWarning: X does not have valid feature names, but LGBMClassifier was fitted with feature names
  warnings.warn(
C:\Users\yukik\fx-ai-trading\.venv\Lib\site-packages\sklearn\utils\validation.py:2691: UserWarning: X does not have valid feature names, but LGBMClassifier was fitted with feature names
  warnings.warn(
C:\Users\yukik\fx-ai-trading\.venv\Lib\site-packages\sklearn\utils\validation.py:2691: UserWarning: X does not have valid feature names, but LGBMClassifier was fitted with feature names
  warnings.warn(
C:\Users\yukik\fx-ai-trading\.venv\Lib\site-packages\sklearn\utils\validation.py:2691: UserWarning: X does not have valid feature names, but LGBMClassifier was fitted with feature names
  warnings.warn(
  conf=0.25  Sharpe=-0.1724  hit= 37.1%  n= 2,699  PnL=   -4440.8  MaxDD= -4640.5  (60s)
C:\Users\yukik\fx-ai-trading\.venv\Lib\site-packages\sklearn\utils\validation.py:2691: UserWarning: X does not have valid feature names, but LGBMClassifier was fitted with feature names
  warnings.warn(
C:\Users\yukik\fx-ai-trading\.venv\Lib\site-packages\sklearn\utils\validation.py:2691: UserWarning: X does not have valid feature names, but LGBMClassifier was fitted with feature names
  warnings.warn(
C:\Users\yukik\fx-ai-trading\.venv\Lib\site-packages\sklearn\utils\validation.py:2691: UserWarning: X does not have valid feature names, but LGBMClassifier was fitted with feature names
  warnings.warn(
C:\Users\yukik\fx-ai-trading\.venv\Lib\site-packages\sklearn\utils\validation.py:2691: UserWarning: X does not have valid feature names, but LGBMClassifier was fitted with feature names
  warnings.warn(
C:\Users\yukik\fx-ai-trading\.venv\Lib\site-packages\sklearn\utils\validation.py:2691: UserWarning: X does not have valid feature names, but LGBMClassifier was fitted with feature names
  warnings.warn(
C:\Users\yukik\fx-ai-trading\.venv\Lib\site-packages\sklearn\utils\validation.py:2691: UserWarning: X does not have valid feature names, but LGBMClassifier was fitted with feature names
  warnings.warn(
C:\Users\yukik\fx-ai-trading\.venv\Lib\site-packages\sklearn\utils\validation.py:2691: UserWarning: X does not have valid feature names, but LGBMClassifier was fitted with feature names
  warnings.warn(
C:\Users\yukik\fx-ai-trading\.venv\Lib\site-packages\sklearn\utils\validation.py:2691: UserWarning: X does not have valid feature names, but LGBMClassifier was fitted with feature names
  warnings.warn(
C:\Users\yukik\fx-ai-trading\.venv\Lib\site-packages\sklearn\utils\validation.py:2691: UserWarning: X does not have valid feature names, but LGBMClassifier was fitted with feature names
  warnings.warn(
C:\Users\yukik\fx-ai-trading\.venv\Lib\site-packages\sklearn\utils\validation.py:2691: UserWarning: X does not have valid feature names, but LGBMClassifier was fitted with feature names
  warnings.warn(
C:\Users\yukik\fx-ai-trading\.venv\Lib\site-packages\sklearn\utils\validation.py:2691: UserWarning: X does not have valid feature names, but LGBMClassifier was fitted with feature names
  warnings.warn(
C:\Users\yukik\fx-ai-trading\.venv\Lib\site-packages\sklearn\utils\validation.py:2691: UserWarning: X does not have valid feature names, but LGBMClassifier was fitted with feature names
  warnings.warn(
C:\Users\yukik\fx-ai-trading\.venv\Lib\site-packages\sklearn\utils\validation.py:2691: UserWarning: X does not have valid feature names, but LGBMClassifier was fitted with feature names
  warnings.warn(
C:\Users\yukik\fx-ai-trading\.venv\Lib\site-packages\sklearn\utils\validation.py:2691: UserWarning: X does not have valid feature names, but LGBMClassifier was fitted with feature names
  warnings.warn(
C:\Users\yukik\fx-ai-trading\.venv\Lib\site-packages\sklearn\utils\validation.py:2691: UserWarning: X does not have valid feature names, but LGBMClassifier was fitted with feature names
  warnings.warn(
C:\Users\yukik\fx-ai-trading\.venv\Lib\site-packages\sklearn\utils\validation.py:2691: UserWarning: X does not have valid feature names, but LGBMClassifier was fitted with feature names
  warnings.warn(
C:\Users\yukik\fx-ai-trading\.venv\Lib\site-packages\sklearn\utils\validation.py:2691: UserWarning: X does not have valid feature names, but LGBMClassifier was fitted with feature names
  warnings.warn(
C:\Users\yukik\fx-ai-trading\.venv\Lib\site-packages\sklearn\utils\validation.py:2691: UserWarning: X does not have valid feature names, but LGBMClassifier was fitted with feature names
  warnings.warn(
C:\Users\yukik\fx-ai-trading\.venv\Lib\site-packages\sklearn\utils\validation.py:2691: UserWarning: X does not have valid feature names, but LGBMClassifier was fitted with feature names
  warnings.warn(
C:\Users\yukik\fx-ai-trading\.venv\Lib\site-packages\sklearn\utils\validation.py:2691: UserWarning: X does not have valid feature names, but LGBMClassifier was fitted with feature names
  warnings.warn(
C:\Users\yukik\fx-ai-trading\.venv\Lib\site-packages\sklearn\utils\validation.py:2691: UserWarning: X does not have valid feature names, but LGBMClassifier was fitted with feature names
  warnings.warn(
C:\Users\yukik\fx-ai-trading\.venv\Lib\site-packages\sklearn\utils\validation.py:2691: UserWarning: X does not have valid feature names, but LGBMClassifier was fitted with feature names
  warnings.warn(
C:\Users\yukik\fx-ai-trading\.venv\Lib\site-packages\sklearn\utils\validation.py:2691: UserWarning: X does not have valid feature names, but LGBMClassifier was fitted with feature names
  warnings.warn(
C:\Users\yukik\fx-ai-trading\.venv\Lib\site-packages\sklearn\utils\validation.py:2691: UserWarning: X does not have valid feature names, but LGBMClassifier was fitted with feature names
  warnings.warn(
C:\Users\yukik\fx-ai-trading\.venv\Lib\site-packages\sklearn\utils\validation.py:2691: UserWarning: X does not have valid feature names, but LGBMClassifier was fitted with feature names
  warnings.warn(
C:\Users\yukik\fx-ai-trading\.venv\Lib\site-packages\sklearn\utils\validation.py:2691: UserWarning: X does not have valid feature names, but LGBMClassifier was fitted with feature names
  warnings.warn(
C:\Users\yukik\fx-ai-trading\.venv\Lib\site-packages\sklearn\utils\validation.py:2691: UserWarning: X does not have valid feature names, but LGBMClassifier was fitted with feature names
  warnings.warn(
C:\Users\yukik\fx-ai-trading\.venv\Lib\site-packages\sklearn\utils\validation.py:2691: UserWarning: X does not have valid feature names, but LGBMClassifier was fitted with feature names
  warnings.warn(
C:\Users\yukik\fx-ai-trading\.venv\Lib\site-packages\sklearn\utils\validation.py:2691: UserWarning: X does not have valid feature names, but LGBMClassifier was fitted with feature names
  warnings.warn(
C:\Users\yukik\fx-ai-trading\.venv\Lib\site-packages\sklearn\utils\validation.py:2691: UserWarning: X does not have valid feature names, but LGBMClassifier was fitted with feature names
  warnings.warn(
C:\Users\yukik\fx-ai-trading\.venv\Lib\site-packages\sklearn\utils\validation.py:2691: UserWarning: X does not have valid feature names, but LGBMClassifier was fitted with feature names
  warnings.warn(
C:\Users\yukik\fx-ai-trading\.venv\Lib\site-packages\sklearn\utils\validation.py:2691: UserWarning: X does not have valid feature names, but LGBMClassifier was fitted with feature names
  warnings.warn(
C:\Users\yukik\fx-ai-trading\.venv\Lib\site-packages\sklearn\utils\validation.py:2691: UserWarning: X does not have valid feature names, but LGBMClassifier was fitted with feature names
  warnings.warn(
C:\Users\yukik\fx-ai-trading\.venv\Lib\site-packages\sklearn\utils\validation.py:2691: UserWarning: X does not have valid feature names, but LGBMClassifier was fitted with feature names
  warnings.warn(
C:\Users\yukik\fx-ai-trading\.venv\Lib\site-packages\sklearn\utils\validation.py:2691: UserWarning: X does not have valid feature names, but LGBMClassifier was fitted with feature names
  warnings.warn(
C:\Users\yukik\fx-ai-trading\.venv\Lib\site-packages\sklearn\utils\validation.py:2691: UserWarning: X does not have valid feature names, but LGBMClassifier was fitted with feature names
  warnings.warn(
C:\Users\yukik\fx-ai-trading\.venv\Lib\site-packages\sklearn\utils\validation.py:2691: UserWarning: X does not have valid feature names, but LGBMClassifier was fitted with feature names
  warnings.warn(
C:\Users\yukik\fx-ai-trading\.venv\Lib\site-packages\sklearn\utils\validation.py:2691: UserWarning: X does not have valid feature names, but LGBMClassifier was fitted with feature names
  warnings.warn(
C:\Users\yukik\fx-ai-trading\.venv\Lib\site-packages\sklearn\utils\validation.py:2691: UserWarning: X does not have valid feature names, but LGBMClassifier was fitted with feature names
  warnings.warn(
C:\Users\yukik\fx-ai-trading\.venv\Lib\site-packages\sklearn\utils\validation.py:2691: UserWarning: X does not have valid feature names, but LGBMClassifier was fitted with feature names
  warnings.warn(
C:\Users\yukik\fx-ai-trading\.venv\Lib\site-packages\sklearn\utils\validation.py:2691: UserWarning: X does not have valid feature names, but LGBMClassifier was fitted with feature names
  warnings.warn(
C:\Users\yukik\fx-ai-trading\.venv\Lib\site-packages\sklearn\utils\validation.py:2691: UserWarning: X does not have valid feature names, but LGBMClassifier was fitted with feature names
  warnings.warn(
C:\Users\yukik\fx-ai-trading\.venv\Lib\site-packages\sklearn\utils\validation.py:2691: UserWarning: X does not have valid feature names, but LGBMClassifier was fitted with feature names
  warnings.warn(
C:\Users\yukik\fx-ai-trading\.venv\Lib\site-packages\sklearn\utils\validation.py:2691: UserWarning: X does not have valid feature names, but LGBMClassifier was fitted with feature names
  warnings.warn(
C:\Users\yukik\fx-ai-trading\.venv\Lib\site-packages\sklearn\utils\validation.py:2691: UserWarning: X does not have valid feature names, but LGBMClassifier was fitted with feature names
  warnings.warn(
C:\Users\yukik\fx-ai-trading\.venv\Lib\site-packages\sklearn\utils\validation.py:2691: UserWarning: X does not have valid feature names, but LGBMClassifier was fitted with feature names
  warnings.warn(
C:\Users\yukik\fx-ai-trading\.venv\Lib\site-packages\sklearn\utils\validation.py:2691: UserWarning: X does not have valid feature names, but LGBMClassifier was fitted with feature names
  warnings.warn(
C:\Users\yukik\fx-ai-trading\.venv\Lib\site-packages\sklearn\utils\validation.py:2691: UserWarning: X does not have valid feature names, but LGBMClassifier was fitted with feature names
  warnings.warn(
C:\Users\yukik\fx-ai-trading\.venv\Lib\site-packages\sklearn\utils\validation.py:2691: UserWarning: X does not have valid feature names, but LGBMClassifier was fitted with feature names
  warnings.warn(
C:\Users\yukik\fx-ai-trading\.venv\Lib\site-packages\sklearn\utils\validation.py:2691: UserWarning: X does not have valid feature names, but LGBMClassifier was fitted with feature names
  warnings.warn(
C:\Users\yukik\fx-ai-trading\.venv\Lib\site-packages\sklearn\utils\validation.py:2691: UserWarning: X does not have valid feature names, but LGBMClassifier was fitted with feature names
  warnings.warn(
C:\Users\yukik\fx-ai-trading\.venv\Lib\site-packages\sklearn\utils\validation.py:2691: UserWarning: X does not have valid feature names, but LGBMClassifier was fitted with feature names
  warnings.warn(
C:\Users\yukik\fx-ai-trading\.venv\Lib\site-packages\sklearn\utils\validation.py:2691: UserWarning: X does not have valid feature names, but LGBMClassifier was fitted with feature names
  warnings.warn(
C:\Users\yukik\fx-ai-trading\.venv\Lib\site-packages\sklearn\utils\validation.py:2691: UserWarning: X does not have valid feature names, but LGBMClassifier was fitted with feature names
  warnings.warn(
C:\Users\yukik\fx-ai-trading\.venv\Lib\site-packages\sklearn\utils\validation.py:2691: UserWarning: X does not have valid feature names, but LGBMClassifier was fitted with feature names
  warnings.warn(
C:\Users\yukik\fx-ai-trading\.venv\Lib\site-packages\sklearn\utils\validation.py:2691: UserWarning: X does not have valid feature names, but LGBMClassifier was fitted with feature names
  warnings.warn(
C:\Users\yukik\fx-ai-trading\.venv\Lib\site-packages\sklearn\utils\validation.py:2691: UserWarning: X does not have valid feature names, but LGBMClassifier was fitted with feature names
  warnings.warn(
C:\Users\yukik\fx-ai-trading\.venv\Lib\site-packages\sklearn\utils\validation.py:2691: UserWarning: X does not have valid feature names, but LGBMClassifier was fitted with feature names
  warnings.warn(
C:\Users\yukik\fx-ai-trading\.venv\Lib\site-packages\sklearn\utils\validation.py:2691: UserWarning: X does not have valid feature names, but LGBMClassifier was fitted with feature names
  warnings.warn(
C:\Users\yukik\fx-ai-trading\.venv\Lib\site-packages\sklearn\utils\validation.py:2691: UserWarning: X does not have valid feature names, but LGBMClassifier was fitted with feature names
  warnings.warn(
C:\Users\yukik\fx-ai-trading\.venv\Lib\site-packages\sklearn\utils\validation.py:2691: UserWarning: X does not have valid feature names, but LGBMClassifier was fitted with feature names
  warnings.warn(
C:\Users\yukik\fx-ai-trading\.venv\Lib\site-packages\sklearn\utils\validation.py:2691: UserWarning: X does not have valid feature names, but LGBMClassifier was fitted with feature names
  warnings.warn(
C:\Users\yukik\fx-ai-trading\.venv\Lib\site-packages\sklearn\utils\validation.py:2691: UserWarning: X does not have valid feature names, but LGBMClassifier was fitted with feature names
  warnings.warn(
C:\Users\yukik\fx-ai-trading\.venv\Lib\site-packages\sklearn\utils\validation.py:2691: UserWarning: X does not have valid feature names, but LGBMClassifier was fitted with feature names
  warnings.warn(
C:\Users\yukik\fx-ai-trading\.venv\Lib\site-packages\sklearn\utils\validation.py:2691: UserWarning: X does not have valid feature names, but LGBMClassifier was fitted with feature names
  warnings.warn(
C:\Users\yukik\fx-ai-trading\.venv\Lib\site-packages\sklearn\utils\validation.py:2691: UserWarning: X does not have valid feature names, but LGBMClassifier was fitted with feature names
  warnings.warn(
C:\Users\yukik\fx-ai-trading\.venv\Lib\site-packages\sklearn\utils\validation.py:2691: UserWarning: X does not have valid feature names, but LGBMClassifier was fitted with feature names
  warnings.warn(
C:\Users\yukik\fx-ai-trading\.venv\Lib\site-packages\sklearn\utils\validation.py:2691: UserWarning: X does not have valid feature names, but LGBMClassifier was fitted with feature names
  warnings.warn(
C:\Users\yukik\fx-ai-trading\.venv\Lib\site-packages\sklearn\utils\validation.py:2691: UserWarning: X does not have valid feature names, but LGBMClassifier was fitted with feature names
  warnings.warn(
C:\Users\yukik\fx-ai-trading\.venv\Lib\site-packages\sklearn\utils\validation.py:2691: UserWarning: X does not have valid feature names, but LGBMClassifier was fitted with feature names
  warnings.warn(
C:\Users\yukik\fx-ai-trading\.venv\Lib\site-packages\sklearn\utils\validation.py:2691: UserWarning: X does not have valid feature names, but LGBMClassifier was fitted with feature names
  warnings.warn(
C:\Users\yukik\fx-ai-trading\.venv\Lib\site-packages\sklearn\utils\validation.py:2691: UserWarning: X does not have valid feature names, but LGBMClassifier was fitted with feature names
  warnings.warn(
C:\Users\yukik\fx-ai-trading\.venv\Lib\site-packages\sklearn\utils\validation.py:2691: UserWarning: X does not have valid feature names, but LGBMClassifier was fitted with feature names
  warnings.warn(
C:\Users\yukik\fx-ai-trading\.venv\Lib\site-packages\sklearn\utils\validation.py:2691: UserWarning: X does not have valid feature names, but LGBMClassifier was fitted with feature names
  warnings.warn(
C:\Users\yukik\fx-ai-trading\.venv\Lib\site-packages\sklearn\utils\validation.py:2691: UserWarning: X does not have valid feature names, but LGBMClassifier was fitted with feature names
  warnings.warn(
C:\Users\yukik\fx-ai-trading\.venv\Lib\site-packages\sklearn\utils\validation.py:2691: UserWarning: X does not have valid feature names, but LGBMClassifier was fitted with feature names
  warnings.warn(
C:\Users\yukik\fx-ai-trading\.venv\Lib\site-packages\sklearn\utils\validation.py:2691: UserWarning: X does not have valid feature names, but LGBMClassifier was fitted with feature names
  warnings.warn(
C:\Users\yukik\fx-ai-trading\.venv\Lib\site-packages\sklearn\utils\validation.py:2691: UserWarning: X does not have valid feature names, but LGBMClassifier was fitted with feature names
  warnings.warn(
C:\Users\yukik\fx-ai-trading\.venv\Lib\site-packages\sklearn\utils\validation.py:2691: UserWarning: X does not have valid feature names, but LGBMClassifier was fitted with feature names
  warnings.warn(
C:\Users\yukik\fx-ai-trading\.venv\Lib\site-packages\sklearn\utils\validation.py:2691: UserWarning: X does not have valid feature names, but LGBMClassifier was fitted with feature names
  warnings.warn(
C:\Users\yukik\fx-ai-trading\.venv\Lib\site-packages\sklearn\utils\validation.py:2691: UserWarning: X does not have valid feature names, but LGBMClassifier was fitted with feature names
  warnings.warn(
C:\Users\yukik\fx-ai-trading\.venv\Lib\site-packages\sklearn\utils\validation.py:2691: UserWarning: X does not have valid feature names, but LGBMClassifier was fitted with feature names
  warnings.warn(
C:\Users\yukik\fx-ai-trading\.venv\Lib\site-packages\sklearn\utils\validation.py:2691: UserWarning: X does not have valid feature names, but LGBMClassifier was fitted with feature names
  warnings.warn(
C:\Users\yukik\fx-ai-trading\.venv\Lib\site-packages\sklearn\utils\validation.py:2691: UserWarning: X does not have valid feature names, but LGBMClassifier was fitted with feature names
  warnings.warn(
C:\Users\yukik\fx-ai-trading\.venv\Lib\site-packages\sklearn\utils\validation.py:2691: UserWarning: X does not have valid feature names, but LGBMClassifier was fitted with feature names
  warnings.warn(
C:\Users\yukik\fx-ai-trading\.venv\Lib\site-packages\sklearn\utils\validation.py:2691: UserWarning: X does not have valid feature names, but LGBMClassifier was fitted with feature names
  warnings.warn(
C:\Users\yukik\fx-ai-trading\.venv\Lib\site-packages\sklearn\utils\validation.py:2691: UserWarning: X does not have valid feature names, but LGBMClassifier was fitted with feature names
  warnings.warn(
C:\Users\yukik\fx-ai-trading\.venv\Lib\site-packages\sklearn\utils\validation.py:2691: UserWarning: X does not have valid feature names, but LGBMClassifier was fitted with feature names
  warnings.warn(
C:\Users\yukik\fx-ai-trading\.venv\Lib\site-packages\sklearn\utils\validation.py:2691: UserWarning: X does not have valid feature names, but LGBMClassifier was fitted with feature names
  warnings.warn(
C:\Users\yukik\fx-ai-trading\.venv\Lib\site-packages\sklearn\utils\validation.py:2691: UserWarning: X does not have valid feature names, but LGBMClassifier was fitted with feature names
  warnings.warn(
C:\Users\yukik\fx-ai-trading\.venv\Lib\site-packages\sklearn\utils\validation.py:2691: UserWarning: X does not have valid feature names, but LGBMClassifier was fitted with feature names
  warnings.warn(
C:\Users\yukik\fx-ai-trading\.venv\Lib\site-packages\sklearn\utils\validation.py:2691: UserWarning: X does not have valid feature names, but LGBMClassifier was fitted with feature names
  warnings.warn(
C:\Users\yukik\fx-ai-trading\.venv\Lib\site-packages\sklearn\utils\validation.py:2691: UserWarning: X does not have valid feature names, but LGBMClassifier was fitted with feature names
  warnings.warn(
C:\Users\yukik\fx-ai-trading\.venv\Lib\site-packages\sklearn\utils\validation.py:2691: UserWarning: X does not have valid feature names, but LGBMClassifier was fitted with feature names
  warnings.warn(
C:\Users\yukik\fx-ai-trading\.venv\Lib\site-packages\sklearn\utils\validation.py:2691: UserWarning: X does not have valid feature names, but LGBMClassifier was fitted with feature names
  warnings.warn(
C:\Users\yukik\fx-ai-trading\.venv\Lib\site-packages\sklearn\utils\validation.py:2691: UserWarning: X does not have valid feature names, but LGBMClassifier was fitted with feature names
  warnings.warn(
C:\Users\yukik\fx-ai-trading\.venv\Lib\site-packages\sklearn\utils\validation.py:2691: UserWarning: X does not have valid feature names, but LGBMClassifier was fitted with feature names
  warnings.warn(
C:\Users\yukik\fx-ai-trading\.venv\Lib\site-packages\sklearn\utils\validation.py:2691: UserWarning: X does not have valid feature names, but LGBMClassifier was fitted with feature names
  warnings.warn(
C:\Users\yukik\fx-ai-trading\.venv\Lib\site-packages\sklearn\utils\validation.py:2691: UserWarning: X does not have valid feature names, but LGBMClassifier was fitted with feature names
  warnings.warn(
C:\Users\yukik\fx-ai-trading\.venv\Lib\site-packages\sklearn\utils\validation.py:2691: UserWarning: X does not have valid feature names, but LGBMClassifier was fitted with feature names
  warnings.warn(
  conf=0.30  Sharpe=-0.1742  hit= 37.0%  n= 2,694  PnL=   -4480.8  MaxDD= -4675.9  (62s)
C:\Users\yukik\fx-ai-trading\.venv\Lib\site-packages\sklearn\utils\validation.py:2691: UserWarning: X does not have valid feature names, but LGBMClassifier was fitted with feature names
  warnings.warn(
C:\Users\yukik\fx-ai-trading\.venv\Lib\site-packages\sklearn\utils\validation.py:2691: UserWarning: X does not have valid feature names, but LGBMClassifier was fitted with feature names
  warnings.warn(
C:\Users\yukik\fx-ai-trading\.venv\Lib\site-packages\sklearn\utils\validation.py:2691: UserWarning: X does not have valid feature names, but LGBMClassifier was fitted with feature names
  warnings.warn(
C:\Users\yukik\fx-ai-trading\.venv\Lib\site-packages\sklearn\utils\validation.py:2691: UserWarning: X does not have valid feature names, but LGBMClassifier was fitted with feature names
  warnings.warn(
C:\Users\yukik\fx-ai-trading\.venv\Lib\site-packages\sklearn\utils\validation.py:2691: UserWarning: X does not have valid feature names, but LGBMClassifier was fitted with feature names
  warnings.warn(
C:\Users\yukik\fx-ai-trading\.venv\Lib\site-packages\sklearn\utils\validation.py:2691: UserWarning: X does not have valid feature names, but LGBMClassifier was fitted with feature names
  warnings.warn(
C:\Users\yukik\fx-ai-trading\.venv\Lib\site-packages\sklearn\utils\validation.py:2691: UserWarning: X does not have valid feature names, but LGBMClassifier was fitted with feature names
  warnings.warn(
C:\Users\yukik\fx-ai-trading\.venv\Lib\site-packages\sklearn\utils\validation.py:2691: UserWarning: X does not have valid feature names, but LGBMClassifier was fitted with feature names
  warnings.warn(
C:\Users\yukik\fx-ai-trading\.venv\Lib\site-packages\sklearn\utils\validation.py:2691: UserWarning: X does not have valid feature names, but LGBMClassifier was fitted with feature names
  warnings.warn(
C:\Users\yukik\fx-ai-trading\.venv\Lib\site-packages\sklearn\utils\validation.py:2691: UserWarning: X does not have valid feature names, but LGBMClassifier was fitted with feature names
  warnings.warn(
C:\Users\yukik\fx-ai-trading\.venv\Lib\site-packages\sklearn\utils\validation.py:2691: UserWarning: X does not have valid feature names, but LGBMClassifier was fitted with feature names
  warnings.warn(
C:\Users\yukik\fx-ai-trading\.venv\Lib\site-packages\sklearn\utils\validation.py:2691: UserWarning: X does not have valid feature names, but LGBMClassifier was fitted with feature names
  warnings.warn(
C:\Users\yukik\fx-ai-trading\.venv\Lib\site-packages\sklearn\utils\validation.py:2691: UserWarning: X does not have valid feature names, but LGBMClassifier was fitted with feature names
  warnings.warn(
C:\Users\yukik\fx-ai-trading\.venv\Lib\site-packages\sklearn\utils\validation.py:2691: UserWarning: X does not have valid feature names, but LGBMClassifier was fitted with feature names
  warnings.warn(
C:\Users\yukik\fx-ai-trading\.venv\Lib\site-packages\sklearn\utils\validation.py:2691: UserWarning: X does not have valid feature names, but LGBMClassifier was fitted with feature names
  warnings.warn(
C:\Users\yukik\fx-ai-trading\.venv\Lib\site-packages\sklearn\utils\validation.py:2691: UserWarning: X does not have valid feature names, but LGBMClassifier was fitted with feature names
  warnings.warn(
C:\Users\yukik\fx-ai-trading\.venv\Lib\site-packages\sklearn\utils\validation.py:2691: UserWarning: X does not have valid feature names, but LGBMClassifier was fitted with feature names
  warnings.warn(
C:\Users\yukik\fx-ai-trading\.venv\Lib\site-packages\sklearn\utils\validation.py:2691: UserWarning: X does not have valid feature names, but LGBMClassifier was fitted with feature names
  warnings.warn(
C:\Users\yukik\fx-ai-trading\.venv\Lib\site-packages\sklearn\utils\validation.py:2691: UserWarning: X does not have valid feature names, but LGBMClassifier was fitted with feature names
  warnings.warn(
C:\Users\yukik\fx-ai-trading\.venv\Lib\site-packages\sklearn\utils\validation.py:2691: UserWarning: X does not have valid feature names, but LGBMClassifier was fitted with feature names
  warnings.warn(
C:\Users\yukik\fx-ai-trading\.venv\Lib\site-packages\sklearn\utils\validation.py:2691: UserWarning: X does not have valid feature names, but LGBMClassifier was fitted with feature names
  warnings.warn(
C:\Users\yukik\fx-ai-trading\.venv\Lib\site-packages\sklearn\utils\validation.py:2691: UserWarning: X does not have valid feature names, but LGBMClassifier was fitted with feature names
  warnings.warn(
C:\Users\yukik\fx-ai-trading\.venv\Lib\site-packages\sklearn\utils\validation.py:2691: UserWarning: X does not have valid feature names, but LGBMClassifier was fitted with feature names
  warnings.warn(
C:\Users\yukik\fx-ai-trading\.venv\Lib\site-packages\sklearn\utils\validation.py:2691: UserWarning: X does not have valid feature names, but LGBMClassifier was fitted with feature names
  warnings.warn(
C:\Users\yukik\fx-ai-trading\.venv\Lib\site-packages\sklearn\utils\validation.py:2691: UserWarning: X does not have valid feature names, but LGBMClassifier was fitted with feature names
  warnings.warn(
C:\Users\yukik\fx-ai-trading\.venv\Lib\site-packages\sklearn\utils\validation.py:2691: UserWarning: X does not have valid feature names, but LGBMClassifier was fitted with feature names
  warnings.warn(
C:\Users\yukik\fx-ai-trading\.venv\Lib\site-packages\sklearn\utils\validation.py:2691: UserWarning: X does not have valid feature names, but LGBMClassifier was fitted with feature names
  warnings.warn(
C:\Users\yukik\fx-ai-trading\.venv\Lib\site-packages\sklearn\utils\validation.py:2691: UserWarning: X does not have valid feature names, but LGBMClassifier was fitted with feature names
  warnings.warn(
C:\Users\yukik\fx-ai-trading\.venv\Lib\site-packages\sklearn\utils\validation.py:2691: UserWarning: X does not have valid feature names, but LGBMClassifier was fitted with feature names
  warnings.warn(
C:\Users\yukik\fx-ai-trading\.venv\Lib\site-packages\sklearn\utils\validation.py:2691: UserWarning: X does not have valid feature names, but LGBMClassifier was fitted with feature names
  warnings.warn(
C:\Users\yukik\fx-ai-trading\.venv\Lib\site-packages\sklearn\utils\validation.py:2691: UserWarning: X does not have valid feature names, but LGBMClassifier was fitted with feature names
  warnings.warn(
C:\Users\yukik\fx-ai-trading\.venv\Lib\site-packages\sklearn\utils\validation.py:2691: UserWarning: X does not have valid feature names, but LGBMClassifier was fitted with feature names
  warnings.warn(
C:\Users\yukik\fx-ai-trading\.venv\Lib\site-packages\sklearn\utils\validation.py:2691: UserWarning: X does not have valid feature names, but LGBMClassifier was fitted with feature names
  warnings.warn(
C:\Users\yukik\fx-ai-trading\.venv\Lib\site-packages\sklearn\utils\validation.py:2691: UserWarning: X does not have valid feature names, but LGBMClassifier was fitted with feature names
  warnings.warn(
C:\Users\yukik\fx-ai-trading\.venv\Lib\site-packages\sklearn\utils\validation.py:2691: UserWarning: X does not have valid feature names, but LGBMClassifier was fitted with feature names
  warnings.warn(
C:\Users\yukik\fx-ai-trading\.venv\Lib\site-packages\sklearn\utils\validation.py:2691: UserWarning: X does not have valid feature names, but LGBMClassifier was fitted with feature names
  warnings.warn(
C:\Users\yukik\fx-ai-trading\.venv\Lib\site-packages\sklearn\utils\validation.py:2691: UserWarning: X does not have valid feature names, but LGBMClassifier was fitted with feature names
  warnings.warn(
C:\Users\yukik\fx-ai-trading\.venv\Lib\site-packages\sklearn\utils\validation.py:2691: UserWarning: X does not have valid feature names, but LGBMClassifier was fitted with feature names
  warnings.warn(
C:\Users\yukik\fx-ai-trading\.venv\Lib\site-packages\sklearn\utils\validation.py:2691: UserWarning: X does not have valid feature names, but LGBMClassifier was fitted with feature names
  warnings.warn(
C:\Users\yukik\fx-ai-trading\.venv\Lib\site-packages\sklearn\utils\validation.py:2691: UserWarning: X does not have valid feature names, but LGBMClassifier was fitted with feature names
  warnings.warn(
C:\Users\yukik\fx-ai-trading\.venv\Lib\site-packages\sklearn\utils\validation.py:2691: UserWarning: X does not have valid feature names, but LGBMClassifier was fitted with feature names
  warnings.warn(
C:\Users\yukik\fx-ai-trading\.venv\Lib\site-packages\sklearn\utils\validation.py:2691: UserWarning: X does not have valid feature names, but LGBMClassifier was fitted with feature names
  warnings.warn(
C:\Users\yukik\fx-ai-trading\.venv\Lib\site-packages\sklearn\utils\validation.py:2691: UserWarning: X does not have valid feature names, but LGBMClassifier was fitted with feature names
  warnings.warn(
C:\Users\yukik\fx-ai-trading\.venv\Lib\site-packages\sklearn\utils\validation.py:2691: UserWarning: X does not have valid feature names, but LGBMClassifier was fitted with feature names
  warnings.warn(
C:\Users\yukik\fx-ai-trading\.venv\Lib\site-packages\sklearn\utils\validation.py:2691: UserWarning: X does not have valid feature names, but LGBMClassifier was fitted with feature names
  warnings.warn(
C:\Users\yukik\fx-ai-trading\.venv\Lib\site-packages\sklearn\utils\validation.py:2691: UserWarning: X does not have valid feature names, but LGBMClassifier was fitted with feature names
  warnings.warn(
C:\Users\yukik\fx-ai-trading\.venv\Lib\site-packages\sklearn\utils\validation.py:2691: UserWarning: X does not have valid feature names, but LGBMClassifier was fitted with feature names
  warnings.warn(
C:\Users\yukik\fx-ai-trading\.venv\Lib\site-packages\sklearn\utils\validation.py:2691: UserWarning: X does not have valid feature names, but LGBMClassifier was fitted with feature names
  warnings.warn(
C:\Users\yukik\fx-ai-trading\.venv\Lib\site-packages\sklearn\utils\validation.py:2691: UserWarning: X does not have valid feature names, but LGBMClassifier was fitted with feature names
  warnings.warn(
C:\Users\yukik\fx-ai-trading\.venv\Lib\site-packages\sklearn\utils\validation.py:2691: UserWarning: X does not have valid feature names, but LGBMClassifier was fitted with feature names
  warnings.warn(
C:\Users\yukik\fx-ai-trading\.venv\Lib\site-packages\sklearn\utils\validation.py:2691: UserWarning: X does not have valid feature names, but LGBMClassifier was fitted with feature names
  warnings.warn(
C:\Users\yukik\fx-ai-trading\.venv\Lib\site-packages\sklearn\utils\validation.py:2691: UserWarning: X does not have valid feature names, but LGBMClassifier was fitted with feature names
  warnings.warn(
C:\Users\yukik\fx-ai-trading\.venv\Lib\site-packages\sklearn\utils\validation.py:2691: UserWarning: X does not have valid feature names, but LGBMClassifier was fitted with feature names
  warnings.warn(
C:\Users\yukik\fx-ai-trading\.venv\Lib\site-packages\sklearn\utils\validation.py:2691: UserWarning: X does not have valid feature names, but LGBMClassifier was fitted with feature names
  warnings.warn(
C:\Users\yukik\fx-ai-trading\.venv\Lib\site-packages\sklearn\utils\validation.py:2691: UserWarning: X does not have valid feature names, but LGBMClassifier was fitted with feature names
  warnings.warn(
C:\Users\yukik\fx-ai-trading\.venv\Lib\site-packages\sklearn\utils\validation.py:2691: UserWarning: X does not have valid feature names, but LGBMClassifier was fitted with feature names
  warnings.warn(
C:\Users\yukik\fx-ai-trading\.venv\Lib\site-packages\sklearn\utils\validation.py:2691: UserWarning: X does not have valid feature names, but LGBMClassifier was fitted with feature names
  warnings.warn(
C:\Users\yukik\fx-ai-trading\.venv\Lib\site-packages\sklearn\utils\validation.py:2691: UserWarning: X does not have valid feature names, but LGBMClassifier was fitted with feature names
  warnings.warn(
C:\Users\yukik\fx-ai-trading\.venv\Lib\site-packages\sklearn\utils\validation.py:2691: UserWarning: X does not have valid feature names, but LGBMClassifier was fitted with feature names
  warnings.warn(
C:\Users\yukik\fx-ai-trading\.venv\Lib\site-packages\sklearn\utils\validation.py:2691: UserWarning: X does not have valid feature names, but LGBMClassifier was fitted with feature names
  warnings.warn(
C:\Users\yukik\fx-ai-trading\.venv\Lib\site-packages\sklearn\utils\validation.py:2691: UserWarning: X does not have valid feature names, but LGBMClassifier was fitted with feature names
  warnings.warn(
C:\Users\yukik\fx-ai-trading\.venv\Lib\site-packages\sklearn\utils\validation.py:2691: UserWarning: X does not have valid feature names, but LGBMClassifier was fitted with feature names
  warnings.warn(
C:\Users\yukik\fx-ai-trading\.venv\Lib\site-packages\sklearn\utils\validation.py:2691: UserWarning: X does not have valid feature names, but LGBMClassifier was fitted with feature names
  warnings.warn(
C:\Users\yukik\fx-ai-trading\.venv\Lib\site-packages\sklearn\utils\validation.py:2691: UserWarning: X does not have valid feature names, but LGBMClassifier was fitted with feature names
  warnings.warn(
C:\Users\yukik\fx-ai-trading\.venv\Lib\site-packages\sklearn\utils\validation.py:2691: UserWarning: X does not have valid feature names, but LGBMClassifier was fitted with feature names
  warnings.warn(
C:\Users\yukik\fx-ai-trading\.venv\Lib\site-packages\sklearn\utils\validation.py:2691: UserWarning: X does not have valid feature names, but LGBMClassifier was fitted with feature names
  warnings.warn(
C:\Users\yukik\fx-ai-trading\.venv\Lib\site-packages\sklearn\utils\validation.py:2691: UserWarning: X does not have valid feature names, but LGBMClassifier was fitted with feature names
  warnings.warn(
C:\Users\yukik\fx-ai-trading\.venv\Lib\site-packages\sklearn\utils\validation.py:2691: UserWarning: X does not have valid feature names, but LGBMClassifier was fitted with feature names
  warnings.warn(
C:\Users\yukik\fx-ai-trading\.venv\Lib\site-packages\sklearn\utils\validation.py:2691: UserWarning: X does not have valid feature names, but LGBMClassifier was fitted with feature names
  warnings.warn(
C:\Users\yukik\fx-ai-trading\.venv\Lib\site-packages\sklearn\utils\validation.py:2691: UserWarning: X does not have valid feature names, but LGBMClassifier was fitted with feature names
  warnings.warn(
C:\Users\yukik\fx-ai-trading\.venv\Lib\site-packages\sklearn\utils\validation.py:2691: UserWarning: X does not have valid feature names, but LGBMClassifier was fitted with feature names
  warnings.warn(
C:\Users\yukik\fx-ai-trading\.venv\Lib\site-packages\sklearn\utils\validation.py:2691: UserWarning: X does not have valid feature names, but LGBMClassifier was fitted with feature names
  warnings.warn(
C:\Users\yukik\fx-ai-trading\.venv\Lib\site-packages\sklearn\utils\validation.py:2691: UserWarning: X does not have valid feature names, but LGBMClassifier was fitted with feature names
  warnings.warn(
C:\Users\yukik\fx-ai-trading\.venv\Lib\site-packages\sklearn\utils\validation.py:2691: UserWarning: X does not have valid feature names, but LGBMClassifier was fitted with feature names
  warnings.warn(
C:\Users\yukik\fx-ai-trading\.venv\Lib\site-packages\sklearn\utils\validation.py:2691: UserWarning: X does not have valid feature names, but LGBMClassifier was fitted with feature names
  warnings.warn(
C:\Users\yukik\fx-ai-trading\.venv\Lib\site-packages\sklearn\utils\validation.py:2691: UserWarning: X does not have valid feature names, but LGBMClassifier was fitted with feature names
  warnings.warn(
C:\Users\yukik\fx-ai-trading\.venv\Lib\site-packages\sklearn\utils\validation.py:2691: UserWarning: X does not have valid feature names, but LGBMClassifier was fitted with feature names
  warnings.warn(
C:\Users\yukik\fx-ai-trading\.venv\Lib\site-packages\sklearn\utils\validation.py:2691: UserWarning: X does not have valid feature names, but LGBMClassifier was fitted with feature names
  warnings.warn(
C:\Users\yukik\fx-ai-trading\.venv\Lib\site-packages\sklearn\utils\validation.py:2691: UserWarning: X does not have valid feature names, but LGBMClassifier was fitted with feature names
  warnings.warn(
C:\Users\yukik\fx-ai-trading\.venv\Lib\site-packages\sklearn\utils\validation.py:2691: UserWarning: X does not have valid feature names, but LGBMClassifier was fitted with feature names
  warnings.warn(
C:\Users\yukik\fx-ai-trading\.venv\Lib\site-packages\sklearn\utils\validation.py:2691: UserWarning: X does not have valid feature names, but LGBMClassifier was fitted with feature names
  warnings.warn(
C:\Users\yukik\fx-ai-trading\.venv\Lib\site-packages\sklearn\utils\validation.py:2691: UserWarning: X does not have valid feature names, but LGBMClassifier was fitted with feature names
  warnings.warn(
C:\Users\yukik\fx-ai-trading\.venv\Lib\site-packages\sklearn\utils\validation.py:2691: UserWarning: X does not have valid feature names, but LGBMClassifier was fitted with feature names
  warnings.warn(
C:\Users\yukik\fx-ai-trading\.venv\Lib\site-packages\sklearn\utils\validation.py:2691: UserWarning: X does not have valid feature names, but LGBMClassifier was fitted with feature names
  warnings.warn(
C:\Users\yukik\fx-ai-trading\.venv\Lib\site-packages\sklearn\utils\validation.py:2691: UserWarning: X does not have valid feature names, but LGBMClassifier was fitted with feature names
  warnings.warn(
C:\Users\yukik\fx-ai-trading\.venv\Lib\site-packages\sklearn\utils\validation.py:2691: UserWarning: X does not have valid feature names, but LGBMClassifier was fitted with feature names
  warnings.warn(
C:\Users\yukik\fx-ai-trading\.venv\Lib\site-packages\sklearn\utils\validation.py:2691: UserWarning: X does not have valid feature names, but LGBMClassifier was fitted with feature names
  warnings.warn(
C:\Users\yukik\fx-ai-trading\.venv\Lib\site-packages\sklearn\utils\validation.py:2691: UserWarning: X does not have valid feature names, but LGBMClassifier was fitted with feature names
  warnings.warn(
C:\Users\yukik\fx-ai-trading\.venv\Lib\site-packages\sklearn\utils\validation.py:2691: UserWarning: X does not have valid feature names, but LGBMClassifier was fitted with feature names
  warnings.warn(
C:\Users\yukik\fx-ai-trading\.venv\Lib\site-packages\sklearn\utils\validation.py:2691: UserWarning: X does not have valid feature names, but LGBMClassifier was fitted with feature names
  warnings.warn(
C:\Users\yukik\fx-ai-trading\.venv\Lib\site-packages\sklearn\utils\validation.py:2691: UserWarning: X does not have valid feature names, but LGBMClassifier was fitted with feature names
  warnings.warn(
C:\Users\yukik\fx-ai-trading\.venv\Lib\site-packages\sklearn\utils\validation.py:2691: UserWarning: X does not have valid feature names, but LGBMClassifier was fitted with feature names
  warnings.warn(
C:\Users\yukik\fx-ai-trading\.venv\Lib\site-packages\sklearn\utils\validation.py:2691: UserWarning: X does not have valid feature names, but LGBMClassifier was fitted with feature names
  warnings.warn(
C:\Users\yukik\fx-ai-trading\.venv\Lib\site-packages\sklearn\utils\validation.py:2691: UserWarning: X does not have valid feature names, but LGBMClassifier was fitted with feature names
  warnings.warn(
C:\Users\yukik\fx-ai-trading\.venv\Lib\site-packages\sklearn\utils\validation.py:2691: UserWarning: X does not have valid feature names, but LGBMClassifier was fitted with feature names
  warnings.warn(
C:\Users\yukik\fx-ai-trading\.venv\Lib\site-packages\sklearn\utils\validation.py:2691: UserWarning: X does not have valid feature names, but LGBMClassifier was fitted with feature names
  warnings.warn(
C:\Users\yukik\fx-ai-trading\.venv\Lib\site-packages\sklearn\utils\validation.py:2691: UserWarning: X does not have valid feature names, but LGBMClassifier was fitted with feature names
  warnings.warn(
C:\Users\yukik\fx-ai-trading\.venv\Lib\site-packages\sklearn\utils\validation.py:2691: UserWarning: X does not have valid feature names, but LGBMClassifier was fitted with feature names
  warnings.warn(
C:\Users\yukik\fx-ai-trading\.venv\Lib\site-packages\sklearn\utils\validation.py:2691: UserWarning: X does not have valid feature names, but LGBMClassifier was fitted with feature names
  warnings.warn(
C:\Users\yukik\fx-ai-trading\.venv\Lib\site-packages\sklearn\utils\validation.py:2691: UserWarning: X does not have valid feature names, but LGBMClassifier was fitted with feature names
  warnings.warn(
  conf=0.35  Sharpe=-0.1724  hit= 37.3%  n= 2,589  PnL=   -4141.4  MaxDD= -4335.3  (60s)
C:\Users\yukik\fx-ai-trading\.venv\Lib\site-packages\sklearn\utils\validation.py:2691: UserWarning: X does not have valid feature names, but LGBMClassifier was fitted with feature names
  warnings.warn(
C:\Users\yukik\fx-ai-trading\.venv\Lib\site-packages\sklearn\utils\validation.py:2691: UserWarning: X does not have valid feature names, but LGBMClassifier was fitted with feature names
  warnings.warn(
C:\Users\yukik\fx-ai-trading\.venv\Lib\site-packages\sklearn\utils\validation.py:2691: UserWarning: X does not have valid feature names, but LGBMClassifier was fitted with feature names
  warnings.warn(
C:\Users\yukik\fx-ai-trading\.venv\Lib\site-packages\sklearn\utils\validation.py:2691: UserWarning: X does not have valid feature names, but LGBMClassifier was fitted with feature names
  warnings.warn(
C:\Users\yukik\fx-ai-trading\.venv\Lib\site-packages\sklearn\utils\validation.py:2691: UserWarning: X does not have valid feature names, but LGBMClassifier was fitted with feature names
  warnings.warn(
C:\Users\yukik\fx-ai-trading\.venv\Lib\site-packages\sklearn\utils\validation.py:2691: UserWarning: X does not have valid feature names, but LGBMClassifier was fitted with feature names
  warnings.warn(
C:\Users\yukik\fx-ai-trading\.venv\Lib\site-packages\sklearn\utils\validation.py:2691: UserWarning: X does not have valid feature names, but LGBMClassifier was fitted with feature names
  warnings.warn(
C:\Users\yukik\fx-ai-trading\.venv\Lib\site-packages\sklearn\utils\validation.py:2691: UserWarning: X does not have valid feature names, but LGBMClassifier was fitted with feature names
  warnings.warn(
C:\Users\yukik\fx-ai-trading\.venv\Lib\site-packages\sklearn\utils\validation.py:2691: UserWarning: X does not have valid feature names, but LGBMClassifier was fitted with feature names
  warnings.warn(
C:\Users\yukik\fx-ai-trading\.venv\Lib\site-packages\sklearn\utils\validation.py:2691: UserWarning: X does not have valid feature names, but LGBMClassifier was fitted with feature names
  warnings.warn(
C:\Users\yukik\fx-ai-trading\.venv\Lib\site-packages\sklearn\utils\validation.py:2691: UserWarning: X does not have valid feature names, but LGBMClassifier was fitted with feature names
  warnings.warn(
C:\Users\yukik\fx-ai-trading\.venv\Lib\site-packages\sklearn\utils\validation.py:2691: UserWarning: X does not have valid feature names, but LGBMClassifier was fitted with feature names
  warnings.warn(
C:\Users\yukik\fx-ai-trading\.venv\Lib\site-packages\sklearn\utils\validation.py:2691: UserWarning: X does not have valid feature names, but LGBMClassifier was fitted with feature names
  warnings.warn(
C:\Users\yukik\fx-ai-trading\.venv\Lib\site-packages\sklearn\utils\validation.py:2691: UserWarning: X does not have valid feature names, but LGBMClassifier was fitted with feature names
  warnings.warn(
C:\Users\yukik\fx-ai-trading\.venv\Lib\site-packages\sklearn\utils\validation.py:2691: UserWarning: X does not have valid feature names, but LGBMClassifier was fitted with feature names
  warnings.warn(
C:\Users\yukik\fx-ai-trading\.venv\Lib\site-packages\sklearn\utils\validation.py:2691: UserWarning: X does not have valid feature names, but LGBMClassifier was fitted with feature names
  warnings.warn(
C:\Users\yukik\fx-ai-trading\.venv\Lib\site-packages\sklearn\utils\validation.py:2691: UserWarning: X does not have valid feature names, but LGBMClassifier was fitted with feature names
  warnings.warn(
C:\Users\yukik\fx-ai-trading\.venv\Lib\site-packages\sklearn\utils\validation.py:2691: UserWarning: X does not have valid feature names, but LGBMClassifier was fitted with feature names
  warnings.warn(
C:\Users\yukik\fx-ai-trading\.venv\Lib\site-packages\sklearn\utils\validation.py:2691: UserWarning: X does not have valid feature names, but LGBMClassifier was fitted with feature names
  warnings.warn(
C:\Users\yukik\fx-ai-trading\.venv\Lib\site-packages\sklearn\utils\validation.py:2691: UserWarning: X does not have valid feature names, but LGBMClassifier was fitted with feature names
  warnings.warn(
C:\Users\yukik\fx-ai-trading\.venv\Lib\site-packages\sklearn\utils\validation.py:2691: UserWarning: X does not have valid feature names, but LGBMClassifier was fitted with feature names
  warnings.warn(
C:\Users\yukik\fx-ai-trading\.venv\Lib\site-packages\sklearn\utils\validation.py:2691: UserWarning: X does not have valid feature names, but LGBMClassifier was fitted with feature names
  warnings.warn(
C:\Users\yukik\fx-ai-trading\.venv\Lib\site-packages\sklearn\utils\validation.py:2691: UserWarning: X does not have valid feature names, but LGBMClassifier was fitted with feature names
  warnings.warn(
C:\Users\yukik\fx-ai-trading\.venv\Lib\site-packages\sklearn\utils\validation.py:2691: UserWarning: X does not have valid feature names, but LGBMClassifier was fitted with feature names
  warnings.warn(
C:\Users\yukik\fx-ai-trading\.venv\Lib\site-packages\sklearn\utils\validation.py:2691: UserWarning: X does not have valid feature names, but LGBMClassifier was fitted with feature names
  warnings.warn(
C:\Users\yukik\fx-ai-trading\.venv\Lib\site-packages\sklearn\utils\validation.py:2691: UserWarning: X does not have valid feature names, but LGBMClassifier was fitted with feature names
  warnings.warn(
C:\Users\yukik\fx-ai-trading\.venv\Lib\site-packages\sklearn\utils\validation.py:2691: UserWarning: X does not have valid feature names, but LGBMClassifier was fitted with feature names
  warnings.warn(
C:\Users\yukik\fx-ai-trading\.venv\Lib\site-packages\sklearn\utils\validation.py:2691: UserWarning: X does not have valid feature names, but LGBMClassifier was fitted with feature names
  warnings.warn(
C:\Users\yukik\fx-ai-trading\.venv\Lib\site-packages\sklearn\utils\validation.py:2691: UserWarning: X does not have valid feature names, but LGBMClassifier was fitted with feature names
  warnings.warn(
C:\Users\yukik\fx-ai-trading\.venv\Lib\site-packages\sklearn\utils\validation.py:2691: UserWarning: X does not have valid feature names, but LGBMClassifier was fitted with feature names
  warnings.warn(
C:\Users\yukik\fx-ai-trading\.venv\Lib\site-packages\sklearn\utils\validation.py:2691: UserWarning: X does not have valid feature names, but LGBMClassifier was fitted with feature names
  warnings.warn(
C:\Users\yukik\fx-ai-trading\.venv\Lib\site-packages\sklearn\utils\validation.py:2691: UserWarning: X does not have valid feature names, but LGBMClassifier was fitted with feature names
  warnings.warn(
C:\Users\yukik\fx-ai-trading\.venv\Lib\site-packages\sklearn\utils\validation.py:2691: UserWarning: X does not have valid feature names, but LGBMClassifier was fitted with feature names
  warnings.warn(
C:\Users\yukik\fx-ai-trading\.venv\Lib\site-packages\sklearn\utils\validation.py:2691: UserWarning: X does not have valid feature names, but LGBMClassifier was fitted with feature names
  warnings.warn(
C:\Users\yukik\fx-ai-trading\.venv\Lib\site-packages\sklearn\utils\validation.py:2691: UserWarning: X does not have valid feature names, but LGBMClassifier was fitted with feature names
  warnings.warn(
C:\Users\yukik\fx-ai-trading\.venv\Lib\site-packages\sklearn\utils\validation.py:2691: UserWarning: X does not have valid feature names, but LGBMClassifier was fitted with feature names
  warnings.warn(
C:\Users\yukik\fx-ai-trading\.venv\Lib\site-packages\sklearn\utils\validation.py:2691: UserWarning: X does not have valid feature names, but LGBMClassifier was fitted with feature names
  warnings.warn(
C:\Users\yukik\fx-ai-trading\.venv\Lib\site-packages\sklearn\utils\validation.py:2691: UserWarning: X does not have valid feature names, but LGBMClassifier was fitted with feature names
  warnings.warn(
C:\Users\yukik\fx-ai-trading\.venv\Lib\site-packages\sklearn\utils\validation.py:2691: UserWarning: X does not have valid feature names, but LGBMClassifier was fitted with feature names
  warnings.warn(
C:\Users\yukik\fx-ai-trading\.venv\Lib\site-packages\sklearn\utils\validation.py:2691: UserWarning: X does not have valid feature names, but LGBMClassifier was fitted with feature names
  warnings.warn(
C:\Users\yukik\fx-ai-trading\.venv\Lib\site-packages\sklearn\utils\validation.py:2691: UserWarning: X does not have valid feature names, but LGBMClassifier was fitted with feature names
  warnings.warn(
C:\Users\yukik\fx-ai-trading\.venv\Lib\site-packages\sklearn\utils\validation.py:2691: UserWarning: X does not have valid feature names, but LGBMClassifier was fitted with feature names
  warnings.warn(
C:\Users\yukik\fx-ai-trading\.venv\Lib\site-packages\sklearn\utils\validation.py:2691: UserWarning: X does not have valid feature names, but LGBMClassifier was fitted with feature names
  warnings.warn(
C:\Users\yukik\fx-ai-trading\.venv\Lib\site-packages\sklearn\utils\validation.py:2691: UserWarning: X does not have valid feature names, but LGBMClassifier was fitted with feature names
  warnings.warn(
C:\Users\yukik\fx-ai-trading\.venv\Lib\site-packages\sklearn\utils\validation.py:2691: UserWarning: X does not have valid feature names, but LGBMClassifier was fitted with feature names
  warnings.warn(
C:\Users\yukik\fx-ai-trading\.venv\Lib\site-packages\sklearn\utils\validation.py:2691: UserWarning: X does not have valid feature names, but LGBMClassifier was fitted with feature names
  warnings.warn(
C:\Users\yukik\fx-ai-trading\.venv\Lib\site-packages\sklearn\utils\validation.py:2691: UserWarning: X does not have valid feature names, but LGBMClassifier was fitted with feature names
  warnings.warn(
C:\Users\yukik\fx-ai-trading\.venv\Lib\site-packages\sklearn\utils\validation.py:2691: UserWarning: X does not have valid feature names, but LGBMClassifier was fitted with feature names
  warnings.warn(
C:\Users\yukik\fx-ai-trading\.venv\Lib\site-packages\sklearn\utils\validation.py:2691: UserWarning: X does not have valid feature names, but LGBMClassifier was fitted with feature names
  warnings.warn(
C:\Users\yukik\fx-ai-trading\.venv\Lib\site-packages\sklearn\utils\validation.py:2691: UserWarning: X does not have valid feature names, but LGBMClassifier was fitted with feature names
  warnings.warn(
C:\Users\yukik\fx-ai-trading\.venv\Lib\site-packages\sklearn\utils\validation.py:2691: UserWarning: X does not have valid feature names, but LGBMClassifier was fitted with feature names
  warnings.warn(
C:\Users\yukik\fx-ai-trading\.venv\Lib\site-packages\sklearn\utils\validation.py:2691: UserWarning: X does not have valid feature names, but LGBMClassifier was fitted with feature names
  warnings.warn(
C:\Users\yukik\fx-ai-trading\.venv\Lib\site-packages\sklearn\utils\validation.py:2691: UserWarning: X does not have valid feature names, but LGBMClassifier was fitted with feature names
  warnings.warn(
C:\Users\yukik\fx-ai-trading\.venv\Lib\site-packages\sklearn\utils\validation.py:2691: UserWarning: X does not have valid feature names, but LGBMClassifier was fitted with feature names
  warnings.warn(
C:\Users\yukik\fx-ai-trading\.venv\Lib\site-packages\sklearn\utils\validation.py:2691: UserWarning: X does not have valid feature names, but LGBMClassifier was fitted with feature names
  warnings.warn(
C:\Users\yukik\fx-ai-trading\.venv\Lib\site-packages\sklearn\utils\validation.py:2691: UserWarning: X does not have valid feature names, but LGBMClassifier was fitted with feature names
  warnings.warn(
C:\Users\yukik\fx-ai-trading\.venv\Lib\site-packages\sklearn\utils\validation.py:2691: UserWarning: X does not have valid feature names, but LGBMClassifier was fitted with feature names
  warnings.warn(
C:\Users\yukik\fx-ai-trading\.venv\Lib\site-packages\sklearn\utils\validation.py:2691: UserWarning: X does not have valid feature names, but LGBMClassifier was fitted with feature names
  warnings.warn(
C:\Users\yukik\fx-ai-trading\.venv\Lib\site-packages\sklearn\utils\validation.py:2691: UserWarning: X does not have valid feature names, but LGBMClassifier was fitted with feature names
  warnings.warn(
C:\Users\yukik\fx-ai-trading\.venv\Lib\site-packages\sklearn\utils\validation.py:2691: UserWarning: X does not have valid feature names, but LGBMClassifier was fitted with feature names
  warnings.warn(
C:\Users\yukik\fx-ai-trading\.venv\Lib\site-packages\sklearn\utils\validation.py:2691: UserWarning: X does not have valid feature names, but LGBMClassifier was fitted with feature names
  warnings.warn(
C:\Users\yukik\fx-ai-trading\.venv\Lib\site-packages\sklearn\utils\validation.py:2691: UserWarning: X does not have valid feature names, but LGBMClassifier was fitted with feature names
  warnings.warn(
C:\Users\yukik\fx-ai-trading\.venv\Lib\site-packages\sklearn\utils\validation.py:2691: UserWarning: X does not have valid feature names, but LGBMClassifier was fitted with feature names
  warnings.warn(
C:\Users\yukik\fx-ai-trading\.venv\Lib\site-packages\sklearn\utils\validation.py:2691: UserWarning: X does not have valid feature names, but LGBMClassifier was fitted with feature names
  warnings.warn(
C:\Users\yukik\fx-ai-trading\.venv\Lib\site-packages\sklearn\utils\validation.py:2691: UserWarning: X does not have valid feature names, but LGBMClassifier was fitted with feature names
  warnings.warn(
C:\Users\yukik\fx-ai-trading\.venv\Lib\site-packages\sklearn\utils\validation.py:2691: UserWarning: X does not have valid feature names, but LGBMClassifier was fitted with feature names
  warnings.warn(
C:\Users\yukik\fx-ai-trading\.venv\Lib\site-packages\sklearn\utils\validation.py:2691: UserWarning: X does not have valid feature names, but LGBMClassifier was fitted with feature names
  warnings.warn(
C:\Users\yukik\fx-ai-trading\.venv\Lib\site-packages\sklearn\utils\validation.py:2691: UserWarning: X does not have valid feature names, but LGBMClassifier was fitted with feature names
  warnings.warn(
C:\Users\yukik\fx-ai-trading\.venv\Lib\site-packages\sklearn\utils\validation.py:2691: UserWarning: X does not have valid feature names, but LGBMClassifier was fitted with feature names
  warnings.warn(
C:\Users\yukik\fx-ai-trading\.venv\Lib\site-packages\sklearn\utils\validation.py:2691: UserWarning: X does not have valid feature names, but LGBMClassifier was fitted with feature names
  warnings.warn(
C:\Users\yukik\fx-ai-trading\.venv\Lib\site-packages\sklearn\utils\validation.py:2691: UserWarning: X does not have valid feature names, but LGBMClassifier was fitted with feature names
  warnings.warn(
C:\Users\yukik\fx-ai-trading\.venv\Lib\site-packages\sklearn\utils\validation.py:2691: UserWarning: X does not have valid feature names, but LGBMClassifier was fitted with feature names
  warnings.warn(
C:\Users\yukik\fx-ai-trading\.venv\Lib\site-packages\sklearn\utils\validation.py:2691: UserWarning: X does not have valid feature names, but LGBMClassifier was fitted with feature names
  warnings.warn(
C:\Users\yukik\fx-ai-trading\.venv\Lib\site-packages\sklearn\utils\validation.py:2691: UserWarning: X does not have valid feature names, but LGBMClassifier was fitted with feature names
  warnings.warn(
C:\Users\yukik\fx-ai-trading\.venv\Lib\site-packages\sklearn\utils\validation.py:2691: UserWarning: X does not have valid feature names, but LGBMClassifier was fitted with feature names
  warnings.warn(
C:\Users\yukik\fx-ai-trading\.venv\Lib\site-packages\sklearn\utils\validation.py:2691: UserWarning: X does not have valid feature names, but LGBMClassifier was fitted with feature names
  warnings.warn(
C:\Users\yukik\fx-ai-trading\.venv\Lib\site-packages\sklearn\utils\validation.py:2691: UserWarning: X does not have valid feature names, but LGBMClassifier was fitted with feature names
  warnings.warn(
C:\Users\yukik\fx-ai-trading\.venv\Lib\site-packages\sklearn\utils\validation.py:2691: UserWarning: X does not have valid feature names, but LGBMClassifier was fitted with feature names
  warnings.warn(
C:\Users\yukik\fx-ai-trading\.venv\Lib\site-packages\sklearn\utils\validation.py:2691: UserWarning: X does not have valid feature names, but LGBMClassifier was fitted with feature names
  warnings.warn(
C:\Users\yukik\fx-ai-trading\.venv\Lib\site-packages\sklearn\utils\validation.py:2691: UserWarning: X does not have valid feature names, but LGBMClassifier was fitted with feature names
  warnings.warn(
C:\Users\yukik\fx-ai-trading\.venv\Lib\site-packages\sklearn\utils\validation.py:2691: UserWarning: X does not have valid feature names, but LGBMClassifier was fitted with feature names
  warnings.warn(
C:\Users\yukik\fx-ai-trading\.venv\Lib\site-packages\sklearn\utils\validation.py:2691: UserWarning: X does not have valid feature names, but LGBMClassifier was fitted with feature names
  warnings.warn(
C:\Users\yukik\fx-ai-trading\.venv\Lib\site-packages\sklearn\utils\validation.py:2691: UserWarning: X does not have valid feature names, but LGBMClassifier was fitted with feature names
  warnings.warn(
C:\Users\yukik\fx-ai-trading\.venv\Lib\site-packages\sklearn\utils\validation.py:2691: UserWarning: X does not have valid feature names, but LGBMClassifier was fitted with feature names
  warnings.warn(
C:\Users\yukik\fx-ai-trading\.venv\Lib\site-packages\sklearn\utils\validation.py:2691: UserWarning: X does not have valid feature names, but LGBMClassifier was fitted with feature names
  warnings.warn(
C:\Users\yukik\fx-ai-trading\.venv\Lib\site-packages\sklearn\utils\validation.py:2691: UserWarning: X does not have valid feature names, but LGBMClassifier was fitted with feature names
  warnings.warn(
C:\Users\yukik\fx-ai-trading\.venv\Lib\site-packages\sklearn\utils\validation.py:2691: UserWarning: X does not have valid feature names, but LGBMClassifier was fitted with feature names
  warnings.warn(
C:\Users\yukik\fx-ai-trading\.venv\Lib\site-packages\sklearn\utils\validation.py:2691: UserWarning: X does not have valid feature names, but LGBMClassifier was fitted with feature names
  warnings.warn(
C:\Users\yukik\fx-ai-trading\.venv\Lib\site-packages\sklearn\utils\validation.py:2691: UserWarning: X does not have valid feature names, but LGBMClassifier was fitted with feature names
  warnings.warn(
C:\Users\yukik\fx-ai-trading\.venv\Lib\site-packages\sklearn\utils\validation.py:2691: UserWarning: X does not have valid feature names, but LGBMClassifier was fitted with feature names
  warnings.warn(
C:\Users\yukik\fx-ai-trading\.venv\Lib\site-packages\sklearn\utils\validation.py:2691: UserWarning: X does not have valid feature names, but LGBMClassifier was fitted with feature names
  warnings.warn(
C:\Users\yukik\fx-ai-trading\.venv\Lib\site-packages\sklearn\utils\validation.py:2691: UserWarning: X does not have valid feature names, but LGBMClassifier was fitted with feature names
  warnings.warn(
C:\Users\yukik\fx-ai-trading\.venv\Lib\site-packages\sklearn\utils\validation.py:2691: UserWarning: X does not have valid feature names, but LGBMClassifier was fitted with feature names
  warnings.warn(
C:\Users\yukik\fx-ai-trading\.venv\Lib\site-packages\sklearn\utils\validation.py:2691: UserWarning: X does not have valid feature names, but LGBMClassifier was fitted with feature names
  warnings.warn(
C:\Users\yukik\fx-ai-trading\.venv\Lib\site-packages\sklearn\utils\validation.py:2691: UserWarning: X does not have valid feature names, but LGBMClassifier was fitted with feature names
  warnings.warn(
C:\Users\yukik\fx-ai-trading\.venv\Lib\site-packages\sklearn\utils\validation.py:2691: UserWarning: X does not have valid feature names, but LGBMClassifier was fitted with feature names
  warnings.warn(
C:\Users\yukik\fx-ai-trading\.venv\Lib\site-packages\sklearn\utils\validation.py:2691: UserWarning: X does not have valid feature names, but LGBMClassifier was fitted with feature names
  warnings.warn(
C:\Users\yukik\fx-ai-trading\.venv\Lib\site-packages\sklearn\utils\validation.py:2691: UserWarning: X does not have valid feature names, but LGBMClassifier was fitted with feature names
  warnings.warn(
C:\Users\yukik\fx-ai-trading\.venv\Lib\site-packages\sklearn\utils\validation.py:2691: UserWarning: X does not have valid feature names, but LGBMClassifier was fitted with feature names
  warnings.warn(
C:\Users\yukik\fx-ai-trading\.venv\Lib\site-packages\sklearn\utils\validation.py:2691: UserWarning: X does not have valid feature names, but LGBMClassifier was fitted with feature names
  warnings.warn(
  conf=0.40  Sharpe=-0.1262  hit= 39.2%  n= 1,432  PnL=   -1712.8  MaxDD= -1756.2  (59s)

========================================================================================
SWEEP RESULTS (Sharpe descending)
========================================================================================
    tp   sl  conf    Sharpe    Hit%        N    PnL(pip)       MaxDD
  ------------------------------------------------------------------------------
   1.5  1.0  0.40   +0.0380    40.7%      113       +59.3      -185.5
   2.0  1.0  0.35   -0.0612    31.7%       60       -50.2      -166.1
   1.5  1.0  0.35   -0.0769    33.0%      403      -357.1      -514.7
   1.5  1.5  0.40   -0.1262    39.2%    1,432     -1712.8     -1756.2
   1.0  1.0  0.40   -0.1387    39.5%      808      -977.1     -1077.3
   1.5  1.5  0.35   -0.1724    37.3%    2,589     -4141.4     -4335.3
   1.5  1.5  0.25   -0.1724    37.1%    2,699     -4440.8     -4640.5
   1.5  1.5  0.30   -0.1742    37.0%    2,694     -4480.8     -4675.9
   1.0  1.0  0.35   -0.1772    39.0%    1,154     -1721.1     -1724.3
   1.5  1.0  0.30   -0.1813    29.0%    1,604     -2499.6     -2618.7
   1.0  1.0  0.25   -0.1824    38.8%    1,160     -1799.4     -1802.6
   2.0  1.0  0.25   -0.1849    21.4%    1,153     -2072.6     -2220.6
   1.0  1.0  0.30   -0.1857    38.7%    1,159     -1824.0     -1827.3
   2.0  1.0  0.30   -0.1975    24.8%      234      -548.5      -627.1
   1.5  1.0  0.25   -0.2315    27.0%    3,938     -6595.1     -6719.6
   2.0  1.0  0.40   -0.4420    12.5%       16       -97.7       -89.3

Sharpe matrix (rows=tp/sl, cols=conf_thr):
       tp/sl     0.25     0.30     0.35     0.40
   1.0/ 1.0  -0.1824  -0.1857  -0.1772  -0.1387
   1.5/ 1.0  -0.2315  -0.1813  -0.0769  +0.0380
   2.0/ 1.0  -0.1849  -0.1975  -0.0612  -0.4420
   1.5/ 1.5  -0.1724  -0.1742  -0.1724  -0.1262
